image_id,sample_obj,dist_obj,token_sample_id,token_dist_id,human_n,human_p_sample
015c5f3daa102400ffbd38b5e801d631146baff7,dromedary,Hanger_02,d47c3fb53513386e01d13c19f771ca5eb0f7da90,2ef7b8f76464ac15cea9c2eaf23bfb992cfa8a20,8,1.0
015c5f3daa102400ffbd38b5e801d631146baff7,dromedary,MB27346,d47c3fb53513386e01d13c19f771ca5eb0f7da90,f3b1fb66463bf84b593dad9fd1028aa8db6f3720,7,1.0
015c5f3daa102400ffbd38b5e801d631146baff7,dromedary,MB28699,d47c3fb53513386e01d13c19f771ca5eb0f7da90,ee36e4d66958199793add93da479822f4d1164e6,9,1.0
015c5f3daa102400ffbd38b5e801d631146baff7,dromedary,MB30203,d47c3fb53513386e01d13c19f771ca5eb0f7da90,e6e0c7209f8a7908c49f803651f7382e3a2e75c5,12,1.0
015c5f3daa102400ffbd38b5e801d631146baff7,dromedary,MB30758,d47c3fb53513386e01d13c19f771ca5eb0f7da90,61c2291042151124f703bb567c32ab30fda22360,8,0.625
015c5f3daa102400ffbd38b5e801d631146baff7,dromedary,antique_furniture_item_18,d47c3fb53513386e01d13c19f771ca5eb0f7da90,bad9c53885fbc5be5a358b2ae742704b9f280dfa,8,1.0
015c5f3daa102400ffbd38b5e801d631146baff7,dromedary,build51,d47c3fb53513386e01d13c19f771ca5eb0f7da90,c6a67bcc6433546d8ede05ca6b05e089509d27ed,6,1.0
015c5f3daa102400ffbd38b5e801d631146baff7,dromedary,calc01,d47c3fb53513386e01d13c19f771ca5eb0f7da90,1858def1a1ecf0e1de87fdbb649b8586cd9210fb,8,1.0
015c5f3daa102400ffbd38b5e801d631146baff7,dromedary,flarenut_spanner,d47c3fb53513386e01d13c19f771ca5eb0f7da90,3b87ec5ffc07c08a35116928a8b6ffb64390e0a4,18,0.6666666666666666
015c5f3daa102400ffbd38b5e801d631146baff7,dromedary,interior_details_130_2,d47c3fb53513386e01d13c19f771ca5eb0f7da90,f730e2fab41495e73bf0e665266a51a692d1ca54,14,0.8571428571428571
015c5f3daa102400ffbd38b5e801d631146baff7,dromedary,kitchen_equipment_knife2,d47c3fb53513386e01d13c19f771ca5eb0f7da90,4c406e5b2db8e63397199570ff59e65caeca5775,6,1.0
015c5f3daa102400ffbd38b5e801d631146baff7,dromedary,lo_poly_animal_BEAR_BLK,d47c3fb53513386e01d13c19f771ca5eb0f7da90,3c6c194cc864f2a655446efa548eef153a393618,9,1.0
015c5f3daa102400ffbd38b5e801d631146baff7,dromedary,lo_poly_animal_CHICKDEE,d47c3fb53513386e01d13c19f771ca5eb0f7da90,b95b95002cc603d8b4aec4836d1edc6b1f129efb,4,1.0
015c5f3daa102400ffbd38b5e801d631146baff7,dromedary,lo_poly_animal_ELE_AS1,d47c3fb53513386e01d13c19f771ca5eb0f7da90,41313a938cb781cbd60a6870530e116a9d98e48c,13,0.6923076923076923
015c5f3daa102400ffbd38b5e801d631146baff7,dromedary,lo_poly_animal_RHINO_2,d47c3fb53513386e01d13c19f771ca5eb0f7da90,b87e834ba5e263774477edc6fc956070795ab1b6,7,1.0
015c5f3daa102400ffbd38b5e801d631146baff7,dromedary,lo_poly_animal_TRANTULA,d47c3fb53513386e01d13c19f771ca5eb0f7da90,8f14ff8cf138e89d90211a7811968af08d4d7098,9,0.8888888888888888
015c5f3daa102400ffbd38b5e801d631146baff7,dromedary,weimaraner,d47c3fb53513386e01d13c19f771ca5eb0f7da90,4f263a161cdd009ff7f9aa88ed9be2b852772142,10,0.6
015c5f3daa102400ffbd38b5e801d631146baff7,dromedary,womens_shorts_01M,d47c3fb53513386e01d13c19f771ca5eb0f7da90,66c09717173c555eced9e7a167f405b7d08ab18f,10,0.7
015c5f3daa102400ffbd38b5e801d631146baff7,dromedary,zebra,d47c3fb53513386e01d13c19f771ca5eb0f7da90,21afbd503b5d4f9c399c4a66baef6bd6e894715f,9,0.5555555555555556
01a34e9d8aa8ae7ea73d54175aba0e936b14b89d,antique_furniture_item_18,22_acoustic_guitar,bad9c53885fbc5be5a358b2ae742704b9f280dfa,b17c9b116f73af5e54e294b1362187bb666a1737,9,0.7777777777777778
01a34e9d8aa8ae7ea73d54175aba0e936b14b89d,antique_furniture_item_18,Hanger_02,bad9c53885fbc5be5a358b2ae742704b9f280dfa,2ef7b8f76464ac15cea9c2eaf23bfb992cfa8a20,18,1.0
01a34e9d8aa8ae7ea73d54175aba0e936b14b89d,antique_furniture_item_18,MB27346,bad9c53885fbc5be5a358b2ae742704b9f280dfa,f3b1fb66463bf84b593dad9fd1028aa8db6f3720,12,0.9166666666666666
01a34e9d8aa8ae7ea73d54175aba0e936b14b89d,antique_furniture_item_18,MB28699,bad9c53885fbc5be5a358b2ae742704b9f280dfa,ee36e4d66958199793add93da479822f4d1164e6,17,0.9411764705882353
01a34e9d8aa8ae7ea73d54175aba0e936b14b89d,antique_furniture_item_18,MB29874,bad9c53885fbc5be5a358b2ae742704b9f280dfa,7cc042e01ac7e57de362ae777017d3e1b727c9f0,17,1.0
01a34e9d8aa8ae7ea73d54175aba0e936b14b89d,antique_furniture_item_18,MB30203,bad9c53885fbc5be5a358b2ae742704b9f280dfa,e6e0c7209f8a7908c49f803651f7382e3a2e75c5,14,1.0
01a34e9d8aa8ae7ea73d54175aba0e936b14b89d,antique_furniture_item_18,MB30758,bad9c53885fbc5be5a358b2ae742704b9f280dfa,61c2291042151124f703bb567c32ab30fda22360,7,1.0
01a34e9d8aa8ae7ea73d54175aba0e936b14b89d,antique_furniture_item_18,build51,bad9c53885fbc5be5a358b2ae742704b9f280dfa,c6a67bcc6433546d8ede05ca6b05e089509d27ed,7,1.0
01a34e9d8aa8ae7ea73d54175aba0e936b14b89d,antique_furniture_item_18,calc01,bad9c53885fbc5be5a358b2ae742704b9f280dfa,1858def1a1ecf0e1de87fdbb649b8586cd9210fb,4,1.0
01a34e9d8aa8ae7ea73d54175aba0e936b14b89d,antique_furniture_item_18,dromedary,bad9c53885fbc5be5a358b2ae742704b9f280dfa,d47c3fb53513386e01d13c19f771ca5eb0f7da90,12,1.0
01a34e9d8aa8ae7ea73d54175aba0e936b14b89d,antique_furniture_item_18,flarenut_spanner,bad9c53885fbc5be5a358b2ae742704b9f280dfa,3b87ec5ffc07c08a35116928a8b6ffb64390e0a4,9,1.0
01a34e9d8aa8ae7ea73d54175aba0e936b14b89d,antique_furniture_item_18,interior_details_103_4,bad9c53885fbc5be5a358b2ae742704b9f280dfa,6c726f0ba025cab6490df5c05a6c436be87205ad,10,1.0
01a34e9d8aa8ae7ea73d54175aba0e936b14b89d,antique_furniture_item_18,interior_details_130_2,bad9c53885fbc5be5a358b2ae742704b9f280dfa,f730e2fab41495e73bf0e665266a51a692d1ca54,7,1.0
01a34e9d8aa8ae7ea73d54175aba0e936b14b89d,antique_furniture_item_18,kitchen_equipment_knife2,bad9c53885fbc5be5a358b2ae742704b9f280dfa,4c406e5b2db8e63397199570ff59e65caeca5775,10,1.0
01a34e9d8aa8ae7ea73d54175aba0e936b14b89d,antique_furniture_item_18,lo_poly_animal_BEAR_BLK,bad9c53885fbc5be5a358b2ae742704b9f280dfa,3c6c194cc864f2a655446efa548eef153a393618,4,1.0
01a34e9d8aa8ae7ea73d54175aba0e936b14b89d,antique_furniture_item_18,lo_poly_animal_CHICKDEE,bad9c53885fbc5be5a358b2ae742704b9f280dfa,b95b95002cc603d8b4aec4836d1edc6b1f129efb,5,1.0
01a34e9d8aa8ae7ea73d54175aba0e936b14b89d,antique_furniture_item_18,lo_poly_animal_ELE_AS1,bad9c53885fbc5be5a358b2ae742704b9f280dfa,41313a938cb781cbd60a6870530e116a9d98e48c,17,1.0
01a34e9d8aa8ae7ea73d54175aba0e936b14b89d,antique_furniture_item_18,lo_poly_animal_RHINO_2,bad9c53885fbc5be5a358b2ae742704b9f280dfa,b87e834ba5e263774477edc6fc956070795ab1b6,6,1.0
01a34e9d8aa8ae7ea73d54175aba0e936b14b89d,antique_furniture_item_18,lo_poly_animal_TRANTULA,bad9c53885fbc5be5a358b2ae742704b9f280dfa,8f14ff8cf138e89d90211a7811968af08d4d7098,14,1.0
01a34e9d8aa8ae7ea73d54175aba0e936b14b89d,antique_furniture_item_18,weimaraner,bad9c53885fbc5be5a358b2ae742704b9f280dfa,4f263a161cdd009ff7f9aa88ed9be2b852772142,7,0.8571428571428571
01a34e9d8aa8ae7ea73d54175aba0e936b14b89d,antique_furniture_item_18,womens_shorts_01M,bad9c53885fbc5be5a358b2ae742704b9f280dfa,66c09717173c555eced9e7a167f405b7d08ab18f,9,1.0
01a34e9d8aa8ae7ea73d54175aba0e936b14b89d,antique_furniture_item_18,womens_stockings_01M,bad9c53885fbc5be5a358b2ae742704b9f280dfa,7ed95b3ba88443ed63f25ffe0b5fb52d78dab676,10,1.0
01a34e9d8aa8ae7ea73d54175aba0e936b14b89d,antique_furniture_item_18,zebra,bad9c53885fbc5be5a358b2ae742704b9f280dfa,21afbd503b5d4f9c399c4a66baef6bd6e894715f,6,1.0
01f0077ed55a5be0d544730041ee4fa8f6d96370,MB30758,22_acoustic_guitar,61c2291042151124f703bb567c32ab30fda22360,b17c9b116f73af5e54e294b1362187bb666a1737,12,0.5
01f0077ed55a5be0d544730041ee4fa8f6d96370,MB30758,MB27346,61c2291042151124f703bb567c32ab30fda22360,f3b1fb66463bf84b593dad9fd1028aa8db6f3720,6,0.3333333333333333
01f0077ed55a5be0d544730041ee4fa8f6d96370,MB30758,MB28699,61c2291042151124f703bb567c32ab30fda22360,ee36e4d66958199793add93da479822f4d1164e6,8,0.625
01f0077ed55a5be0d544730041ee4fa8f6d96370,MB30758,MB29874,61c2291042151124f703bb567c32ab30fda22360,7cc042e01ac7e57de362ae777017d3e1b727c9f0,7,0.7142857142857143
01f0077ed55a5be0d544730041ee4fa8f6d96370,MB30758,antique_furniture_item_18,61c2291042151124f703bb567c32ab30fda22360,bad9c53885fbc5be5a358b2ae742704b9f280dfa,6,1.0
01f0077ed55a5be0d544730041ee4fa8f6d96370,MB30758,build51,61c2291042151124f703bb567c32ab30fda22360,c6a67bcc6433546d8ede05ca6b05e089509d27ed,5,0.8
01f0077ed55a5be0d544730041ee4fa8f6d96370,MB30758,calc01,61c2291042151124f703bb567c32ab30fda22360,1858def1a1ecf0e1de87fdbb649b8586cd9210fb,5,1.0
01f0077ed55a5be0d544730041ee4fa8f6d96370,MB30758,dromedary,61c2291042151124f703bb567c32ab30fda22360,d47c3fb53513386e01d13c19f771ca5eb0f7da90,11,0.8181818181818182
01f0077ed55a5be0d544730041ee4fa8f6d96370,MB30758,flarenut_spanner,61c2291042151124f703bb567c32ab30fda22360,3b87ec5ffc07c08a35116928a8b6ffb64390e0a4,11,0.6363636363636364
01f0077ed55a5be0d544730041ee4fa8f6d96370,MB30758,interior_details_130_2,61c2291042151124f703bb567c32ab30fda22360,f730e2fab41495e73bf0e665266a51a692d1ca54,7,0.5714285714285714
01f0077ed55a5be0d544730041ee4fa8f6d96370,MB30758,kitchen_equipment_knife2,61c2291042151124f703bb567c32ab30fda22360,4c406e5b2db8e63397199570ff59e65caeca5775,15,0.6666666666666666
01f0077ed55a5be0d544730041ee4fa8f6d96370,MB30758,lo_poly_animal_CHICKDEE,61c2291042151124f703bb567c32ab30fda22360,b95b95002cc603d8b4aec4836d1edc6b1f129efb,6,0.6666666666666666
01f0077ed55a5be0d544730041ee4fa8f6d96370,MB30758,lo_poly_animal_ELE_AS1,61c2291042151124f703bb567c32ab30fda22360,41313a938cb781cbd60a6870530e116a9d98e48c,19,0.5263157894736842
01f0077ed55a5be0d544730041ee4fa8f6d96370,MB30758,lo_poly_animal_RHINO_2,61c2291042151124f703bb567c32ab30fda22360,b87e834ba5e263774477edc6fc956070795ab1b6,5,0.8
01f0077ed55a5be0d544730041ee4fa8f6d96370,MB30758,lo_poly_animal_TRANTULA,61c2291042151124f703bb567c32ab30fda22360,8f14ff8cf138e89d90211a7811968af08d4d7098,12,0.25
01f0077ed55a5be0d544730041ee4fa8f6d96370,MB30758,weimaraner,61c2291042151124f703bb567c32ab30fda22360,4f263a161cdd009ff7f9aa88ed9be2b852772142,10,0.4
01f0077ed55a5be0d544730041ee4fa8f6d96370,MB30758,womens_shorts_01M,61c2291042151124f703bb567c32ab30fda22360,66c09717173c555eced9e7a167f405b7d08ab18f,5,0.6
01f0077ed55a5be0d544730041ee4fa8f6d96370,MB30758,womens_stockings_01M,61c2291042151124f703bb567c32ab30fda22360,7ed95b3ba88443ed63f25ffe0b5fb52d78dab676,14,0.6428571428571429
01f0077ed55a5be0d544730041ee4fa8f6d96370,MB30758,zebra,61c2291042151124f703bb567c32ab30fda22360,21afbd503b5d4f9c399c4a66baef6bd6e894715f,4,0.5
02c1fa4c2ff6ab69f46a1ced412b531c64e308c5,MB30203,22_acoustic_guitar,e6e0c7209f8a7908c49f803651f7382e3a2e75c5,b17c9b116f73af5e54e294b1362187bb666a1737,6,1.0
02c1fa4c2ff6ab69f46a1ced412b531c64e308c5,MB30203,Hanger_02,e6e0c7209f8a7908c49f803651f7382e3a2e75c5,2ef7b8f76464ac15cea9c2eaf23bfb992cfa8a20,10,1.0
02c1fa4c2ff6ab69f46a1ced412b531c64e308c5,MB30203,MB27346,e6e0c7209f8a7908c49f803651f7382e3a2e75c5,f3b1fb66463bf84b593dad9fd1028aa8db6f3720,15,1.0
02c1fa4c2ff6ab69f46a1ced412b531c64e308c5,MB30203,MB28699,e6e0c7209f8a7908c49f803651f7382e3a2e75c5,ee36e4d66958199793add93da479822f4d1164e6,8,1.0
02c1fa4c2ff6ab69f46a1ced412b531c64e308c5,MB30203,MB29874,e6e0c7209f8a7908c49f803651f7382e3a2e75c5,7cc042e01ac7e57de362ae777017d3e1b727c9f0,10,1.0
02c1fa4c2ff6ab69f46a1ced412b531c64e308c5,MB30203,MB30758,e6e0c7209f8a7908c49f803651f7382e3a2e75c5,61c2291042151124f703bb567c32ab30fda22360,12,1.0
02c1fa4c2ff6ab69f46a1ced412b531c64e308c5,MB30203,antique_furniture_item_18,e6e0c7209f8a7908c49f803651f7382e3a2e75c5,bad9c53885fbc5be5a358b2ae742704b9f280dfa,5,1.0
02c1fa4c2ff6ab69f46a1ced412b531c64e308c5,MB30203,build51,e6e0c7209f8a7908c49f803651f7382e3a2e75c5,c6a67bcc6433546d8ede05ca6b05e089509d27ed,13,1.0
02c1fa4c2ff6ab69f46a1ced412b531c64e308c5,MB30203,calc01,e6e0c7209f8a7908c49f803651f7382e3a2e75c5,1858def1a1ecf0e1de87fdbb649b8586cd9210fb,8,1.0
02c1fa4c2ff6ab69f46a1ced412b531c64e308c5,MB30203,dromedary,e6e0c7209f8a7908c49f803651f7382e3a2e75c5,d47c3fb53513386e01d13c19f771ca5eb0f7da90,12,1.0
02c1fa4c2ff6ab69f46a1ced412b531c64e308c5,MB30203,flarenut_spanner,e6e0c7209f8a7908c49f803651f7382e3a2e75c5,3b87ec5ffc07c08a35116928a8b6ffb64390e0a4,11,1.0
02c1fa4c2ff6ab69f46a1ced412b531c64e308c5,MB30203,interior_details_130_2,e6e0c7209f8a7908c49f803651f7382e3a2e75c5,f730e2fab41495e73bf0e665266a51a692d1ca54,7,0.8571428571428571
02c1fa4c2ff6ab69f46a1ced412b531c64e308c5,MB30203,kitchen_equipment_knife2,e6e0c7209f8a7908c49f803651f7382e3a2e75c5,4c406e5b2db8e63397199570ff59e65caeca5775,13,1.0
02c1fa4c2ff6ab69f46a1ced412b531c64e308c5,MB30203,lo_poly_animal_BEAR_BLK,e6e0c7209f8a7908c49f803651f7382e3a2e75c5,3c6c194cc864f2a655446efa548eef153a393618,5,1.0
02c1fa4c2ff6ab69f46a1ced412b531c64e308c5,MB30203,lo_poly_animal_ELE_AS1,e6e0c7209f8a7908c49f803651f7382e3a2e75c5,41313a938cb781cbd60a6870530e116a9d98e48c,6,1.0
02c1fa4c2ff6ab69f46a1ced412b531c64e308c5,MB30203,lo_poly_animal_RHINO_2,e6e0c7209f8a7908c49f803651f7382e3a2e75c5,b87e834ba5e263774477edc6fc956070795ab1b6,9,1.0
02c1fa4c2ff6ab69f46a1ced412b531c64e308c5,MB30203,lo_poly_animal_TRANTULA,e6e0c7209f8a7908c49f803651f7382e3a2e75c5,8f14ff8cf138e89d90211a7811968af08d4d7098,15,1.0
02c1fa4c2ff6ab69f46a1ced412b531c64e308c5,MB30203,weimaraner,e6e0c7209f8a7908c49f803651f7382e3a2e75c5,4f263a161cdd009ff7f9aa88ed9be2b852772142,9,1.0
02c1fa4c2ff6ab69f46a1ced412b531c64e308c5,MB30203,womens_shorts_01M,e6e0c7209f8a7908c49f803651f7382e3a2e75c5,66c09717173c555eced9e7a167f405b7d08ab18f,18,1.0
02c1fa4c2ff6ab69f46a1ced412b531c64e308c5,MB30203,womens_stockings_01M,e6e0c7209f8a7908c49f803651f7382e3a2e75c5,7ed95b3ba88443ed63f25ffe0b5fb52d78dab676,9,1.0
04e9b5e254e6b6d5eb0c16c038d7a6e1933519f9,Hanger_02,22_acoustic_guitar,2ef7b8f76464ac15cea9c2eaf23bfb992cfa8a20,b17c9b116f73af5e54e294b1362187bb666a1737,20,1.0
04e9b5e254e6b6d5eb0c16c038d7a6e1933519f9,Hanger_02,MB27346,2ef7b8f76464ac15cea9c2eaf23bfb992cfa8a20,f3b1fb66463bf84b593dad9fd1028aa8db6f3720,8,1.0
04e9b5e254e6b6d5eb0c16c038d7a6e1933519f9,Hanger_02,MB28699,2ef7b8f76464ac15cea9c2eaf23bfb992cfa8a20,ee36e4d66958199793add93da479822f4d1164e6,10,1.0
04e9b5e254e6b6d5eb0c16c038d7a6e1933519f9,Hanger_02,MB29874,2ef7b8f76464ac15cea9c2eaf23bfb992cfa8a20,7cc042e01ac7e57de362ae777017d3e1b727c9f0,7,1.0
04e9b5e254e6b6d5eb0c16c038d7a6e1933519f9,Hanger_02,MB30203,2ef7b8f76464ac15cea9c2eaf23bfb992cfa8a20,e6e0c7209f8a7908c49f803651f7382e3a2e75c5,12,1.0
04e9b5e254e6b6d5eb0c16c038d7a6e1933519f9,Hanger_02,MB30758,2ef7b8f76464ac15cea9c2eaf23bfb992cfa8a20,61c2291042151124f703bb567c32ab30fda22360,18,1.0
04e9b5e254e6b6d5eb0c16c038d7a6e1933519f9,Hanger_02,antique_furniture_item_18,2ef7b8f76464ac15cea9c2eaf23bfb992cfa8a20,bad9c53885fbc5be5a358b2ae742704b9f280dfa,37,0.972972972972973
04e9b5e254e6b6d5eb0c16c038d7a6e1933519f9,Hanger_02,build51,2ef7b8f76464ac15cea9c2eaf23bfb992cfa8a20,c6a67bcc6433546d8ede05ca6b05e089509d27ed,14,1.0
04e9b5e254e6b6d5eb0c16c038d7a6e1933519f9,Hanger_02,calc01,2ef7b8f76464ac15cea9c2eaf23bfb992cfa8a20,1858def1a1ecf0e1de87fdbb649b8586cd9210fb,5,1.0
04e9b5e254e6b6d5eb0c16c038d7a6e1933519f9,Hanger_02,dromedary,2ef7b8f76464ac15cea9c2eaf23bfb992cfa8a20,d47c3fb53513386e01d13c19f771ca5eb0f7da90,17,1.0
04e9b5e254e6b6d5eb0c16c038d7a6e1933519f9,Hanger_02,flarenut_spanner,2ef7b8f76464ac15cea9c2eaf23bfb992cfa8a20,3b87ec5ffc07c08a35116928a8b6ffb64390e0a4,9,1.0
04e9b5e254e6b6d5eb0c16c038d7a6e1933519f9,Hanger_02,interior_details_103_4,2ef7b8f76464ac15cea9c2eaf23bfb992cfa8a20,6c726f0ba025cab6490df5c05a6c436be87205ad,23,0.9565217391304348
04e9b5e254e6b6d5eb0c16c038d7a6e1933519f9,Hanger_02,interior_details_130_2,2ef7b8f76464ac15cea9c2eaf23bfb992cfa8a20,f730e2fab41495e73bf0e665266a51a692d1ca54,20,1.0
04e9b5e254e6b6d5eb0c16c038d7a6e1933519f9,Hanger_02,kitchen_equipment_knife2,2ef7b8f76464ac15cea9c2eaf23bfb992cfa8a20,4c406e5b2db8e63397199570ff59e65caeca5775,19,1.0
04e9b5e254e6b6d5eb0c16c038d7a6e1933519f9,Hanger_02,lo_poly_animal_BEAR_BLK,2ef7b8f76464ac15cea9c2eaf23bfb992cfa8a20,3c6c194cc864f2a655446efa548eef153a393618,16,1.0
04e9b5e254e6b6d5eb0c16c038d7a6e1933519f9,Hanger_02,lo_poly_animal_CHICKDEE,2ef7b8f76464ac15cea9c2eaf23bfb992cfa8a20,b95b95002cc603d8b4aec4836d1edc6b1f129efb,17,0.9411764705882353
04e9b5e254e6b6d5eb0c16c038d7a6e1933519f9,Hanger_02,lo_poly_animal_ELE_AS1,2ef7b8f76464ac15cea9c2eaf23bfb992cfa8a20,41313a938cb781cbd60a6870530e116a9d98e48c,4,1.0
04e9b5e254e6b6d5eb0c16c038d7a6e1933519f9,Hanger_02,lo_poly_animal_RHINO_2,2ef7b8f76464ac15cea9c2eaf23bfb992cfa8a20,b87e834ba5e263774477edc6fc956070795ab1b6,14,1.0
04e9b5e254e6b6d5eb0c16c038d7a6e1933519f9,Hanger_02,lo_poly_animal_TRANTULA,2ef7b8f76464ac15cea9c2eaf23bfb992cfa8a20,8f14ff8cf138e89d90211a7811968af08d4d7098,10,1.0
04e9b5e254e6b6d5eb0c16c038d7a6e1933519f9,Hanger_02,weimaraner,2ef7b8f76464ac15cea9c2eaf23bfb992cfa8a20,4f263a161cdd009ff7f9aa88ed9be2b852772142,15,1.0
04e9b5e254e6b6d5eb0c16c038d7a6e1933519f9,Hanger_02,womens_shorts_01M,2ef7b8f76464ac15cea9c2eaf23bfb992cfa8a20,66c09717173c555eced9e7a167f405b7d08ab18f,12,1.0
04e9b5e254e6b6d5eb0c16c038d7a6e1933519f9,Hanger_02,womens_stockings_01M,2ef7b8f76464ac15cea9c2eaf23bfb992cfa8a20,7ed95b3ba88443ed63f25ffe0b5fb52d78dab676,22,1.0
04e9b5e254e6b6d5eb0c16c038d7a6e1933519f9,Hanger_02,zebra,2ef7b8f76464ac15cea9c2eaf23bfb992cfa8a20,21afbd503b5d4f9c399c4a66baef6bd6e894715f,26,0.9230769230769231
05e28d171be55b71d77e0f1cd3509c2f862ae56f,lo_poly_animal_CHICKDEE,22_acoustic_guitar,b95b95002cc603d8b4aec4836d1edc6b1f129efb,b17c9b116f73af5e54e294b1362187bb666a1737,4,1.0
05e28d171be55b71d77e0f1cd3509c2f862ae56f,lo_poly_animal_CHICKDEE,MB27346,b95b95002cc603d8b4aec4836d1edc6b1f129efb,f3b1fb66463bf84b593dad9fd1028aa8db6f3720,10,1.0
05e28d171be55b71d77e0f1cd3509c2f862ae56f,lo_poly_animal_CHICKDEE,MB28699,b95b95002cc603d8b4aec4836d1edc6b1f129efb,ee36e4d66958199793add93da479822f4d1164e6,7,1.0
05e28d171be55b71d77e0f1cd3509c2f862ae56f,lo_poly_animal_CHICKDEE,MB29874,b95b95002cc603d8b4aec4836d1edc6b1f129efb,7cc042e01ac7e57de362ae777017d3e1b727c9f0,6,1.0
05e28d171be55b71d77e0f1cd3509c2f862ae56f,lo_poly_animal_CHICKDEE,MB30203,b95b95002cc603d8b4aec4836d1edc6b1f129efb,e6e0c7209f8a7908c49f803651f7382e3a2e75c5,5,1.0
05e28d171be55b71d77e0f1cd3509c2f862ae56f,lo_poly_animal_CHICKDEE,MB30758,b95b95002cc603d8b4aec4836d1edc6b1f129efb,61c2291042151124f703bb567c32ab30fda22360,7,1.0
05e28d171be55b71d77e0f1cd3509c2f862ae56f,lo_poly_animal_CHICKDEE,antique_furniture_item_18,b95b95002cc603d8b4aec4836d1edc6b1f129efb,bad9c53885fbc5be5a358b2ae742704b9f280dfa,8,0.875
05e28d171be55b71d77e0f1cd3509c2f862ae56f,lo_poly_animal_CHICKDEE,build51,b95b95002cc603d8b4aec4836d1edc6b1f129efb,c6a67bcc6433546d8ede05ca6b05e089509d27ed,10,1.0
05e28d171be55b71d77e0f1cd3509c2f862ae56f,lo_poly_animal_CHICKDEE,calc01,b95b95002cc603d8b4aec4836d1edc6b1f129efb,1858def1a1ecf0e1de87fdbb649b8586cd9210fb,7,0.8571428571428571
05e28d171be55b71d77e0f1cd3509c2f862ae56f,lo_poly_animal_CHICKDEE,dromedary,b95b95002cc603d8b4aec4836d1edc6b1f129efb,d47c3fb53513386e01d13c19f771ca5eb0f7da90,10,1.0
05e28d171be55b71d77e0f1cd3509c2f862ae56f,lo_poly_animal_CHICKDEE,flarenut_spanner,b95b95002cc603d8b4aec4836d1edc6b1f129efb,3b87ec5ffc07c08a35116928a8b6ffb64390e0a4,16,1.0
05e28d171be55b71d77e0f1cd3509c2f862ae56f,lo_poly_animal_CHICKDEE,interior_details_103_4,b95b95002cc603d8b4aec4836d1edc6b1f129efb,6c726f0ba025cab6490df5c05a6c436be87205ad,10,0.9
05e28d171be55b71d77e0f1cd3509c2f862ae56f,lo_poly_animal_CHICKDEE,interior_details_130_2,b95b95002cc603d8b4aec4836d1edc6b1f129efb,f730e2fab41495e73bf0e665266a51a692d1ca54,6,1.0
05e28d171be55b71d77e0f1cd3509c2f862ae56f,lo_poly_animal_CHICKDEE,lo_poly_animal_BEAR_BLK,b95b95002cc603d8b4aec4836d1edc6b1f129efb,3c6c194cc864f2a655446efa548eef153a393618,6,0.8333333333333334
05e28d171be55b71d77e0f1cd3509c2f862ae56f,lo_poly_animal_CHICKDEE,lo_poly_animal_ELE_AS1,b95b95002cc603d8b4aec4836d1edc6b1f129efb,41313a938cb781cbd60a6870530e116a9d98e48c,10,1.0
05e28d171be55b71d77e0f1cd3509c2f862ae56f,lo_poly_animal_CHICKDEE,lo_poly_animal_RHINO_2,b95b95002cc603d8b4aec4836d1edc6b1f129efb,b87e834ba5e263774477edc6fc956070795ab1b6,5,1.0
05e28d171be55b71d77e0f1cd3509c2f862ae56f,lo_poly_animal_CHICKDEE,weimaraner,b95b95002cc603d8b4aec4836d1edc6b1f129efb,4f263a161cdd009ff7f9aa88ed9be2b852772142,9,0.8888888888888888
05e28d171be55b71d77e0f1cd3509c2f862ae56f,lo_poly_animal_CHICKDEE,womens_shorts_01M,b95b95002cc603d8b4aec4836d1edc6b1f129efb,66c09717173c555eced9e7a167f405b7d08ab18f,23,0.9565217391304348
05e28d171be55b71d77e0f1cd3509c2f862ae56f,lo_poly_animal_CHICKDEE,womens_stockings_01M,b95b95002cc603d8b4aec4836d1edc6b1f129efb,7ed95b3ba88443ed63f25ffe0b5fb52d78dab676,8,1.0
05e28d171be55b71d77e0f1cd3509c2f862ae56f,lo_poly_animal_CHICKDEE,zebra,b95b95002cc603d8b4aec4836d1edc6b1f129efb,21afbd503b5d4f9c399c4a66baef6bd6e894715f,7,0.8571428571428571
07f908205b3c40ce896b55dd838f1e13ff7b0c75,MB27346,22_acoustic_guitar,f3b1fb66463bf84b593dad9fd1028aa8db6f3720,b17c9b116f73af5e54e294b1362187bb666a1737,10,1.0
07f908205b3c40ce896b55dd838f1e13ff7b0c75,MB27346,Hanger_02,f3b1fb66463bf84b593dad9fd1028aa8db6f3720,2ef7b8f76464ac15cea9c2eaf23bfb992cfa8a20,7,1.0
07f908205b3c40ce896b55dd838f1e13ff7b0c75,MB27346,MB28699,f3b1fb66463bf84b593dad9fd1028aa8db6f3720,ee36e4d66958199793add93da479822f4d1164e6,16,1.0
07f908205b3c40ce896b55dd838f1e13ff7b0c75,MB27346,MB29874,f3b1fb66463bf84b593dad9fd1028aa8db6f3720,7cc042e01ac7e57de362ae777017d3e1b727c9f0,16,0.9375
07f908205b3c40ce896b55dd838f1e13ff7b0c75,MB27346,MB30758,f3b1fb66463bf84b593dad9fd1028aa8db6f3720,61c2291042151124f703bb567c32ab30fda22360,9,1.0
07f908205b3c40ce896b55dd838f1e13ff7b0c75,MB27346,antique_furniture_item_18,f3b1fb66463bf84b593dad9fd1028aa8db6f3720,bad9c53885fbc5be5a358b2ae742704b9f280dfa,9,0.8888888888888888
07f908205b3c40ce896b55dd838f1e13ff7b0c75,MB27346,build51,f3b1fb66463bf84b593dad9fd1028aa8db6f3720,c6a67bcc6433546d8ede05ca6b05e089509d27ed,11,0.8181818181818182
07f908205b3c40ce896b55dd838f1e13ff7b0c75,MB27346,calc01,f3b1fb66463bf84b593dad9fd1028aa8db6f3720,1858def1a1ecf0e1de87fdbb649b8586cd9210fb,13,0.9230769230769231
07f908205b3c40ce896b55dd838f1e13ff7b0c75,MB27346,dromedary,f3b1fb66463bf84b593dad9fd1028aa8db6f3720,d47c3fb53513386e01d13c19f771ca5eb0f7da90,4,1.0
07f908205b3c40ce896b55dd838f1e13ff7b0c75,MB27346,interior_details_130_2,f3b1fb66463bf84b593dad9fd1028aa8db6f3720,f730e2fab41495e73bf0e665266a51a692d1ca54,10,0.9
07f908205b3c40ce896b55dd838f1e13ff7b0c75,MB27346,kitchen_equipment_knife2,f3b1fb66463bf84b593dad9fd1028aa8db6f3720,4c406e5b2db8e63397199570ff59e65caeca5775,10,1.0
07f908205b3c40ce896b55dd838f1e13ff7b0c75,MB27346,lo_poly_animal_BEAR_BLK,f3b1fb66463bf84b593dad9fd1028aa8db6f3720,3c6c194cc864f2a655446efa548eef153a393618,7,1.0
07f908205b3c40ce896b55dd838f1e13ff7b0c75,MB27346,lo_poly_animal_CHICKDEE,f3b1fb66463bf84b593dad9fd1028aa8db6f3720,b95b95002cc603d8b4aec4836d1edc6b1f129efb,10,1.0
07f908205b3c40ce896b55dd838f1e13ff7b0c75,MB27346,lo_poly_animal_ELE_AS1,f3b1fb66463bf84b593dad9fd1028aa8db6f3720,41313a938cb781cbd60a6870530e116a9d98e48c,12,1.0
07f908205b3c40ce896b55dd838f1e13ff7b0c75,MB27346,lo_poly_animal_RHINO_2,f3b1fb66463bf84b593dad9fd1028aa8db6f3720,b87e834ba5e263774477edc6fc956070795ab1b6,16,1.0
07f908205b3c40ce896b55dd838f1e13ff7b0c75,MB27346,lo_poly_animal_TRANTULA,f3b1fb66463bf84b593dad9fd1028aa8db6f3720,8f14ff8cf138e89d90211a7811968af08d4d7098,6,1.0
07f908205b3c40ce896b55dd838f1e13ff7b0c75,MB27346,weimaraner,f3b1fb66463bf84b593dad9fd1028aa8db6f3720,4f263a161cdd009ff7f9aa88ed9be2b852772142,11,0.8181818181818182
07f908205b3c40ce896b55dd838f1e13ff7b0c75,MB27346,womens_shorts_01M,f3b1fb66463bf84b593dad9fd1028aa8db6f3720,66c09717173c555eced9e7a167f405b7d08ab18f,4,1.0
07f908205b3c40ce896b55dd838f1e13ff7b0c75,MB27346,womens_stockings_01M,f3b1fb66463bf84b593dad9fd1028aa8db6f3720,7ed95b3ba88443ed63f25ffe0b5fb52d78dab676,19,0.8947368421052632
07f908205b3c40ce896b55dd838f1e13ff7b0c75,MB27346,zebra,f3b1fb66463bf84b593dad9fd1028aa8db6f3720,21afbd503b5d4f9c399c4a66baef6bd6e894715f,5,1.0
0a4a03411f29eae27406b8b68e76068cc4207b15,antique_furniture_item_18,22_acoustic_guitar,bad9c53885fbc5be5a358b2ae742704b9f280dfa,b17c9b116f73af5e54e294b1362187bb666a1737,13,0.6153846153846154
0a4a03411f29eae27406b8b68e76068cc4207b15,antique_furniture_item_18,MB27346,bad9c53885fbc5be5a358b2ae742704b9f280dfa,f3b1fb66463bf84b593dad9fd1028aa8db6f3720,6,0.6666666666666666
0a4a03411f29eae27406b8b68e76068cc4207b15,antique_furniture_item_18,MB28699,bad9c53885fbc5be5a358b2ae742704b9f280dfa,ee36e4d66958199793add93da479822f4d1164e6,4,0.5
0a4a03411f29eae27406b8b68e76068cc4207b15,antique_furniture_item_18,MB29874,bad9c53885fbc5be5a358b2ae742704b9f280dfa,7cc042e01ac7e57de362ae777017d3e1b727c9f0,15,0.5333333333333333
0a4a03411f29eae27406b8b68e76068cc4207b15,antique_furniture_item_18,MB30758,bad9c53885fbc5be5a358b2ae742704b9f280dfa,61c2291042151124f703bb567c32ab30fda22360,5,0.8
0a4a03411f29eae27406b8b68e76068cc4207b15,antique_furniture_item_18,build51,bad9c53885fbc5be5a358b2ae742704b9f280dfa,c6a67bcc6433546d8ede05ca6b05e089509d27ed,33,0.7878787878787878
0a4a03411f29eae27406b8b68e76068cc4207b15,antique_furniture_item_18,calc01,bad9c53885fbc5be5a358b2ae742704b9f280dfa,1858def1a1ecf0e1de87fdbb649b8586cd9210fb,6,0.6666666666666666
0a4a03411f29eae27406b8b68e76068cc4207b15,antique_furniture_item_18,flarenut_spanner,bad9c53885fbc5be5a358b2ae742704b9f280dfa,3b87ec5ffc07c08a35116928a8b6ffb64390e0a4,9,0.6666666666666666
0a4a03411f29eae27406b8b68e76068cc4207b15,antique_furniture_item_18,interior_details_130_2,bad9c53885fbc5be5a358b2ae742704b9f280dfa,f730e2fab41495e73bf0e665266a51a692d1ca54,11,0.7272727272727273
0a4a03411f29eae27406b8b68e76068cc4207b15,antique_furniture_item_18,kitchen_equipment_knife2,bad9c53885fbc5be5a358b2ae742704b9f280dfa,4c406e5b2db8e63397199570ff59e65caeca5775,17,0.5294117647058824
0a4a03411f29eae27406b8b68e76068cc4207b15,antique_furniture_item_18,lo_poly_animal_BEAR_BLK,bad9c53885fbc5be5a358b2ae742704b9f280dfa,3c6c194cc864f2a655446efa548eef153a393618,5,0.8
0a4a03411f29eae27406b8b68e76068cc4207b15,antique_furniture_item_18,lo_poly_animal_CHICKDEE,bad9c53885fbc5be5a358b2ae742704b9f280dfa,b95b95002cc603d8b4aec4836d1edc6b1f129efb,6,0.5
0a4a03411f29eae27406b8b68e76068cc4207b15,antique_furniture_item_18,lo_poly_animal_ELE_AS1,bad9c53885fbc5be5a358b2ae742704b9f280dfa,41313a938cb781cbd60a6870530e116a9d98e48c,11,0.6363636363636364
0a4a03411f29eae27406b8b68e76068cc4207b15,antique_furniture_item_18,lo_poly_animal_RHINO_2,bad9c53885fbc5be5a358b2ae742704b9f280dfa,b87e834ba5e263774477edc6fc956070795ab1b6,16,0.5
0a4a03411f29eae27406b8b68e76068cc4207b15,antique_furniture_item_18,lo_poly_animal_TRANTULA,bad9c53885fbc5be5a358b2ae742704b9f280dfa,8f14ff8cf138e89d90211a7811968af08d4d7098,9,0.5555555555555556
0a4a03411f29eae27406b8b68e76068cc4207b15,antique_furniture_item_18,weimaraner,bad9c53885fbc5be5a358b2ae742704b9f280dfa,4f263a161cdd009ff7f9aa88ed9be2b852772142,10,0.8
0a4a03411f29eae27406b8b68e76068cc4207b15,antique_furniture_item_18,womens_shorts_01M,bad9c53885fbc5be5a358b2ae742704b9f280dfa,66c09717173c555eced9e7a167f405b7d08ab18f,10,0.9
0a4a03411f29eae27406b8b68e76068cc4207b15,antique_furniture_item_18,womens_stockings_01M,bad9c53885fbc5be5a358b2ae742704b9f280dfa,7ed95b3ba88443ed63f25ffe0b5fb52d78dab676,5,0.0
0a4a03411f29eae27406b8b68e76068cc4207b15,antique_furniture_item_18,zebra,bad9c53885fbc5be5a358b2ae742704b9f280dfa,21afbd503b5d4f9c399c4a66baef6bd6e894715f,16,0.8125
0e6c8a78c41da2de359cd98d7c0a03de3f12dfc2,interior_details_103_4,22_acoustic_guitar,6c726f0ba025cab6490df5c05a6c436be87205ad,b17c9b116f73af5e54e294b1362187bb666a1737,12,1.0
0e6c8a78c41da2de359cd98d7c0a03de3f12dfc2,interior_details_103_4,Hanger_02,6c726f0ba025cab6490df5c05a6c436be87205ad,2ef7b8f76464ac15cea9c2eaf23bfb992cfa8a20,7,0.8571428571428571
0e6c8a78c41da2de359cd98d7c0a03de3f12dfc2,interior_details_103_4,MB27346,6c726f0ba025cab6490df5c05a6c436be87205ad,f3b1fb66463bf84b593dad9fd1028aa8db6f3720,5,0.6
0e6c8a78c41da2de359cd98d7c0a03de3f12dfc2,interior_details_103_4,MB28699,6c726f0ba025cab6490df5c05a6c436be87205ad,ee36e4d66958199793add93da479822f4d1164e6,13,1.0
0e6c8a78c41da2de359cd98d7c0a03de3f12dfc2,interior_details_103_4,MB29874,6c726f0ba025cab6490df5c05a6c436be87205ad,7cc042e01ac7e57de362ae777017d3e1b727c9f0,11,0.8181818181818182
0e6c8a78c41da2de359cd98d7c0a03de3f12dfc2,interior_details_103_4,MB30203,6c726f0ba025cab6490df5c05a6c436be87205ad,e6e0c7209f8a7908c49f803651f7382e3a2e75c5,7,0.7142857142857143
0e6c8a78c41da2de359cd98d7c0a03de3f12dfc2,interior_details_103_4,MB30758,6c726f0ba025cab6490df5c05a6c436be87205ad,61c2291042151124f703bb567c32ab30fda22360,8,0.75
0e6c8a78c41da2de359cd98d7c0a03de3f12dfc2,interior_details_103_4,antique_furniture_item_18,6c726f0ba025cab6490df5c05a6c436be87205ad,bad9c53885fbc5be5a358b2ae742704b9f280dfa,6,1.0
0e6c8a78c41da2de359cd98d7c0a03de3f12dfc2,interior_details_103_4,build51,6c726f0ba025cab6490df5c05a6c436be87205ad,c6a67bcc6433546d8ede05ca6b05e089509d27ed,14,0.7857142857142857
0e6c8a78c41da2de359cd98d7c0a03de3f12dfc2,interior_details_103_4,dromedary,6c726f0ba025cab6490df5c05a6c436be87205ad,d47c3fb53513386e01d13c19f771ca5eb0f7da90,12,1.0
0e6c8a78c41da2de359cd98d7c0a03de3f12dfc2,interior_details_103_4,flarenut_spanner,6c726f0ba025cab6490df5c05a6c436be87205ad,3b87ec5ffc07c08a35116928a8b6ffb64390e0a4,11,0.9090909090909091
0e6c8a78c41da2de359cd98d7c0a03de3f12dfc2,interior_details_103_4,interior_details_130_2,6c726f0ba025cab6490df5c05a6c436be87205ad,f730e2fab41495e73bf0e665266a51a692d1ca54,11,0.8181818181818182
0e6c8a78c41da2de359cd98d7c0a03de3f12dfc2,interior_details_103_4,kitchen_equipment_knife2,6c726f0ba025cab6490df5c05a6c436be87205ad,4c406e5b2db8e63397199570ff59e65caeca5775,8,0.75
0e6c8a78c41da2de359cd98d7c0a03de3f12dfc2,interior_details_103_4,lo_poly_animal_BEAR_BLK,6c726f0ba025cab6490df5c05a6c436be87205ad,3c6c194cc864f2a655446efa548eef153a393618,14,0.9285714285714286
0e6c8a78c41da2de359cd98d7c0a03de3f12dfc2,interior_details_103_4,lo_poly_animal_ELE_AS1,6c726f0ba025cab6490df5c05a6c436be87205ad,41313a938cb781cbd60a6870530e116a9d98e48c,8,1.0
0e6c8a78c41da2de359cd98d7c0a03de3f12dfc2,interior_details_103_4,lo_poly_animal_RHINO_2,6c726f0ba025cab6490df5c05a6c436be87205ad,b87e834ba5e263774477edc6fc956070795ab1b6,14,0.9285714285714286
0e6c8a78c41da2de359cd98d7c0a03de3f12dfc2,interior_details_103_4,womens_shorts_01M,6c726f0ba025cab6490df5c05a6c436be87205ad,66c09717173c555eced9e7a167f405b7d08ab18f,12,0.9166666666666666
0e6c8a78c41da2de359cd98d7c0a03de3f12dfc2,interior_details_103_4,womens_stockings_01M,6c726f0ba025cab6490df5c05a6c436be87205ad,7ed95b3ba88443ed63f25ffe0b5fb52d78dab676,12,0.9166666666666666
0e6c8a78c41da2de359cd98d7c0a03de3f12dfc2,interior_details_103_4,zebra,6c726f0ba025cab6490df5c05a6c436be87205ad,21afbd503b5d4f9c399c4a66baef6bd6e894715f,14,1.0
127455d8842829a78cb645fe1b97c8b81ca05d81,antique_furniture_item_18,Hanger_02,bad9c53885fbc5be5a358b2ae742704b9f280dfa,2ef7b8f76464ac15cea9c2eaf23bfb992cfa8a20,8,1.0
127455d8842829a78cb645fe1b97c8b81ca05d81,antique_furniture_item_18,MB27346,bad9c53885fbc5be5a358b2ae742704b9f280dfa,f3b1fb66463bf84b593dad9fd1028aa8db6f3720,6,1.0
127455d8842829a78cb645fe1b97c8b81ca05d81,antique_furniture_item_18,MB29874,bad9c53885fbc5be5a358b2ae742704b9f280dfa,7cc042e01ac7e57de362ae777017d3e1b727c9f0,7,1.0
127455d8842829a78cb645fe1b97c8b81ca05d81,antique_furniture_item_18,MB30203,bad9c53885fbc5be5a358b2ae742704b9f280dfa,e6e0c7209f8a7908c49f803651f7382e3a2e75c5,16,1.0
127455d8842829a78cb645fe1b97c8b81ca05d81,antique_furniture_item_18,MB30758,bad9c53885fbc5be5a358b2ae742704b9f280dfa,61c2291042151124f703bb567c32ab30fda22360,4,1.0
127455d8842829a78cb645fe1b97c8b81ca05d81,antique_furniture_item_18,build51,bad9c53885fbc5be5a358b2ae742704b9f280dfa,c6a67bcc6433546d8ede05ca6b05e089509d27ed,11,1.0
127455d8842829a78cb645fe1b97c8b81ca05d81,antique_furniture_item_18,dromedary,bad9c53885fbc5be5a358b2ae742704b9f280dfa,d47c3fb53513386e01d13c19f771ca5eb0f7da90,6,1.0
127455d8842829a78cb645fe1b97c8b81ca05d81,antique_furniture_item_18,flarenut_spanner,bad9c53885fbc5be5a358b2ae742704b9f280dfa,3b87ec5ffc07c08a35116928a8b6ffb64390e0a4,17,1.0
127455d8842829a78cb645fe1b97c8b81ca05d81,antique_furniture_item_18,interior_details_103_4,bad9c53885fbc5be5a358b2ae742704b9f280dfa,6c726f0ba025cab6490df5c05a6c436be87205ad,8,1.0
127455d8842829a78cb645fe1b97c8b81ca05d81,antique_furniture_item_18,interior_details_130_2,bad9c53885fbc5be5a358b2ae742704b9f280dfa,f730e2fab41495e73bf0e665266a51a692d1ca54,10,1.0
127455d8842829a78cb645fe1b97c8b81ca05d81,antique_furniture_item_18,kitchen_equipment_knife2,bad9c53885fbc5be5a358b2ae742704b9f280dfa,4c406e5b2db8e63397199570ff59e65caeca5775,14,0.9285714285714286
127455d8842829a78cb645fe1b97c8b81ca05d81,antique_furniture_item_18,lo_poly_animal_BEAR_BLK,bad9c53885fbc5be5a358b2ae742704b9f280dfa,3c6c194cc864f2a655446efa548eef153a393618,9,1.0
127455d8842829a78cb645fe1b97c8b81ca05d81,antique_furniture_item_18,lo_poly_animal_CHICKDEE,bad9c53885fbc5be5a358b2ae742704b9f280dfa,b95b95002cc603d8b4aec4836d1edc6b1f129efb,12,1.0
127455d8842829a78cb645fe1b97c8b81ca05d81,antique_furniture_item_18,lo_poly_animal_ELE_AS1,bad9c53885fbc5be5a358b2ae742704b9f280dfa,41313a938cb781cbd60a6870530e116a9d98e48c,9,1.0
127455d8842829a78cb645fe1b97c8b81ca05d81,antique_furniture_item_18,lo_poly_animal_RHINO_2,bad9c53885fbc5be5a358b2ae742704b9f280dfa,b87e834ba5e263774477edc6fc956070795ab1b6,17,1.0
127455d8842829a78cb645fe1b97c8b81ca05d81,antique_furniture_item_18,lo_poly_animal_TRANTULA,bad9c53885fbc5be5a358b2ae742704b9f280dfa,8f14ff8cf138e89d90211a7811968af08d4d7098,7,0.8571428571428571
127455d8842829a78cb645fe1b97c8b81ca05d81,antique_furniture_item_18,weimaraner,bad9c53885fbc5be5a358b2ae742704b9f280dfa,4f263a161cdd009ff7f9aa88ed9be2b852772142,7,1.0
127455d8842829a78cb645fe1b97c8b81ca05d81,antique_furniture_item_18,womens_shorts_01M,bad9c53885fbc5be5a358b2ae742704b9f280dfa,66c09717173c555eced9e7a167f405b7d08ab18f,18,1.0
127455d8842829a78cb645fe1b97c8b81ca05d81,antique_furniture_item_18,zebra,bad9c53885fbc5be5a358b2ae742704b9f280dfa,21afbd503b5d4f9c399c4a66baef6bd6e894715f,15,1.0
1395da903d6c8b07201c2d9c3c855b2130b36ff6,interior_details_103_4,22_acoustic_guitar,6c726f0ba025cab6490df5c05a6c436be87205ad,b17c9b116f73af5e54e294b1362187bb666a1737,31,0.8709677419354839
1395da903d6c8b07201c2d9c3c855b2130b36ff6,interior_details_103_4,Hanger_02,6c726f0ba025cab6490df5c05a6c436be87205ad,2ef7b8f76464ac15cea9c2eaf23bfb992cfa8a20,15,0.7333333333333333
1395da903d6c8b07201c2d9c3c855b2130b36ff6,interior_details_103_4,MB27346,6c726f0ba025cab6490df5c05a6c436be87205ad,f3b1fb66463bf84b593dad9fd1028aa8db6f3720,10,1.0
1395da903d6c8b07201c2d9c3c855b2130b36ff6,interior_details_103_4,MB28699,6c726f0ba025cab6490df5c05a6c436be87205ad,ee36e4d66958199793add93da479822f4d1164e6,8,0.875
1395da903d6c8b07201c2d9c3c855b2130b36ff6,interior_details_103_4,MB29874,6c726f0ba025cab6490df5c05a6c436be87205ad,7cc042e01ac7e57de362ae777017d3e1b727c9f0,17,0.9411764705882353
1395da903d6c8b07201c2d9c3c855b2130b36ff6,interior_details_103_4,MB30203,6c726f0ba025cab6490df5c05a6c436be87205ad,e6e0c7209f8a7908c49f803651f7382e3a2e75c5,8,1.0
1395da903d6c8b07201c2d9c3c855b2130b36ff6,interior_details_103_4,antique_furniture_item_18,6c726f0ba025cab6490df5c05a6c436be87205ad,bad9c53885fbc5be5a358b2ae742704b9f280dfa,9,0.8888888888888888
1395da903d6c8b07201c2d9c3c855b2130b36ff6,interior_details_103_4,build51,6c726f0ba025cab6490df5c05a6c436be87205ad,c6a67bcc6433546d8ede05ca6b05e089509d27ed,9,0.8888888888888888
1395da903d6c8b07201c2d9c3c855b2130b36ff6,interior_details_103_4,dromedary,6c726f0ba025cab6490df5c05a6c436be87205ad,d47c3fb53513386e01d13c19f771ca5eb0f7da90,15,1.0
1395da903d6c8b07201c2d9c3c855b2130b36ff6,interior_details_103_4,flarenut_spanner,6c726f0ba025cab6490df5c05a6c436be87205ad,3b87ec5ffc07c08a35116928a8b6ffb64390e0a4,10,0.7
1395da903d6c8b07201c2d9c3c855b2130b36ff6,interior_details_103_4,interior_details_130_2,6c726f0ba025cab6490df5c05a6c436be87205ad,f730e2fab41495e73bf0e665266a51a692d1ca54,17,0.8235294117647058
1395da903d6c8b07201c2d9c3c855b2130b36ff6,interior_details_103_4,kitchen_equipment_knife2,6c726f0ba025cab6490df5c05a6c436be87205ad,4c406e5b2db8e63397199570ff59e65caeca5775,8,0.75
1395da903d6c8b07201c2d9c3c855b2130b36ff6,interior_details_103_4,lo_poly_animal_BEAR_BLK,6c726f0ba025cab6490df5c05a6c436be87205ad,3c6c194cc864f2a655446efa548eef153a393618,7,1.0
1395da903d6c8b07201c2d9c3c855b2130b36ff6,interior_details_103_4,lo_poly_animal_CHICKDEE,6c726f0ba025cab6490df5c05a6c436be87205ad,b95b95002cc603d8b4aec4836d1edc6b1f129efb,5,1.0
1395da903d6c8b07201c2d9c3c855b2130b36ff6,interior_details_103_4,lo_poly_animal_ELE_AS1,6c726f0ba025cab6490df5c05a6c436be87205ad,41313a938cb781cbd60a6870530e116a9d98e48c,11,1.0
1395da903d6c8b07201c2d9c3c855b2130b36ff6,interior_details_103_4,lo_poly_animal_RHINO_2,6c726f0ba025cab6490df5c05a6c436be87205ad,b87e834ba5e263774477edc6fc956070795ab1b6,4,1.0
1395da903d6c8b07201c2d9c3c855b2130b36ff6,interior_details_103_4,lo_poly_animal_TRANTULA,6c726f0ba025cab6490df5c05a6c436be87205ad,8f14ff8cf138e89d90211a7811968af08d4d7098,5,0.8
1395da903d6c8b07201c2d9c3c855b2130b36ff6,interior_details_103_4,weimaraner,6c726f0ba025cab6490df5c05a6c436be87205ad,4f263a161cdd009ff7f9aa88ed9be2b852772142,9,1.0
1395da903d6c8b07201c2d9c3c855b2130b36ff6,interior_details_103_4,womens_shorts_01M,6c726f0ba025cab6490df5c05a6c436be87205ad,66c09717173c555eced9e7a167f405b7d08ab18f,9,0.8888888888888888
1395da903d6c8b07201c2d9c3c855b2130b36ff6,interior_details_103_4,womens_stockings_01M,6c726f0ba025cab6490df5c05a6c436be87205ad,7ed95b3ba88443ed63f25ffe0b5fb52d78dab676,4,1.0
1395da903d6c8b07201c2d9c3c855b2130b36ff6,interior_details_103_4,zebra,6c726f0ba025cab6490df5c05a6c436be87205ad,21afbd503b5d4f9c399c4a66baef6bd6e894715f,15,1.0
14384711c5a34608ca845d8f0aa48d760c1be16d,antique_furniture_item_18,22_acoustic_guitar,bad9c53885fbc5be5a358b2ae742704b9f280dfa,b17c9b116f73af5e54e294b1362187bb666a1737,8,1.0
14384711c5a34608ca845d8f0aa48d760c1be16d,antique_furniture_item_18,Hanger_02,bad9c53885fbc5be5a358b2ae742704b9f280dfa,2ef7b8f76464ac15cea9c2eaf23bfb992cfa8a20,9,1.0
14384711c5a34608ca845d8f0aa48d760c1be16d,antique_furniture_item_18,MB27346,bad9c53885fbc5be5a358b2ae742704b9f280dfa,f3b1fb66463bf84b593dad9fd1028aa8db6f3720,7,1.0
14384711c5a34608ca845d8f0aa48d760c1be16d,antique_furniture_item_18,MB28699,bad9c53885fbc5be5a358b2ae742704b9f280dfa,ee36e4d66958199793add93da479822f4d1164e6,4,1.0
14384711c5a34608ca845d8f0aa48d760c1be16d,antique_furniture_item_18,MB29874,bad9c53885fbc5be5a358b2ae742704b9f280dfa,7cc042e01ac7e57de362ae777017d3e1b727c9f0,13,1.0
14384711c5a34608ca845d8f0aa48d760c1be16d,antique_furniture_item_18,MB30203,bad9c53885fbc5be5a358b2ae742704b9f280dfa,e6e0c7209f8a7908c49f803651f7382e3a2e75c5,15,0.8666666666666667
14384711c5a34608ca845d8f0aa48d760c1be16d,antique_furniture_item_18,MB30758,bad9c53885fbc5be5a358b2ae742704b9f280dfa,61c2291042151124f703bb567c32ab30fda22360,11,0.9090909090909091
14384711c5a34608ca845d8f0aa48d760c1be16d,antique_furniture_item_18,build51,bad9c53885fbc5be5a358b2ae742704b9f280dfa,c6a67bcc6433546d8ede05ca6b05e089509d27ed,13,1.0
14384711c5a34608ca845d8f0aa48d760c1be16d,antique_furniture_item_18,calc01,bad9c53885fbc5be5a358b2ae742704b9f280dfa,1858def1a1ecf0e1de87fdbb649b8586cd9210fb,4,1.0
14384711c5a34608ca845d8f0aa48d760c1be16d,antique_furniture_item_18,dromedary,bad9c53885fbc5be5a358b2ae742704b9f280dfa,d47c3fb53513386e01d13c19f771ca5eb0f7da90,7,1.0
14384711c5a34608ca845d8f0aa48d760c1be16d,antique_furniture_item_18,interior_details_103_4,bad9c53885fbc5be5a358b2ae742704b9f280dfa,6c726f0ba025cab6490df5c05a6c436be87205ad,4,1.0
14384711c5a34608ca845d8f0aa48d760c1be16d,antique_furniture_item_18,interior_details_130_2,bad9c53885fbc5be5a358b2ae742704b9f280dfa,f730e2fab41495e73bf0e665266a51a692d1ca54,7,1.0
14384711c5a34608ca845d8f0aa48d760c1be16d,antique_furniture_item_18,kitchen_equipment_knife2,bad9c53885fbc5be5a358b2ae742704b9f280dfa,4c406e5b2db8e63397199570ff59e65caeca5775,9,1.0
14384711c5a34608ca845d8f0aa48d760c1be16d,antique_furniture_item_18,lo_poly_animal_BEAR_BLK,bad9c53885fbc5be5a358b2ae742704b9f280dfa,3c6c194cc864f2a655446efa548eef153a393618,14,1.0
14384711c5a34608ca845d8f0aa48d760c1be16d,antique_furniture_item_18,lo_poly_animal_CHICKDEE,bad9c53885fbc5be5a358b2ae742704b9f280dfa,b95b95002cc603d8b4aec4836d1edc6b1f129efb,18,0.9444444444444444
14384711c5a34608ca845d8f0aa48d760c1be16d,antique_furniture_item_18,lo_poly_animal_ELE_AS1,bad9c53885fbc5be5a358b2ae742704b9f280dfa,41313a938cb781cbd60a6870530e116a9d98e48c,10,1.0
14384711c5a34608ca845d8f0aa48d760c1be16d,antique_furniture_item_18,lo_poly_animal_RHINO_2,bad9c53885fbc5be5a358b2ae742704b9f280dfa,b87e834ba5e263774477edc6fc956070795ab1b6,10,1.0
14384711c5a34608ca845d8f0aa48d760c1be16d,antique_furniture_item_18,lo_poly_animal_TRANTULA,bad9c53885fbc5be5a358b2ae742704b9f280dfa,8f14ff8cf138e89d90211a7811968af08d4d7098,11,1.0
14384711c5a34608ca845d8f0aa48d760c1be16d,antique_furniture_item_18,weimaraner,bad9c53885fbc5be5a358b2ae742704b9f280dfa,4f263a161cdd009ff7f9aa88ed9be2b852772142,16,0.9375
14384711c5a34608ca845d8f0aa48d760c1be16d,antique_furniture_item_18,womens_stockings_01M,bad9c53885fbc5be5a358b2ae742704b9f280dfa,7ed95b3ba88443ed63f25ffe0b5fb52d78dab676,8,1.0
14384711c5a34608ca845d8f0aa48d760c1be16d,antique_furniture_item_18,zebra,bad9c53885fbc5be5a358b2ae742704b9f280dfa,21afbd503b5d4f9c399c4a66baef6bd6e894715f,13,1.0
15445918a36f99227f872c5d5ed9ddd248bf1f47,MB28699,22_acoustic_guitar,ee36e4d66958199793add93da479822f4d1164e6,b17c9b116f73af5e54e294b1362187bb666a1737,8,1.0
15445918a36f99227f872c5d5ed9ddd248bf1f47,MB28699,Hanger_02,ee36e4d66958199793add93da479822f4d1164e6,2ef7b8f76464ac15cea9c2eaf23bfb992cfa8a20,9,1.0
15445918a36f99227f872c5d5ed9ddd248bf1f47,MB28699,MB27346,ee36e4d66958199793add93da479822f4d1164e6,f3b1fb66463bf84b593dad9fd1028aa8db6f3720,8,1.0
15445918a36f99227f872c5d5ed9ddd248bf1f47,MB28699,MB29874,ee36e4d66958199793add93da479822f4d1164e6,7cc042e01ac7e57de362ae777017d3e1b727c9f0,6,1.0
15445918a36f99227f872c5d5ed9ddd248bf1f47,MB28699,build51,ee36e4d66958199793add93da479822f4d1164e6,c6a67bcc6433546d8ede05ca6b05e089509d27ed,11,1.0
15445918a36f99227f872c5d5ed9ddd248bf1f47,MB28699,calc01,ee36e4d66958199793add93da479822f4d1164e6,1858def1a1ecf0e1de87fdbb649b8586cd9210fb,5,0.8
15445918a36f99227f872c5d5ed9ddd248bf1f47,MB28699,dromedary,ee36e4d66958199793add93da479822f4d1164e6,d47c3fb53513386e01d13c19f771ca5eb0f7da90,12,1.0
15445918a36f99227f872c5d5ed9ddd248bf1f47,MB28699,flarenut_spanner,ee36e4d66958199793add93da479822f4d1164e6,3b87ec5ffc07c08a35116928a8b6ffb64390e0a4,7,1.0
15445918a36f99227f872c5d5ed9ddd248bf1f47,MB28699,interior_details_103_4,ee36e4d66958199793add93da479822f4d1164e6,6c726f0ba025cab6490df5c05a6c436be87205ad,4,1.0
15445918a36f99227f872c5d5ed9ddd248bf1f47,MB28699,interior_details_130_2,ee36e4d66958199793add93da479822f4d1164e6,f730e2fab41495e73bf0e665266a51a692d1ca54,8,1.0
15445918a36f99227f872c5d5ed9ddd248bf1f47,MB28699,kitchen_equipment_knife2,ee36e4d66958199793add93da479822f4d1164e6,4c406e5b2db8e63397199570ff59e65caeca5775,13,1.0
15445918a36f99227f872c5d5ed9ddd248bf1f47,MB28699,lo_poly_animal_BEAR_BLK,ee36e4d66958199793add93da479822f4d1164e6,3c6c194cc864f2a655446efa548eef153a393618,16,0.9375
15445918a36f99227f872c5d5ed9ddd248bf1f47,MB28699,lo_poly_animal_CHICKDEE,ee36e4d66958199793add93da479822f4d1164e6,b95b95002cc603d8b4aec4836d1edc6b1f129efb,10,1.0
15445918a36f99227f872c5d5ed9ddd248bf1f47,MB28699,lo_poly_animal_ELE_AS1,ee36e4d66958199793add93da479822f4d1164e6,41313a938cb781cbd60a6870530e116a9d98e48c,5,1.0
15445918a36f99227f872c5d5ed9ddd248bf1f47,MB28699,lo_poly_animal_TRANTULA,ee36e4d66958199793add93da479822f4d1164e6,8f14ff8cf138e89d90211a7811968af08d4d7098,6,1.0
15445918a36f99227f872c5d5ed9ddd248bf1f47,MB28699,weimaraner,ee36e4d66958199793add93da479822f4d1164e6,4f263a161cdd009ff7f9aa88ed9be2b852772142,8,1.0
15445918a36f99227f872c5d5ed9ddd248bf1f47,MB28699,womens_shorts_01M,ee36e4d66958199793add93da479822f4d1164e6,66c09717173c555eced9e7a167f405b7d08ab18f,20,1.0
15445918a36f99227f872c5d5ed9ddd248bf1f47,MB28699,womens_stockings_01M,ee36e4d66958199793add93da479822f4d1164e6,7ed95b3ba88443ed63f25ffe0b5fb52d78dab676,11,0.9090909090909091
15445918a36f99227f872c5d5ed9ddd248bf1f47,MB28699,zebra,ee36e4d66958199793add93da479822f4d1164e6,21afbd503b5d4f9c399c4a66baef6bd6e894715f,16,1.0
15fbb776618b4cdea08deb46a9abb57fbd1c148a,lo_poly_animal_CHICKDEE,22_acoustic_guitar,b95b95002cc603d8b4aec4836d1edc6b1f129efb,b17c9b116f73af5e54e294b1362187bb666a1737,14,0.42857142857142855
15fbb776618b4cdea08deb46a9abb57fbd1c148a,lo_poly_animal_CHICKDEE,Hanger_02,b95b95002cc603d8b4aec4836d1edc6b1f129efb,2ef7b8f76464ac15cea9c2eaf23bfb992cfa8a20,6,0.5
15fbb776618b4cdea08deb46a9abb57fbd1c148a,lo_poly_animal_CHICKDEE,MB27346,b95b95002cc603d8b4aec4836d1edc6b1f129efb,f3b1fb66463bf84b593dad9fd1028aa8db6f3720,8,0.375
15fbb776618b4cdea08deb46a9abb57fbd1c148a,lo_poly_animal_CHICKDEE,MB29874,b95b95002cc603d8b4aec4836d1edc6b1f129efb,7cc042e01ac7e57de362ae777017d3e1b727c9f0,16,0.5
15fbb776618b4cdea08deb46a9abb57fbd1c148a,lo_poly_animal_CHICKDEE,MB30203,b95b95002cc603d8b4aec4836d1edc6b1f129efb,e6e0c7209f8a7908c49f803651f7382e3a2e75c5,19,0.5789473684210527
15fbb776618b4cdea08deb46a9abb57fbd1c148a,lo_poly_animal_CHICKDEE,MB30758,b95b95002cc603d8b4aec4836d1edc6b1f129efb,61c2291042151124f703bb567c32ab30fda22360,13,0.7692307692307693
15fbb776618b4cdea08deb46a9abb57fbd1c148a,lo_poly_animal_CHICKDEE,antique_furniture_item_18,b95b95002cc603d8b4aec4836d1edc6b1f129efb,bad9c53885fbc5be5a358b2ae742704b9f280dfa,7,1.0
15fbb776618b4cdea08deb46a9abb57fbd1c148a,lo_poly_animal_CHICKDEE,build51,b95b95002cc603d8b4aec4836d1edc6b1f129efb,c6a67bcc6433546d8ede05ca6b05e089509d27ed,11,0.6363636363636364
15fbb776618b4cdea08deb46a9abb57fbd1c148a,lo_poly_animal_CHICKDEE,calc01,b95b95002cc603d8b4aec4836d1edc6b1f129efb,1858def1a1ecf0e1de87fdbb649b8586cd9210fb,4,0.75
15fbb776618b4cdea08deb46a9abb57fbd1c148a,lo_poly_animal_CHICKDEE,dromedary,b95b95002cc603d8b4aec4836d1edc6b1f129efb,d47c3fb53513386e01d13c19f771ca5eb0f7da90,5,0.4
15fbb776618b4cdea08deb46a9abb57fbd1c148a,lo_poly_animal_CHICKDEE,flarenut_spanner,b95b95002cc603d8b4aec4836d1edc6b1f129efb,3b87ec5ffc07c08a35116928a8b6ffb64390e0a4,9,0.4444444444444444
15fbb776618b4cdea08deb46a9abb57fbd1c148a,lo_poly_animal_CHICKDEE,interior_details_103_4,b95b95002cc603d8b4aec4836d1edc6b1f129efb,6c726f0ba025cab6490df5c05a6c436be87205ad,16,0.6875
15fbb776618b4cdea08deb46a9abb57fbd1c148a,lo_poly_animal_CHICKDEE,interior_details_130_2,b95b95002cc603d8b4aec4836d1edc6b1f129efb,f730e2fab41495e73bf0e665266a51a692d1ca54,10,0.8
15fbb776618b4cdea08deb46a9abb57fbd1c148a,lo_poly_animal_CHICKDEE,kitchen_equipment_knife2,b95b95002cc603d8b4aec4836d1edc6b1f129efb,4c406e5b2db8e63397199570ff59e65caeca5775,13,0.8461538461538461
15fbb776618b4cdea08deb46a9abb57fbd1c148a,lo_poly_animal_CHICKDEE,lo_poly_animal_BEAR_BLK,b95b95002cc603d8b4aec4836d1edc6b1f129efb,3c6c194cc864f2a655446efa548eef153a393618,6,0.6666666666666666
15fbb776618b4cdea08deb46a9abb57fbd1c148a,lo_poly_animal_CHICKDEE,lo_poly_animal_ELE_AS1,b95b95002cc603d8b4aec4836d1edc6b1f129efb,41313a938cb781cbd60a6870530e116a9d98e48c,7,0.8571428571428571
15fbb776618b4cdea08deb46a9abb57fbd1c148a,lo_poly_animal_CHICKDEE,lo_poly_animal_RHINO_2,b95b95002cc603d8b4aec4836d1edc6b1f129efb,b87e834ba5e263774477edc6fc956070795ab1b6,14,0.5
15fbb776618b4cdea08deb46a9abb57fbd1c148a,lo_poly_animal_CHICKDEE,lo_poly_animal_TRANTULA,b95b95002cc603d8b4aec4836d1edc6b1f129efb,8f14ff8cf138e89d90211a7811968af08d4d7098,16,0.625
15fbb776618b4cdea08deb46a9abb57fbd1c148a,lo_poly_animal_CHICKDEE,weimaraner,b95b95002cc603d8b4aec4836d1edc6b1f129efb,4f263a161cdd009ff7f9aa88ed9be2b852772142,4,0.5
15fbb776618b4cdea08deb46a9abb57fbd1c148a,lo_poly_animal_CHICKDEE,womens_shorts_01M,b95b95002cc603d8b4aec4836d1edc6b1f129efb,66c09717173c555eced9e7a167f405b7d08ab18f,11,0.45454545454545453
15fbb776618b4cdea08deb46a9abb57fbd1c148a,lo_poly_animal_CHICKDEE,womens_stockings_01M,b95b95002cc603d8b4aec4836d1edc6b1f129efb,7ed95b3ba88443ed63f25ffe0b5fb52d78dab676,9,0.5555555555555556
15fbb776618b4cdea08deb46a9abb57fbd1c148a,lo_poly_animal_CHICKDEE,zebra,b95b95002cc603d8b4aec4836d1edc6b1f129efb,21afbd503b5d4f9c399c4a66baef6bd6e894715f,13,0.3076923076923077
17b214aacae2e2647778f29704dffa11e46f499a,interior_details_130_2,22_acoustic_guitar,f730e2fab41495e73bf0e665266a51a692d1ca54,b17c9b116f73af5e54e294b1362187bb666a1737,9,1.0
17b214aacae2e2647778f29704dffa11e46f499a,interior_details_130_2,Hanger_02,f730e2fab41495e73bf0e665266a51a692d1ca54,2ef7b8f76464ac15cea9c2eaf23bfb992cfa8a20,11,0.9090909090909091
17b214aacae2e2647778f29704dffa11e46f499a,interior_details_130_2,MB27346,f730e2fab41495e73bf0e665266a51a692d1ca54,f3b1fb66463bf84b593dad9fd1028aa8db6f3720,12,1.0
17b214aacae2e2647778f29704dffa11e46f499a,interior_details_130_2,MB28699,f730e2fab41495e73bf0e665266a51a692d1ca54,ee36e4d66958199793add93da479822f4d1164e6,12,0.9166666666666666
17b214aacae2e2647778f29704dffa11e46f499a,interior_details_130_2,MB29874,f730e2fab41495e73bf0e665266a51a692d1ca54,7cc042e01ac7e57de362ae777017d3e1b727c9f0,17,0.9411764705882353
17b214aacae2e2647778f29704dffa11e46f499a,interior_details_130_2,MB30203,f730e2fab41495e73bf0e665266a51a692d1ca54,e6e0c7209f8a7908c49f803651f7382e3a2e75c5,7,0.8571428571428571
17b214aacae2e2647778f29704dffa11e46f499a,interior_details_130_2,MB30758,f730e2fab41495e73bf0e665266a51a692d1ca54,61c2291042151124f703bb567c32ab30fda22360,8,1.0
17b214aacae2e2647778f29704dffa11e46f499a,interior_details_130_2,antique_furniture_item_18,f730e2fab41495e73bf0e665266a51a692d1ca54,bad9c53885fbc5be5a358b2ae742704b9f280dfa,16,1.0
17b214aacae2e2647778f29704dffa11e46f499a,interior_details_130_2,build51,f730e2fab41495e73bf0e665266a51a692d1ca54,c6a67bcc6433546d8ede05ca6b05e089509d27ed,14,1.0
17b214aacae2e2647778f29704dffa11e46f499a,interior_details_130_2,calc01,f730e2fab41495e73bf0e665266a51a692d1ca54,1858def1a1ecf0e1de87fdbb649b8586cd9210fb,17,1.0
17b214aacae2e2647778f29704dffa11e46f499a,interior_details_130_2,flarenut_spanner,f730e2fab41495e73bf0e665266a51a692d1ca54,3b87ec5ffc07c08a35116928a8b6ffb64390e0a4,14,0.9285714285714286
17b214aacae2e2647778f29704dffa11e46f499a,interior_details_130_2,interior_details_103_4,f730e2fab41495e73bf0e665266a51a692d1ca54,6c726f0ba025cab6490df5c05a6c436be87205ad,15,0.8
17b214aacae2e2647778f29704dffa11e46f499a,interior_details_130_2,kitchen_equipment_knife2,f730e2fab41495e73bf0e665266a51a692d1ca54,4c406e5b2db8e63397199570ff59e65caeca5775,10,1.0
17b214aacae2e2647778f29704dffa11e46f499a,interior_details_130_2,lo_poly_animal_BEAR_BLK,f730e2fab41495e73bf0e665266a51a692d1ca54,3c6c194cc864f2a655446efa548eef153a393618,9,1.0
17b214aacae2e2647778f29704dffa11e46f499a,interior_details_130_2,lo_poly_animal_CHICKDEE,f730e2fab41495e73bf0e665266a51a692d1ca54,b95b95002cc603d8b4aec4836d1edc6b1f129efb,7,1.0
17b214aacae2e2647778f29704dffa11e46f499a,interior_details_130_2,lo_poly_animal_ELE_AS1,f730e2fab41495e73bf0e665266a51a692d1ca54,41313a938cb781cbd60a6870530e116a9d98e48c,8,0.875
17b214aacae2e2647778f29704dffa11e46f499a,interior_details_130_2,lo_poly_animal_TRANTULA,f730e2fab41495e73bf0e665266a51a692d1ca54,8f14ff8cf138e89d90211a7811968af08d4d7098,9,1.0
17b214aacae2e2647778f29704dffa11e46f499a,interior_details_130_2,weimaraner,f730e2fab41495e73bf0e665266a51a692d1ca54,4f263a161cdd009ff7f9aa88ed9be2b852772142,7,1.0
17b214aacae2e2647778f29704dffa11e46f499a,interior_details_130_2,womens_shorts_01M,f730e2fab41495e73bf0e665266a51a692d1ca54,66c09717173c555eced9e7a167f405b7d08ab18f,5,1.0
17b214aacae2e2647778f29704dffa11e46f499a,interior_details_130_2,womens_stockings_01M,f730e2fab41495e73bf0e665266a51a692d1ca54,7ed95b3ba88443ed63f25ffe0b5fb52d78dab676,5,1.0
17b214aacae2e2647778f29704dffa11e46f499a,interior_details_130_2,zebra,f730e2fab41495e73bf0e665266a51a692d1ca54,21afbd503b5d4f9c399c4a66baef6bd6e894715f,11,1.0
1a7eb41f6f87462388d37ea0bd946a3a18ff4b07,womens_shorts_01M,22_acoustic_guitar,66c09717173c555eced9e7a167f405b7d08ab18f,b17c9b116f73af5e54e294b1362187bb666a1737,10,1.0
1a7eb41f6f87462388d37ea0bd946a3a18ff4b07,womens_shorts_01M,Hanger_02,66c09717173c555eced9e7a167f405b7d08ab18f,2ef7b8f76464ac15cea9c2eaf23bfb992cfa8a20,7,1.0
1a7eb41f6f87462388d37ea0bd946a3a18ff4b07,womens_shorts_01M,MB27346,66c09717173c555eced9e7a167f405b7d08ab18f,f3b1fb66463bf84b593dad9fd1028aa8db6f3720,9,1.0
1a7eb41f6f87462388d37ea0bd946a3a18ff4b07,womens_shorts_01M,MB28699,66c09717173c555eced9e7a167f405b7d08ab18f,ee36e4d66958199793add93da479822f4d1164e6,6,1.0
1a7eb41f6f87462388d37ea0bd946a3a18ff4b07,womens_shorts_01M,MB29874,66c09717173c555eced9e7a167f405b7d08ab18f,7cc042e01ac7e57de362ae777017d3e1b727c9f0,6,1.0
1a7eb41f6f87462388d37ea0bd946a3a18ff4b07,womens_shorts_01M,MB30203,66c09717173c555eced9e7a167f405b7d08ab18f,e6e0c7209f8a7908c49f803651f7382e3a2e75c5,5,1.0
1a7eb41f6f87462388d37ea0bd946a3a18ff4b07,womens_shorts_01M,MB30758,66c09717173c555eced9e7a167f405b7d08ab18f,61c2291042151124f703bb567c32ab30fda22360,11,1.0
1a7eb41f6f87462388d37ea0bd946a3a18ff4b07,womens_shorts_01M,antique_furniture_item_18,66c09717173c555eced9e7a167f405b7d08ab18f,bad9c53885fbc5be5a358b2ae742704b9f280dfa,14,1.0
1a7eb41f6f87462388d37ea0bd946a3a18ff4b07,womens_shorts_01M,build51,66c09717173c555eced9e7a167f405b7d08ab18f,c6a67bcc6433546d8ede05ca6b05e089509d27ed,15,1.0
1a7eb41f6f87462388d37ea0bd946a3a18ff4b07,womens_shorts_01M,calc01,66c09717173c555eced9e7a167f405b7d08ab18f,1858def1a1ecf0e1de87fdbb649b8586cd9210fb,10,1.0
1a7eb41f6f87462388d37ea0bd946a3a18ff4b07,womens_shorts_01M,dromedary,66c09717173c555eced9e7a167f405b7d08ab18f,d47c3fb53513386e01d13c19f771ca5eb0f7da90,7,1.0
1a7eb41f6f87462388d37ea0bd946a3a18ff4b07,womens_shorts_01M,flarenut_spanner,66c09717173c555eced9e7a167f405b7d08ab18f,3b87ec5ffc07c08a35116928a8b6ffb64390e0a4,7,1.0
1a7eb41f6f87462388d37ea0bd946a3a18ff4b07,womens_shorts_01M,interior_details_103_4,66c09717173c555eced9e7a167f405b7d08ab18f,6c726f0ba025cab6490df5c05a6c436be87205ad,13,1.0
1a7eb41f6f87462388d37ea0bd946a3a18ff4b07,womens_shorts_01M,interior_details_130_2,66c09717173c555eced9e7a167f405b7d08ab18f,f730e2fab41495e73bf0e665266a51a692d1ca54,12,1.0
1a7eb41f6f87462388d37ea0bd946a3a18ff4b07,womens_shorts_01M,kitchen_equipment_knife2,66c09717173c555eced9e7a167f405b7d08ab18f,4c406e5b2db8e63397199570ff59e65caeca5775,17,1.0
1a7eb41f6f87462388d37ea0bd946a3a18ff4b07,womens_shorts_01M,lo_poly_animal_CHICKDEE,66c09717173c555eced9e7a167f405b7d08ab18f,b95b95002cc603d8b4aec4836d1edc6b1f129efb,7,1.0
1a7eb41f6f87462388d37ea0bd946a3a18ff4b07,womens_shorts_01M,lo_poly_animal_ELE_AS1,66c09717173c555eced9e7a167f405b7d08ab18f,41313a938cb781cbd60a6870530e116a9d98e48c,7,1.0
1a7eb41f6f87462388d37ea0bd946a3a18ff4b07,womens_shorts_01M,lo_poly_animal_RHINO_2,66c09717173c555eced9e7a167f405b7d08ab18f,b87e834ba5e263774477edc6fc956070795ab1b6,19,1.0
1a7eb41f6f87462388d37ea0bd946a3a18ff4b07,womens_shorts_01M,lo_poly_animal_TRANTULA,66c09717173c555eced9e7a167f405b7d08ab18f,8f14ff8cf138e89d90211a7811968af08d4d7098,7,1.0
1a7eb41f6f87462388d37ea0bd946a3a18ff4b07,womens_shorts_01M,weimaraner,66c09717173c555eced9e7a167f405b7d08ab18f,4f263a161cdd009ff7f9aa88ed9be2b852772142,5,1.0
1a7eb41f6f87462388d37ea0bd946a3a18ff4b07,womens_shorts_01M,womens_stockings_01M,66c09717173c555eced9e7a167f405b7d08ab18f,7ed95b3ba88443ed63f25ffe0b5fb52d78dab676,11,1.0
1a7eb41f6f87462388d37ea0bd946a3a18ff4b07,womens_shorts_01M,zebra,66c09717173c555eced9e7a167f405b7d08ab18f,21afbd503b5d4f9c399c4a66baef6bd6e894715f,5,1.0
1eecb9c3fe08c876f5941c91784a14e42e8ca45c,MB28699,22_acoustic_guitar,ee36e4d66958199793add93da479822f4d1164e6,b17c9b116f73af5e54e294b1362187bb666a1737,14,0.8571428571428571
1eecb9c3fe08c876f5941c91784a14e42e8ca45c,MB28699,Hanger_02,ee36e4d66958199793add93da479822f4d1164e6,2ef7b8f76464ac15cea9c2eaf23bfb992cfa8a20,16,0.75
1eecb9c3fe08c876f5941c91784a14e42e8ca45c,MB28699,MB27346,ee36e4d66958199793add93da479822f4d1164e6,f3b1fb66463bf84b593dad9fd1028aa8db6f3720,27,0.8518518518518519
1eecb9c3fe08c876f5941c91784a14e42e8ca45c,MB28699,MB29874,ee36e4d66958199793add93da479822f4d1164e6,7cc042e01ac7e57de362ae777017d3e1b727c9f0,9,0.8888888888888888
1eecb9c3fe08c876f5941c91784a14e42e8ca45c,MB28699,MB30203,ee36e4d66958199793add93da479822f4d1164e6,e6e0c7209f8a7908c49f803651f7382e3a2e75c5,29,0.8275862068965517
1eecb9c3fe08c876f5941c91784a14e42e8ca45c,MB28699,MB30758,ee36e4d66958199793add93da479822f4d1164e6,61c2291042151124f703bb567c32ab30fda22360,6,0.8333333333333334
1eecb9c3fe08c876f5941c91784a14e42e8ca45c,MB28699,antique_furniture_item_18,ee36e4d66958199793add93da479822f4d1164e6,bad9c53885fbc5be5a358b2ae742704b9f280dfa,32,0.84375
1eecb9c3fe08c876f5941c91784a14e42e8ca45c,MB28699,build51,ee36e4d66958199793add93da479822f4d1164e6,c6a67bcc6433546d8ede05ca6b05e089509d27ed,46,0.8043478260869565
1eecb9c3fe08c876f5941c91784a14e42e8ca45c,MB28699,calc01,ee36e4d66958199793add93da479822f4d1164e6,1858def1a1ecf0e1de87fdbb649b8586cd9210fb,20,0.75
1eecb9c3fe08c876f5941c91784a14e42e8ca45c,MB28699,dromedary,ee36e4d66958199793add93da479822f4d1164e6,d47c3fb53513386e01d13c19f771ca5eb0f7da90,32,0.96875
1eecb9c3fe08c876f5941c91784a14e42e8ca45c,MB28699,flarenut_spanner,ee36e4d66958199793add93da479822f4d1164e6,3b87ec5ffc07c08a35116928a8b6ffb64390e0a4,16,0.875
1eecb9c3fe08c876f5941c91784a14e42e8ca45c,MB28699,interior_details_103_4,ee36e4d66958199793add93da479822f4d1164e6,6c726f0ba025cab6490df5c05a6c436be87205ad,28,0.8571428571428571
1eecb9c3fe08c876f5941c91784a14e42e8ca45c,MB28699,interior_details_130_2,ee36e4d66958199793add93da479822f4d1164e6,f730e2fab41495e73bf0e665266a51a692d1ca54,23,0.782608695652174
1eecb9c3fe08c876f5941c91784a14e42e8ca45c,MB28699,kitchen_equipment_knife2,ee36e4d66958199793add93da479822f4d1164e6,4c406e5b2db8e63397199570ff59e65caeca5775,9,0.6666666666666666
1eecb9c3fe08c876f5941c91784a14e42e8ca45c,MB28699,lo_poly_animal_BEAR_BLK,ee36e4d66958199793add93da479822f4d1164e6,3c6c194cc864f2a655446efa548eef153a393618,7,0.8571428571428571
1eecb9c3fe08c876f5941c91784a14e42e8ca45c,MB28699,lo_poly_animal_CHICKDEE,ee36e4d66958199793add93da479822f4d1164e6,b95b95002cc603d8b4aec4836d1edc6b1f129efb,24,0.8333333333333334
1eecb9c3fe08c876f5941c91784a14e42e8ca45c,MB28699,lo_poly_animal_ELE_AS1,ee36e4d66958199793add93da479822f4d1164e6,41313a938cb781cbd60a6870530e116a9d98e48c,21,0.7619047619047619
1eecb9c3fe08c876f5941c91784a14e42e8ca45c,MB28699,lo_poly_animal_RHINO_2,ee36e4d66958199793add93da479822f4d1164e6,b87e834ba5e263774477edc6fc956070795ab1b6,14,0.9285714285714286
1eecb9c3fe08c876f5941c91784a14e42e8ca45c,MB28699,lo_poly_animal_TRANTULA,ee36e4d66958199793add93da479822f4d1164e6,8f14ff8cf138e89d90211a7811968af08d4d7098,22,0.9090909090909091
1eecb9c3fe08c876f5941c91784a14e42e8ca45c,MB28699,weimaraner,ee36e4d66958199793add93da479822f4d1164e6,4f263a161cdd009ff7f9aa88ed9be2b852772142,6,0.8333333333333334
1eecb9c3fe08c876f5941c91784a14e42e8ca45c,MB28699,womens_shorts_01M,ee36e4d66958199793add93da479822f4d1164e6,66c09717173c555eced9e7a167f405b7d08ab18f,11,0.7272727272727273
1eecb9c3fe08c876f5941c91784a14e42e8ca45c,MB28699,womens_stockings_01M,ee36e4d66958199793add93da479822f4d1164e6,7ed95b3ba88443ed63f25ffe0b5fb52d78dab676,32,0.78125
1eecb9c3fe08c876f5941c91784a14e42e8ca45c,MB28699,zebra,ee36e4d66958199793add93da479822f4d1164e6,21afbd503b5d4f9c399c4a66baef6bd6e894715f,19,0.7894736842105263
1f7f0547d02060c00d84dd2f55fc4178a9317a1a,lo_poly_animal_ELE_AS1,22_acoustic_guitar,41313a938cb781cbd60a6870530e116a9d98e48c,b17c9b116f73af5e54e294b1362187bb666a1737,6,0.16666666666666666
1f7f0547d02060c00d84dd2f55fc4178a9317a1a,lo_poly_animal_ELE_AS1,MB27346,41313a938cb781cbd60a6870530e116a9d98e48c,f3b1fb66463bf84b593dad9fd1028aa8db6f3720,5,0.0
1f7f0547d02060c00d84dd2f55fc4178a9317a1a,lo_poly_animal_ELE_AS1,MB28699,41313a938cb781cbd60a6870530e116a9d98e48c,ee36e4d66958199793add93da479822f4d1164e6,6,0.16666666666666666
1f7f0547d02060c00d84dd2f55fc4178a9317a1a,lo_poly_animal_ELE_AS1,MB29874,41313a938cb781cbd60a6870530e116a9d98e48c,7cc042e01ac7e57de362ae777017d3e1b727c9f0,10,0.7
1f7f0547d02060c00d84dd2f55fc4178a9317a1a,lo_poly_animal_ELE_AS1,MB30203,41313a938cb781cbd60a6870530e116a9d98e48c,e6e0c7209f8a7908c49f803651f7382e3a2e75c5,21,0.14285714285714285
1f7f0547d02060c00d84dd2f55fc4178a9317a1a,lo_poly_animal_ELE_AS1,MB30758,41313a938cb781cbd60a6870530e116a9d98e48c,61c2291042151124f703bb567c32ab30fda22360,6,0.0
1f7f0547d02060c00d84dd2f55fc4178a9317a1a,lo_poly_animal_ELE_AS1,antique_furniture_item_18,41313a938cb781cbd60a6870530e116a9d98e48c,bad9c53885fbc5be5a358b2ae742704b9f280dfa,4,0.25
1f7f0547d02060c00d84dd2f55fc4178a9317a1a,lo_poly_animal_ELE_AS1,calc01,41313a938cb781cbd60a6870530e116a9d98e48c,1858def1a1ecf0e1de87fdbb649b8586cd9210fb,16,0.75
1f7f0547d02060c00d84dd2f55fc4178a9317a1a,lo_poly_animal_ELE_AS1,dromedary,41313a938cb781cbd60a6870530e116a9d98e48c,d47c3fb53513386e01d13c19f771ca5eb0f7da90,6,0.5
1f7f0547d02060c00d84dd2f55fc4178a9317a1a,lo_poly_animal_ELE_AS1,flarenut_spanner,41313a938cb781cbd60a6870530e116a9d98e48c,3b87ec5ffc07c08a35116928a8b6ffb64390e0a4,5,0.0
1f7f0547d02060c00d84dd2f55fc4178a9317a1a,lo_poly_animal_ELE_AS1,interior_details_103_4,41313a938cb781cbd60a6870530e116a9d98e48c,6c726f0ba025cab6490df5c05a6c436be87205ad,15,0.06666666666666667
1f7f0547d02060c00d84dd2f55fc4178a9317a1a,lo_poly_animal_ELE_AS1,interior_details_130_2,41313a938cb781cbd60a6870530e116a9d98e48c,f730e2fab41495e73bf0e665266a51a692d1ca54,5,0.0
1f7f0547d02060c00d84dd2f55fc4178a9317a1a,lo_poly_animal_ELE_AS1,kitchen_equipment_knife2,41313a938cb781cbd60a6870530e116a9d98e48c,4c406e5b2db8e63397199570ff59e65caeca5775,6,0.0
1f7f0547d02060c00d84dd2f55fc4178a9317a1a,lo_poly_animal_ELE_AS1,lo_poly_animal_CHICKDEE,41313a938cb781cbd60a6870530e116a9d98e48c,b95b95002cc603d8b4aec4836d1edc6b1f129efb,34,0.11764705882352941
1f7f0547d02060c00d84dd2f55fc4178a9317a1a,lo_poly_animal_ELE_AS1,lo_poly_animal_RHINO_2,41313a938cb781cbd60a6870530e116a9d98e48c,b87e834ba5e263774477edc6fc956070795ab1b6,6,0.6666666666666666
1f7f0547d02060c00d84dd2f55fc4178a9317a1a,lo_poly_animal_ELE_AS1,lo_poly_animal_TRANTULA,41313a938cb781cbd60a6870530e116a9d98e48c,8f14ff8cf138e89d90211a7811968af08d4d7098,10,0.5
1f7f0547d02060c00d84dd2f55fc4178a9317a1a,lo_poly_animal_ELE_AS1,weimaraner,41313a938cb781cbd60a6870530e116a9d98e48c,4f263a161cdd009ff7f9aa88ed9be2b852772142,17,0.35294117647058826
1f7f0547d02060c00d84dd2f55fc4178a9317a1a,lo_poly_animal_ELE_AS1,womens_shorts_01M,41313a938cb781cbd60a6870530e116a9d98e48c,66c09717173c555eced9e7a167f405b7d08ab18f,5,0.4
1f7f0547d02060c00d84dd2f55fc4178a9317a1a,lo_poly_animal_ELE_AS1,womens_stockings_01M,41313a938cb781cbd60a6870530e116a9d98e48c,7ed95b3ba88443ed63f25ffe0b5fb52d78dab676,9,0.7777777777777778
25656f8ea0accc929732bc98a04cb97d8e668928,dromedary,22_acoustic_guitar,d47c3fb53513386e01d13c19f771ca5eb0f7da90,b17c9b116f73af5e54e294b1362187bb666a1737,4,1.0
25656f8ea0accc929732bc98a04cb97d8e668928,dromedary,Hanger_02,d47c3fb53513386e01d13c19f771ca5eb0f7da90,2ef7b8f76464ac15cea9c2eaf23bfb992cfa8a20,11,1.0
25656f8ea0accc929732bc98a04cb97d8e668928,dromedary,MB27346,d47c3fb53513386e01d13c19f771ca5eb0f7da90,f3b1fb66463bf84b593dad9fd1028aa8db6f3720,5,1.0
25656f8ea0accc929732bc98a04cb97d8e668928,dromedary,MB28699,d47c3fb53513386e01d13c19f771ca5eb0f7da90,ee36e4d66958199793add93da479822f4d1164e6,7,1.0
25656f8ea0accc929732bc98a04cb97d8e668928,dromedary,MB29874,d47c3fb53513386e01d13c19f771ca5eb0f7da90,7cc042e01ac7e57de362ae777017d3e1b727c9f0,7,1.0
25656f8ea0accc929732bc98a04cb97d8e668928,dromedary,MB30758,d47c3fb53513386e01d13c19f771ca5eb0f7da90,61c2291042151124f703bb567c32ab30fda22360,7,1.0
25656f8ea0accc929732bc98a04cb97d8e668928,dromedary,antique_furniture_item_18,d47c3fb53513386e01d13c19f771ca5eb0f7da90,bad9c53885fbc5be5a358b2ae742704b9f280dfa,16,1.0
25656f8ea0accc929732bc98a04cb97d8e668928,dromedary,build51,d47c3fb53513386e01d13c19f771ca5eb0f7da90,c6a67bcc6433546d8ede05ca6b05e089509d27ed,15,1.0
25656f8ea0accc929732bc98a04cb97d8e668928,dromedary,calc01,d47c3fb53513386e01d13c19f771ca5eb0f7da90,1858def1a1ecf0e1de87fdbb649b8586cd9210fb,12,1.0
25656f8ea0accc929732bc98a04cb97d8e668928,dromedary,flarenut_spanner,d47c3fb53513386e01d13c19f771ca5eb0f7da90,3b87ec5ffc07c08a35116928a8b6ffb64390e0a4,16,1.0
25656f8ea0accc929732bc98a04cb97d8e668928,dromedary,interior_details_103_4,d47c3fb53513386e01d13c19f771ca5eb0f7da90,6c726f0ba025cab6490df5c05a6c436be87205ad,6,1.0
25656f8ea0accc929732bc98a04cb97d8e668928,dromedary,interior_details_130_2,d47c3fb53513386e01d13c19f771ca5eb0f7da90,f730e2fab41495e73bf0e665266a51a692d1ca54,16,1.0
25656f8ea0accc929732bc98a04cb97d8e668928,dromedary,kitchen_equipment_knife2,d47c3fb53513386e01d13c19f771ca5eb0f7da90,4c406e5b2db8e63397199570ff59e65caeca5775,13,1.0
25656f8ea0accc929732bc98a04cb97d8e668928,dromedary,lo_poly_animal_BEAR_BLK,d47c3fb53513386e01d13c19f771ca5eb0f7da90,3c6c194cc864f2a655446efa548eef153a393618,18,1.0
25656f8ea0accc929732bc98a04cb97d8e668928,dromedary,lo_poly_animal_CHICKDEE,d47c3fb53513386e01d13c19f771ca5eb0f7da90,b95b95002cc603d8b4aec4836d1edc6b1f129efb,10,1.0
25656f8ea0accc929732bc98a04cb97d8e668928,dromedary,lo_poly_animal_ELE_AS1,d47c3fb53513386e01d13c19f771ca5eb0f7da90,41313a938cb781cbd60a6870530e116a9d98e48c,8,0.875
25656f8ea0accc929732bc98a04cb97d8e668928,dromedary,lo_poly_animal_RHINO_2,d47c3fb53513386e01d13c19f771ca5eb0f7da90,b87e834ba5e263774477edc6fc956070795ab1b6,8,1.0
25656f8ea0accc929732bc98a04cb97d8e668928,dromedary,weimaraner,d47c3fb53513386e01d13c19f771ca5eb0f7da90,4f263a161cdd009ff7f9aa88ed9be2b852772142,5,1.0
25656f8ea0accc929732bc98a04cb97d8e668928,dromedary,womens_shorts_01M,d47c3fb53513386e01d13c19f771ca5eb0f7da90,66c09717173c555eced9e7a167f405b7d08ab18f,6,1.0
25656f8ea0accc929732bc98a04cb97d8e668928,dromedary,womens_stockings_01M,d47c3fb53513386e01d13c19f771ca5eb0f7da90,7ed95b3ba88443ed63f25ffe0b5fb52d78dab676,4,1.0
25656f8ea0accc929732bc98a04cb97d8e668928,dromedary,zebra,d47c3fb53513386e01d13c19f771ca5eb0f7da90,21afbd503b5d4f9c399c4a66baef6bd6e894715f,5,1.0
2572c1544b1ab3d6e038bb4b4520c2cb9b23b39c,kitchen_equipment_knife2,22_acoustic_guitar,4c406e5b2db8e63397199570ff59e65caeca5775,b17c9b116f73af5e54e294b1362187bb666a1737,15,0.9333333333333333
2572c1544b1ab3d6e038bb4b4520c2cb9b23b39c,kitchen_equipment_knife2,Hanger_02,4c406e5b2db8e63397199570ff59e65caeca5775,2ef7b8f76464ac15cea9c2eaf23bfb992cfa8a20,19,0.9473684210526315
2572c1544b1ab3d6e038bb4b4520c2cb9b23b39c,kitchen_equipment_knife2,MB27346,4c406e5b2db8e63397199570ff59e65caeca5775,f3b1fb66463bf84b593dad9fd1028aa8db6f3720,4,0.75
2572c1544b1ab3d6e038bb4b4520c2cb9b23b39c,kitchen_equipment_knife2,MB28699,4c406e5b2db8e63397199570ff59e65caeca5775,ee36e4d66958199793add93da479822f4d1164e6,9,0.6666666666666666
2572c1544b1ab3d6e038bb4b4520c2cb9b23b39c,kitchen_equipment_knife2,MB30203,4c406e5b2db8e63397199570ff59e65caeca5775,e6e0c7209f8a7908c49f803651f7382e3a2e75c5,8,1.0
2572c1544b1ab3d6e038bb4b4520c2cb9b23b39c,kitchen_equipment_knife2,MB30758,4c406e5b2db8e63397199570ff59e65caeca5775,61c2291042151124f703bb567c32ab30fda22360,9,1.0
2572c1544b1ab3d6e038bb4b4520c2cb9b23b39c,kitchen_equipment_knife2,build51,4c406e5b2db8e63397199570ff59e65caeca5775,c6a67bcc6433546d8ede05ca6b05e089509d27ed,7,1.0
2572c1544b1ab3d6e038bb4b4520c2cb9b23b39c,kitchen_equipment_knife2,dromedary,4c406e5b2db8e63397199570ff59e65caeca5775,d47c3fb53513386e01d13c19f771ca5eb0f7da90,7,1.0
2572c1544b1ab3d6e038bb4b4520c2cb9b23b39c,kitchen_equipment_knife2,flarenut_spanner,4c406e5b2db8e63397199570ff59e65caeca5775,3b87ec5ffc07c08a35116928a8b6ffb64390e0a4,6,0.6666666666666666
2572c1544b1ab3d6e038bb4b4520c2cb9b23b39c,kitchen_equipment_knife2,interior_details_103_4,4c406e5b2db8e63397199570ff59e65caeca5775,6c726f0ba025cab6490df5c05a6c436be87205ad,7,1.0
2572c1544b1ab3d6e038bb4b4520c2cb9b23b39c,kitchen_equipment_knife2,interior_details_130_2,4c406e5b2db8e63397199570ff59e65caeca5775,f730e2fab41495e73bf0e665266a51a692d1ca54,5,0.8
2572c1544b1ab3d6e038bb4b4520c2cb9b23b39c,kitchen_equipment_knife2,lo_poly_animal_BEAR_BLK,4c406e5b2db8e63397199570ff59e65caeca5775,3c6c194cc864f2a655446efa548eef153a393618,7,0.8571428571428571
2572c1544b1ab3d6e038bb4b4520c2cb9b23b39c,kitchen_equipment_knife2,lo_poly_animal_ELE_AS1,4c406e5b2db8e63397199570ff59e65caeca5775,41313a938cb781cbd60a6870530e116a9d98e48c,9,0.8888888888888888
2572c1544b1ab3d6e038bb4b4520c2cb9b23b39c,kitchen_equipment_knife2,lo_poly_animal_RHINO_2,4c406e5b2db8e63397199570ff59e65caeca5775,b87e834ba5e263774477edc6fc956070795ab1b6,9,1.0
2572c1544b1ab3d6e038bb4b4520c2cb9b23b39c,kitchen_equipment_knife2,lo_poly_animal_TRANTULA,4c406e5b2db8e63397199570ff59e65caeca5775,8f14ff8cf138e89d90211a7811968af08d4d7098,15,0.9333333333333333
2572c1544b1ab3d6e038bb4b4520c2cb9b23b39c,kitchen_equipment_knife2,weimaraner,4c406e5b2db8e63397199570ff59e65caeca5775,4f263a161cdd009ff7f9aa88ed9be2b852772142,8,1.0
2572c1544b1ab3d6e038bb4b4520c2cb9b23b39c,kitchen_equipment_knife2,womens_shorts_01M,4c406e5b2db8e63397199570ff59e65caeca5775,66c09717173c555eced9e7a167f405b7d08ab18f,9,1.0
2572c1544b1ab3d6e038bb4b4520c2cb9b23b39c,kitchen_equipment_knife2,womens_stockings_01M,4c406e5b2db8e63397199570ff59e65caeca5775,7ed95b3ba88443ed63f25ffe0b5fb52d78dab676,6,1.0
2572c1544b1ab3d6e038bb4b4520c2cb9b23b39c,kitchen_equipment_knife2,zebra,4c406e5b2db8e63397199570ff59e65caeca5775,21afbd503b5d4f9c399c4a66baef6bd6e894715f,11,1.0
25abccd0246a0ac2034e4088af086605ec40b01a,lo_poly_animal_TRANTULA,Hanger_02,8f14ff8cf138e89d90211a7811968af08d4d7098,2ef7b8f76464ac15cea9c2eaf23bfb992cfa8a20,8,1.0
25abccd0246a0ac2034e4088af086605ec40b01a,lo_poly_animal_TRANTULA,MB27346,8f14ff8cf138e89d90211a7811968af08d4d7098,f3b1fb66463bf84b593dad9fd1028aa8db6f3720,21,0.9523809523809523
25abccd0246a0ac2034e4088af086605ec40b01a,lo_poly_animal_TRANTULA,MB28699,8f14ff8cf138e89d90211a7811968af08d4d7098,ee36e4d66958199793add93da479822f4d1164e6,8,1.0
25abccd0246a0ac2034e4088af086605ec40b01a,lo_poly_animal_TRANTULA,MB30203,8f14ff8cf138e89d90211a7811968af08d4d7098,e6e0c7209f8a7908c49f803651f7382e3a2e75c5,10,1.0
25abccd0246a0ac2034e4088af086605ec40b01a,lo_poly_animal_TRANTULA,MB30758,8f14ff8cf138e89d90211a7811968af08d4d7098,61c2291042151124f703bb567c32ab30fda22360,14,1.0
25abccd0246a0ac2034e4088af086605ec40b01a,lo_poly_animal_TRANTULA,antique_furniture_item_18,8f14ff8cf138e89d90211a7811968af08d4d7098,bad9c53885fbc5be5a358b2ae742704b9f280dfa,7,1.0
25abccd0246a0ac2034e4088af086605ec40b01a,lo_poly_animal_TRANTULA,build51,8f14ff8cf138e89d90211a7811968af08d4d7098,c6a67bcc6433546d8ede05ca6b05e089509d27ed,10,1.0
25abccd0246a0ac2034e4088af086605ec40b01a,lo_poly_animal_TRANTULA,calc01,8f14ff8cf138e89d90211a7811968af08d4d7098,1858def1a1ecf0e1de87fdbb649b8586cd9210fb,16,0.9375
25abccd0246a0ac2034e4088af086605ec40b01a,lo_poly_animal_TRANTULA,dromedary,8f14ff8cf138e89d90211a7811968af08d4d7098,d47c3fb53513386e01d13c19f771ca5eb0f7da90,5,1.0
25abccd0246a0ac2034e4088af086605ec40b01a,lo_poly_animal_TRANTULA,flarenut_spanner,8f14ff8cf138e89d90211a7811968af08d4d7098,3b87ec5ffc07c08a35116928a8b6ffb64390e0a4,17,0.9411764705882353
25abccd0246a0ac2034e4088af086605ec40b01a,lo_poly_animal_TRANTULA,interior_details_103_4,8f14ff8cf138e89d90211a7811968af08d4d7098,6c726f0ba025cab6490df5c05a6c436be87205ad,6,1.0
25abccd0246a0ac2034e4088af086605ec40b01a,lo_poly_animal_TRANTULA,interior_details_130_2,8f14ff8cf138e89d90211a7811968af08d4d7098,f730e2fab41495e73bf0e665266a51a692d1ca54,26,0.9615384615384616
25abccd0246a0ac2034e4088af086605ec40b01a,lo_poly_animal_TRANTULA,kitchen_equipment_knife2,8f14ff8cf138e89d90211a7811968af08d4d7098,4c406e5b2db8e63397199570ff59e65caeca5775,13,1.0
25abccd0246a0ac2034e4088af086605ec40b01a,lo_poly_animal_TRANTULA,lo_poly_animal_BEAR_BLK,8f14ff8cf138e89d90211a7811968af08d4d7098,3c6c194cc864f2a655446efa548eef153a393618,20,1.0
25abccd0246a0ac2034e4088af086605ec40b01a,lo_poly_animal_TRANTULA,lo_poly_animal_CHICKDEE,8f14ff8cf138e89d90211a7811968af08d4d7098,b95b95002cc603d8b4aec4836d1edc6b1f129efb,8,0.875
25abccd0246a0ac2034e4088af086605ec40b01a,lo_poly_animal_TRANTULA,lo_poly_animal_ELE_AS1,8f14ff8cf138e89d90211a7811968af08d4d7098,41313a938cb781cbd60a6870530e116a9d98e48c,8,1.0
25abccd0246a0ac2034e4088af086605ec40b01a,lo_poly_animal_TRANTULA,lo_poly_animal_RHINO_2,8f14ff8cf138e89d90211a7811968af08d4d7098,b87e834ba5e263774477edc6fc956070795ab1b6,32,1.0
25abccd0246a0ac2034e4088af086605ec40b01a,lo_poly_animal_TRANTULA,weimaraner,8f14ff8cf138e89d90211a7811968af08d4d7098,4f263a161cdd009ff7f9aa88ed9be2b852772142,14,1.0
25abccd0246a0ac2034e4088af086605ec40b01a,lo_poly_animal_TRANTULA,womens_shorts_01M,8f14ff8cf138e89d90211a7811968af08d4d7098,66c09717173c555eced9e7a167f405b7d08ab18f,8,1.0
25abccd0246a0ac2034e4088af086605ec40b01a,lo_poly_animal_TRANTULA,womens_stockings_01M,8f14ff8cf138e89d90211a7811968af08d4d7098,7ed95b3ba88443ed63f25ffe0b5fb52d78dab676,5,0.6
26a6f605b8e45449320cb0ce34f9f8dc54600652,interior_details_130_2,22_acoustic_guitar,f730e2fab41495e73bf0e665266a51a692d1ca54,b17c9b116f73af5e54e294b1362187bb666a1737,9,1.0
26a6f605b8e45449320cb0ce34f9f8dc54600652,interior_details_130_2,Hanger_02,f730e2fab41495e73bf0e665266a51a692d1ca54,2ef7b8f76464ac15cea9c2eaf23bfb992cfa8a20,12,1.0
26a6f605b8e45449320cb0ce34f9f8dc54600652,interior_details_130_2,MB27346,f730e2fab41495e73bf0e665266a51a692d1ca54,f3b1fb66463bf84b593dad9fd1028aa8db6f3720,15,1.0
26a6f605b8e45449320cb0ce34f9f8dc54600652,interior_details_130_2,MB28699,f730e2fab41495e73bf0e665266a51a692d1ca54,ee36e4d66958199793add93da479822f4d1164e6,14,0.9285714285714286
26a6f605b8e45449320cb0ce34f9f8dc54600652,interior_details_130_2,MB30203,f730e2fab41495e73bf0e665266a51a692d1ca54,e6e0c7209f8a7908c49f803651f7382e3a2e75c5,6,1.0
26a6f605b8e45449320cb0ce34f9f8dc54600652,interior_details_130_2,MB30758,f730e2fab41495e73bf0e665266a51a692d1ca54,61c2291042151124f703bb567c32ab30fda22360,6,1.0
26a6f605b8e45449320cb0ce34f9f8dc54600652,interior_details_130_2,build51,f730e2fab41495e73bf0e665266a51a692d1ca54,c6a67bcc6433546d8ede05ca6b05e089509d27ed,8,1.0
26a6f605b8e45449320cb0ce34f9f8dc54600652,interior_details_130_2,calc01,f730e2fab41495e73bf0e665266a51a692d1ca54,1858def1a1ecf0e1de87fdbb649b8586cd9210fb,4,1.0
26a6f605b8e45449320cb0ce34f9f8dc54600652,interior_details_130_2,dromedary,f730e2fab41495e73bf0e665266a51a692d1ca54,d47c3fb53513386e01d13c19f771ca5eb0f7da90,12,1.0
26a6f605b8e45449320cb0ce34f9f8dc54600652,interior_details_130_2,flarenut_spanner,f730e2fab41495e73bf0e665266a51a692d1ca54,3b87ec5ffc07c08a35116928a8b6ffb64390e0a4,5,1.0
26a6f605b8e45449320cb0ce34f9f8dc54600652,interior_details_130_2,interior_details_103_4,f730e2fab41495e73bf0e665266a51a692d1ca54,6c726f0ba025cab6490df5c05a6c436be87205ad,9,1.0
26a6f605b8e45449320cb0ce34f9f8dc54600652,interior_details_130_2,lo_poly_animal_BEAR_BLK,f730e2fab41495e73bf0e665266a51a692d1ca54,3c6c194cc864f2a655446efa548eef153a393618,12,1.0
26a6f605b8e45449320cb0ce34f9f8dc54600652,interior_details_130_2,lo_poly_animal_CHICKDEE,f730e2fab41495e73bf0e665266a51a692d1ca54,b95b95002cc603d8b4aec4836d1edc6b1f129efb,7,1.0
26a6f605b8e45449320cb0ce34f9f8dc54600652,interior_details_130_2,lo_poly_animal_ELE_AS1,f730e2fab41495e73bf0e665266a51a692d1ca54,41313a938cb781cbd60a6870530e116a9d98e48c,4,1.0
26a6f605b8e45449320cb0ce34f9f8dc54600652,interior_details_130_2,lo_poly_animal_RHINO_2,f730e2fab41495e73bf0e665266a51a692d1ca54,b87e834ba5e263774477edc6fc956070795ab1b6,7,1.0
26a6f605b8e45449320cb0ce34f9f8dc54600652,interior_details_130_2,lo_poly_animal_TRANTULA,f730e2fab41495e73bf0e665266a51a692d1ca54,8f14ff8cf138e89d90211a7811968af08d4d7098,7,1.0
26a6f605b8e45449320cb0ce34f9f8dc54600652,interior_details_130_2,weimaraner,f730e2fab41495e73bf0e665266a51a692d1ca54,4f263a161cdd009ff7f9aa88ed9be2b852772142,12,1.0
26a6f605b8e45449320cb0ce34f9f8dc54600652,interior_details_130_2,womens_shorts_01M,f730e2fab41495e73bf0e665266a51a692d1ca54,66c09717173c555eced9e7a167f405b7d08ab18f,11,1.0
26a6f605b8e45449320cb0ce34f9f8dc54600652,interior_details_130_2,womens_stockings_01M,f730e2fab41495e73bf0e665266a51a692d1ca54,7ed95b3ba88443ed63f25ffe0b5fb52d78dab676,9,1.0
26a6f605b8e45449320cb0ce34f9f8dc54600652,interior_details_130_2,zebra,f730e2fab41495e73bf0e665266a51a692d1ca54,21afbd503b5d4f9c399c4a66baef6bd6e894715f,6,1.0
27a8ac6c0b8c448decea6057fdb14be7cb2347f0,lo_poly_animal_RHINO_2,22_acoustic_guitar,b87e834ba5e263774477edc6fc956070795ab1b6,b17c9b116f73af5e54e294b1362187bb666a1737,7,1.0
27a8ac6c0b8c448decea6057fdb14be7cb2347f0,lo_poly_animal_RHINO_2,MB27346,b87e834ba5e263774477edc6fc956070795ab1b6,f3b1fb66463bf84b593dad9fd1028aa8db6f3720,8,1.0
27a8ac6c0b8c448decea6057fdb14be7cb2347f0,lo_poly_animal_RHINO_2,MB28699,b87e834ba5e263774477edc6fc956070795ab1b6,ee36e4d66958199793add93da479822f4d1164e6,17,1.0
27a8ac6c0b8c448decea6057fdb14be7cb2347f0,lo_poly_animal_RHINO_2,MB29874,b87e834ba5e263774477edc6fc956070795ab1b6,7cc042e01ac7e57de362ae777017d3e1b727c9f0,5,1.0
27a8ac6c0b8c448decea6057fdb14be7cb2347f0,lo_poly_animal_RHINO_2,MB30758,b87e834ba5e263774477edc6fc956070795ab1b6,61c2291042151124f703bb567c32ab30fda22360,12,1.0
27a8ac6c0b8c448decea6057fdb14be7cb2347f0,lo_poly_animal_RHINO_2,antique_furniture_item_18,b87e834ba5e263774477edc6fc956070795ab1b6,bad9c53885fbc5be5a358b2ae742704b9f280dfa,13,1.0
27a8ac6c0b8c448decea6057fdb14be7cb2347f0,lo_poly_animal_RHINO_2,build51,b87e834ba5e263774477edc6fc956070795ab1b6,c6a67bcc6433546d8ede05ca6b05e089509d27ed,6,1.0
27a8ac6c0b8c448decea6057fdb14be7cb2347f0,lo_poly_animal_RHINO_2,calc01,b87e834ba5e263774477edc6fc956070795ab1b6,1858def1a1ecf0e1de87fdbb649b8586cd9210fb,8,1.0
27a8ac6c0b8c448decea6057fdb14be7cb2347f0,lo_poly_animal_RHINO_2,dromedary,b87e834ba5e263774477edc6fc956070795ab1b6,d47c3fb53513386e01d13c19f771ca5eb0f7da90,10,1.0
27a8ac6c0b8c448decea6057fdb14be7cb2347f0,lo_poly_animal_RHINO_2,flarenut_spanner,b87e834ba5e263774477edc6fc956070795ab1b6,3b87ec5ffc07c08a35116928a8b6ffb64390e0a4,13,1.0
27a8ac6c0b8c448decea6057fdb14be7cb2347f0,lo_poly_animal_RHINO_2,interior_details_103_4,b87e834ba5e263774477edc6fc956070795ab1b6,6c726f0ba025cab6490df5c05a6c436be87205ad,16,1.0
27a8ac6c0b8c448decea6057fdb14be7cb2347f0,lo_poly_animal_RHINO_2,interior_details_130_2,b87e834ba5e263774477edc6fc956070795ab1b6,f730e2fab41495e73bf0e665266a51a692d1ca54,10,1.0
27a8ac6c0b8c448decea6057fdb14be7cb2347f0,lo_poly_animal_RHINO_2,kitchen_equipment_knife2,b87e834ba5e263774477edc6fc956070795ab1b6,4c406e5b2db8e63397199570ff59e65caeca5775,8,0.875
27a8ac6c0b8c448decea6057fdb14be7cb2347f0,lo_poly_animal_RHINO_2,lo_poly_animal_BEAR_BLK,b87e834ba5e263774477edc6fc956070795ab1b6,3c6c194cc864f2a655446efa548eef153a393618,4,1.0
27a8ac6c0b8c448decea6057fdb14be7cb2347f0,lo_poly_animal_RHINO_2,lo_poly_animal_CHICKDEE,b87e834ba5e263774477edc6fc956070795ab1b6,b95b95002cc603d8b4aec4836d1edc6b1f129efb,8,1.0
27a8ac6c0b8c448decea6057fdb14be7cb2347f0,lo_poly_animal_RHINO_2,lo_poly_animal_ELE_AS1,b87e834ba5e263774477edc6fc956070795ab1b6,41313a938cb781cbd60a6870530e116a9d98e48c,19,0.7368421052631579
27a8ac6c0b8c448decea6057fdb14be7cb2347f0,lo_poly_animal_RHINO_2,lo_poly_animal_TRANTULA,b87e834ba5e263774477edc6fc956070795ab1b6,8f14ff8cf138e89d90211a7811968af08d4d7098,8,1.0
27a8ac6c0b8c448decea6057fdb14be7cb2347f0,lo_poly_animal_RHINO_2,weimaraner,b87e834ba5e263774477edc6fc956070795ab1b6,4f263a161cdd009ff7f9aa88ed9be2b852772142,16,0.875
27a8ac6c0b8c448decea6057fdb14be7cb2347f0,lo_poly_animal_RHINO_2,womens_shorts_01M,b87e834ba5e263774477edc6fc956070795ab1b6,66c09717173c555eced9e7a167f405b7d08ab18f,7,0.8571428571428571
27a8ac6c0b8c448decea6057fdb14be7cb2347f0,lo_poly_animal_RHINO_2,womens_stockings_01M,b87e834ba5e263774477edc6fc956070795ab1b6,7ed95b3ba88443ed63f25ffe0b5fb52d78dab676,10,0.9
288097f8d2973f2da0b7d2b7411a26dbcb27d8f8,lo_poly_animal_RHINO_2,Hanger_02,b87e834ba5e263774477edc6fc956070795ab1b6,2ef7b8f76464ac15cea9c2eaf23bfb992cfa8a20,12,1.0
288097f8d2973f2da0b7d2b7411a26dbcb27d8f8,lo_poly_animal_RHINO_2,MB27346,b87e834ba5e263774477edc6fc956070795ab1b6,f3b1fb66463bf84b593dad9fd1028aa8db6f3720,6,1.0
288097f8d2973f2da0b7d2b7411a26dbcb27d8f8,lo_poly_animal_RHINO_2,MB28699,b87e834ba5e263774477edc6fc956070795ab1b6,ee36e4d66958199793add93da479822f4d1164e6,10,1.0
288097f8d2973f2da0b7d2b7411a26dbcb27d8f8,lo_poly_animal_RHINO_2,MB29874,b87e834ba5e263774477edc6fc956070795ab1b6,7cc042e01ac7e57de362ae777017d3e1b727c9f0,9,0.8888888888888888
288097f8d2973f2da0b7d2b7411a26dbcb27d8f8,lo_poly_animal_RHINO_2,MB30758,b87e834ba5e263774477edc6fc956070795ab1b6,61c2291042151124f703bb567c32ab30fda22360,26,1.0
288097f8d2973f2da0b7d2b7411a26dbcb27d8f8,lo_poly_animal_RHINO_2,antique_furniture_item_18,b87e834ba5e263774477edc6fc956070795ab1b6,bad9c53885fbc5be5a358b2ae742704b9f280dfa,6,1.0
288097f8d2973f2da0b7d2b7411a26dbcb27d8f8,lo_poly_animal_RHINO_2,build51,b87e834ba5e263774477edc6fc956070795ab1b6,c6a67bcc6433546d8ede05ca6b05e089509d27ed,8,1.0
288097f8d2973f2da0b7d2b7411a26dbcb27d8f8,lo_poly_animal_RHINO_2,calc01,b87e834ba5e263774477edc6fc956070795ab1b6,1858def1a1ecf0e1de87fdbb649b8586cd9210fb,24,0.9583333333333334
288097f8d2973f2da0b7d2b7411a26dbcb27d8f8,lo_poly_animal_RHINO_2,dromedary,b87e834ba5e263774477edc6fc956070795ab1b6,d47c3fb53513386e01d13c19f771ca5eb0f7da90,6,0.8333333333333334
288097f8d2973f2da0b7d2b7411a26dbcb27d8f8,lo_poly_animal_RHINO_2,flarenut_spanner,b87e834ba5e263774477edc6fc956070795ab1b6,3b87ec5ffc07c08a35116928a8b6ffb64390e0a4,9,1.0
288097f8d2973f2da0b7d2b7411a26dbcb27d8f8,lo_poly_animal_RHINO_2,interior_details_103_4,b87e834ba5e263774477edc6fc956070795ab1b6,6c726f0ba025cab6490df5c05a6c436be87205ad,5,1.0
288097f8d2973f2da0b7d2b7411a26dbcb27d8f8,lo_poly_animal_RHINO_2,interior_details_130_2,b87e834ba5e263774477edc6fc956070795ab1b6,f730e2fab41495e73bf0e665266a51a692d1ca54,8,1.0
288097f8d2973f2da0b7d2b7411a26dbcb27d8f8,lo_poly_animal_RHINO_2,kitchen_equipment_knife2,b87e834ba5e263774477edc6fc956070795ab1b6,4c406e5b2db8e63397199570ff59e65caeca5775,9,1.0
288097f8d2973f2da0b7d2b7411a26dbcb27d8f8,lo_poly_animal_RHINO_2,lo_poly_animal_BEAR_BLK,b87e834ba5e263774477edc6fc956070795ab1b6,3c6c194cc864f2a655446efa548eef153a393618,13,1.0
288097f8d2973f2da0b7d2b7411a26dbcb27d8f8,lo_poly_animal_RHINO_2,lo_poly_animal_CHICKDEE,b87e834ba5e263774477edc6fc956070795ab1b6,b95b95002cc603d8b4aec4836d1edc6b1f129efb,11,0.9090909090909091
288097f8d2973f2da0b7d2b7411a26dbcb27d8f8,lo_poly_animal_RHINO_2,lo_poly_animal_ELE_AS1,b87e834ba5e263774477edc6fc956070795ab1b6,41313a938cb781cbd60a6870530e116a9d98e48c,9,0.8888888888888888
288097f8d2973f2da0b7d2b7411a26dbcb27d8f8,lo_poly_animal_RHINO_2,lo_poly_animal_TRANTULA,b87e834ba5e263774477edc6fc956070795ab1b6,8f14ff8cf138e89d90211a7811968af08d4d7098,6,1.0
288097f8d2973f2da0b7d2b7411a26dbcb27d8f8,lo_poly_animal_RHINO_2,weimaraner,b87e834ba5e263774477edc6fc956070795ab1b6,4f263a161cdd009ff7f9aa88ed9be2b852772142,10,0.9
288097f8d2973f2da0b7d2b7411a26dbcb27d8f8,lo_poly_animal_RHINO_2,womens_shorts_01M,b87e834ba5e263774477edc6fc956070795ab1b6,66c09717173c555eced9e7a167f405b7d08ab18f,9,1.0
288097f8d2973f2da0b7d2b7411a26dbcb27d8f8,lo_poly_animal_RHINO_2,womens_stockings_01M,b87e834ba5e263774477edc6fc956070795ab1b6,7ed95b3ba88443ed63f25ffe0b5fb52d78dab676,11,1.0
288097f8d2973f2da0b7d2b7411a26dbcb27d8f8,lo_poly_animal_RHINO_2,zebra,b87e834ba5e263774477edc6fc956070795ab1b6,21afbd503b5d4f9c399c4a66baef6bd6e894715f,6,1.0
28da42cb041b1be9407bfa85eed99b12e81f08f9,womens_shorts_01M,22_acoustic_guitar,66c09717173c555eced9e7a167f405b7d08ab18f,b17c9b116f73af5e54e294b1362187bb666a1737,10,1.0
28da42cb041b1be9407bfa85eed99b12e81f08f9,womens_shorts_01M,Hanger_02,66c09717173c555eced9e7a167f405b7d08ab18f,2ef7b8f76464ac15cea9c2eaf23bfb992cfa8a20,17,0.9411764705882353
28da42cb041b1be9407bfa85eed99b12e81f08f9,womens_shorts_01M,MB27346,66c09717173c555eced9e7a167f405b7d08ab18f,f3b1fb66463bf84b593dad9fd1028aa8db6f3720,9,1.0
28da42cb041b1be9407bfa85eed99b12e81f08f9,womens_shorts_01M,MB28699,66c09717173c555eced9e7a167f405b7d08ab18f,ee36e4d66958199793add93da479822f4d1164e6,10,1.0
28da42cb041b1be9407bfa85eed99b12e81f08f9,womens_shorts_01M,MB30758,66c09717173c555eced9e7a167f405b7d08ab18f,61c2291042151124f703bb567c32ab30fda22360,19,0.9473684210526315
28da42cb041b1be9407bfa85eed99b12e81f08f9,womens_shorts_01M,antique_furniture_item_18,66c09717173c555eced9e7a167f405b7d08ab18f,bad9c53885fbc5be5a358b2ae742704b9f280dfa,15,1.0
28da42cb041b1be9407bfa85eed99b12e81f08f9,womens_shorts_01M,build51,66c09717173c555eced9e7a167f405b7d08ab18f,c6a67bcc6433546d8ede05ca6b05e089509d27ed,4,1.0
28da42cb041b1be9407bfa85eed99b12e81f08f9,womens_shorts_01M,calc01,66c09717173c555eced9e7a167f405b7d08ab18f,1858def1a1ecf0e1de87fdbb649b8586cd9210fb,7,1.0
28da42cb041b1be9407bfa85eed99b12e81f08f9,womens_shorts_01M,dromedary,66c09717173c555eced9e7a167f405b7d08ab18f,d47c3fb53513386e01d13c19f771ca5eb0f7da90,6,1.0
28da42cb041b1be9407bfa85eed99b12e81f08f9,womens_shorts_01M,flarenut_spanner,66c09717173c555eced9e7a167f405b7d08ab18f,3b87ec5ffc07c08a35116928a8b6ffb64390e0a4,7,1.0
28da42cb041b1be9407bfa85eed99b12e81f08f9,womens_shorts_01M,interior_details_103_4,66c09717173c555eced9e7a167f405b7d08ab18f,6c726f0ba025cab6490df5c05a6c436be87205ad,17,1.0
28da42cb041b1be9407bfa85eed99b12e81f08f9,womens_shorts_01M,interior_details_130_2,66c09717173c555eced9e7a167f405b7d08ab18f,f730e2fab41495e73bf0e665266a51a692d1ca54,5,1.0
28da42cb041b1be9407bfa85eed99b12e81f08f9,womens_shorts_01M,kitchen_equipment_knife2,66c09717173c555eced9e7a167f405b7d08ab18f,4c406e5b2db8e63397199570ff59e65caeca5775,6,1.0
28da42cb041b1be9407bfa85eed99b12e81f08f9,womens_shorts_01M,lo_poly_animal_BEAR_BLK,66c09717173c555eced9e7a167f405b7d08ab18f,3c6c194cc864f2a655446efa548eef153a393618,6,1.0
28da42cb041b1be9407bfa85eed99b12e81f08f9,womens_shorts_01M,lo_poly_animal_CHICKDEE,66c09717173c555eced9e7a167f405b7d08ab18f,b95b95002cc603d8b4aec4836d1edc6b1f129efb,15,1.0
28da42cb041b1be9407bfa85eed99b12e81f08f9,womens_shorts_01M,lo_poly_animal_ELE_AS1,66c09717173c555eced9e7a167f405b7d08ab18f,41313a938cb781cbd60a6870530e116a9d98e48c,12,1.0
28da42cb041b1be9407bfa85eed99b12e81f08f9,womens_shorts_01M,lo_poly_animal_RHINO_2,66c09717173c555eced9e7a167f405b7d08ab18f,b87e834ba5e263774477edc6fc956070795ab1b6,18,1.0
28da42cb041b1be9407bfa85eed99b12e81f08f9,womens_shorts_01M,lo_poly_animal_TRANTULA,66c09717173c555eced9e7a167f405b7d08ab18f,8f14ff8cf138e89d90211a7811968af08d4d7098,8,1.0
28da42cb041b1be9407bfa85eed99b12e81f08f9,womens_shorts_01M,womens_stockings_01M,66c09717173c555eced9e7a167f405b7d08ab18f,7ed95b3ba88443ed63f25ffe0b5fb52d78dab676,14,1.0
2d22eae2bc954ccca61d6a234a823d30da81b433,flarenut_spanner,Hanger_02,3b87ec5ffc07c08a35116928a8b6ffb64390e0a4,2ef7b8f76464ac15cea9c2eaf23bfb992cfa8a20,11,1.0
2d22eae2bc954ccca61d6a234a823d30da81b433,flarenut_spanner,MB27346,3b87ec5ffc07c08a35116928a8b6ffb64390e0a4,f3b1fb66463bf84b593dad9fd1028aa8db6f3720,12,0.9166666666666666
2d22eae2bc954ccca61d6a234a823d30da81b433,flarenut_spanner,MB28699,3b87ec5ffc07c08a35116928a8b6ffb64390e0a4,ee36e4d66958199793add93da479822f4d1164e6,5,0.8
2d22eae2bc954ccca61d6a234a823d30da81b433,flarenut_spanner,MB29874,3b87ec5ffc07c08a35116928a8b6ffb64390e0a4,7cc042e01ac7e57de362ae777017d3e1b727c9f0,12,0.9166666666666666
2d22eae2bc954ccca61d6a234a823d30da81b433,flarenut_spanner,MB30758,3b87ec5ffc07c08a35116928a8b6ffb64390e0a4,61c2291042151124f703bb567c32ab30fda22360,13,0.9230769230769231
2d22eae2bc954ccca61d6a234a823d30da81b433,flarenut_spanner,antique_furniture_item_18,3b87ec5ffc07c08a35116928a8b6ffb64390e0a4,bad9c53885fbc5be5a358b2ae742704b9f280dfa,6,0.8333333333333334
2d22eae2bc954ccca61d6a234a823d30da81b433,flarenut_spanner,build51,3b87ec5ffc07c08a35116928a8b6ffb64390e0a4,c6a67bcc6433546d8ede05ca6b05e089509d27ed,6,0.8333333333333334
2d22eae2bc954ccca61d6a234a823d30da81b433,flarenut_spanner,calc01,3b87ec5ffc07c08a35116928a8b6ffb64390e0a4,1858def1a1ecf0e1de87fdbb649b8586cd9210fb,8,1.0
2d22eae2bc954ccca61d6a234a823d30da81b433,flarenut_spanner,dromedary,3b87ec5ffc07c08a35116928a8b6ffb64390e0a4,d47c3fb53513386e01d13c19f771ca5eb0f7da90,17,0.8235294117647058
2d22eae2bc954ccca61d6a234a823d30da81b433,flarenut_spanner,interior_details_103_4,3b87ec5ffc07c08a35116928a8b6ffb64390e0a4,6c726f0ba025cab6490df5c05a6c436be87205ad,7,1.0
2d22eae2bc954ccca61d6a234a823d30da81b433,flarenut_spanner,interior_details_130_2,3b87ec5ffc07c08a35116928a8b6ffb64390e0a4,f730e2fab41495e73bf0e665266a51a692d1ca54,10,0.9
2d22eae2bc954ccca61d6a234a823d30da81b433,flarenut_spanner,kitchen_equipment_knife2,3b87ec5ffc07c08a35116928a8b6ffb64390e0a4,4c406e5b2db8e63397199570ff59e65caeca5775,8,0.875
2d22eae2bc954ccca61d6a234a823d30da81b433,flarenut_spanner,lo_poly_animal_BEAR_BLK,3b87ec5ffc07c08a35116928a8b6ffb64390e0a4,3c6c194cc864f2a655446efa548eef153a393618,13,0.9230769230769231
2d22eae2bc954ccca61d6a234a823d30da81b433,flarenut_spanner,lo_poly_animal_CHICKDEE,3b87ec5ffc07c08a35116928a8b6ffb64390e0a4,b95b95002cc603d8b4aec4836d1edc6b1f129efb,9,0.8888888888888888
2d22eae2bc954ccca61d6a234a823d30da81b433,flarenut_spanner,lo_poly_animal_ELE_AS1,3b87ec5ffc07c08a35116928a8b6ffb64390e0a4,41313a938cb781cbd60a6870530e116a9d98e48c,9,1.0
2d22eae2bc954ccca61d6a234a823d30da81b433,flarenut_spanner,lo_poly_animal_RHINO_2,3b87ec5ffc07c08a35116928a8b6ffb64390e0a4,b87e834ba5e263774477edc6fc956070795ab1b6,12,1.0
2d22eae2bc954ccca61d6a234a823d30da81b433,flarenut_spanner,lo_poly_animal_TRANTULA,3b87ec5ffc07c08a35116928a8b6ffb64390e0a4,8f14ff8cf138e89d90211a7811968af08d4d7098,8,0.75
2d22eae2bc954ccca61d6a234a823d30da81b433,flarenut_spanner,womens_shorts_01M,3b87ec5ffc07c08a35116928a8b6ffb64390e0a4,66c09717173c555eced9e7a167f405b7d08ab18f,12,1.0
2d22eae2bc954ccca61d6a234a823d30da81b433,flarenut_spanner,womens_stockings_01M,3b87ec5ffc07c08a35116928a8b6ffb64390e0a4,7ed95b3ba88443ed63f25ffe0b5fb52d78dab676,10,0.7
2d7ae1e4464fac4c704fe5b54db110488cd493fa,interior_details_130_2,22_acoustic_guitar,f730e2fab41495e73bf0e665266a51a692d1ca54,b17c9b116f73af5e54e294b1362187bb666a1737,8,1.0
2d7ae1e4464fac4c704fe5b54db110488cd493fa,interior_details_130_2,Hanger_02,f730e2fab41495e73bf0e665266a51a692d1ca54,2ef7b8f76464ac15cea9c2eaf23bfb992cfa8a20,10,0.8
2d7ae1e4464fac4c704fe5b54db110488cd493fa,interior_details_130_2,MB27346,f730e2fab41495e73bf0e665266a51a692d1ca54,f3b1fb66463bf84b593dad9fd1028aa8db6f3720,10,1.0
2d7ae1e4464fac4c704fe5b54db110488cd493fa,interior_details_130_2,MB28699,f730e2fab41495e73bf0e665266a51a692d1ca54,ee36e4d66958199793add93da479822f4d1164e6,11,1.0
2d7ae1e4464fac4c704fe5b54db110488cd493fa,interior_details_130_2,MB29874,f730e2fab41495e73bf0e665266a51a692d1ca54,7cc042e01ac7e57de362ae777017d3e1b727c9f0,8,0.875
2d7ae1e4464fac4c704fe5b54db110488cd493fa,interior_details_130_2,MB30203,f730e2fab41495e73bf0e665266a51a692d1ca54,e6e0c7209f8a7908c49f803651f7382e3a2e75c5,15,1.0
2d7ae1e4464fac4c704fe5b54db110488cd493fa,interior_details_130_2,MB30758,f730e2fab41495e73bf0e665266a51a692d1ca54,61c2291042151124f703bb567c32ab30fda22360,4,1.0
2d7ae1e4464fac4c704fe5b54db110488cd493fa,interior_details_130_2,antique_furniture_item_18,f730e2fab41495e73bf0e665266a51a692d1ca54,bad9c53885fbc5be5a358b2ae742704b9f280dfa,5,1.0
2d7ae1e4464fac4c704fe5b54db110488cd493fa,interior_details_130_2,build51,f730e2fab41495e73bf0e665266a51a692d1ca54,c6a67bcc6433546d8ede05ca6b05e089509d27ed,11,1.0
2d7ae1e4464fac4c704fe5b54db110488cd493fa,interior_details_130_2,calc01,f730e2fab41495e73bf0e665266a51a692d1ca54,1858def1a1ecf0e1de87fdbb649b8586cd9210fb,7,1.0
2d7ae1e4464fac4c704fe5b54db110488cd493fa,interior_details_130_2,dromedary,f730e2fab41495e73bf0e665266a51a692d1ca54,d47c3fb53513386e01d13c19f771ca5eb0f7da90,7,0.8571428571428571
2d7ae1e4464fac4c704fe5b54db110488cd493fa,interior_details_130_2,flarenut_spanner,f730e2fab41495e73bf0e665266a51a692d1ca54,3b87ec5ffc07c08a35116928a8b6ffb64390e0a4,14,1.0
2d7ae1e4464fac4c704fe5b54db110488cd493fa,interior_details_130_2,interior_details_103_4,f730e2fab41495e73bf0e665266a51a692d1ca54,6c726f0ba025cab6490df5c05a6c436be87205ad,11,1.0
2d7ae1e4464fac4c704fe5b54db110488cd493fa,interior_details_130_2,kitchen_equipment_knife2,f730e2fab41495e73bf0e665266a51a692d1ca54,4c406e5b2db8e63397199570ff59e65caeca5775,7,1.0
2d7ae1e4464fac4c704fe5b54db110488cd493fa,interior_details_130_2,lo_poly_animal_BEAR_BLK,f730e2fab41495e73bf0e665266a51a692d1ca54,3c6c194cc864f2a655446efa548eef153a393618,11,1.0
2d7ae1e4464fac4c704fe5b54db110488cd493fa,interior_details_130_2,lo_poly_animal_RHINO_2,f730e2fab41495e73bf0e665266a51a692d1ca54,b87e834ba5e263774477edc6fc956070795ab1b6,7,1.0
2d7ae1e4464fac4c704fe5b54db110488cd493fa,interior_details_130_2,lo_poly_animal_TRANTULA,f730e2fab41495e73bf0e665266a51a692d1ca54,8f14ff8cf138e89d90211a7811968af08d4d7098,12,1.0
2d7ae1e4464fac4c704fe5b54db110488cd493fa,interior_details_130_2,weimaraner,f730e2fab41495e73bf0e665266a51a692d1ca54,4f263a161cdd009ff7f9aa88ed9be2b852772142,8,1.0
2d7ae1e4464fac4c704fe5b54db110488cd493fa,interior_details_130_2,womens_shorts_01M,f730e2fab41495e73bf0e665266a51a692d1ca54,66c09717173c555eced9e7a167f405b7d08ab18f,13,1.0
2d7ae1e4464fac4c704fe5b54db110488cd493fa,interior_details_130_2,womens_stockings_01M,f730e2fab41495e73bf0e665266a51a692d1ca54,7ed95b3ba88443ed63f25ffe0b5fb52d78dab676,6,0.8333333333333334
2d7ae1e4464fac4c704fe5b54db110488cd493fa,interior_details_130_2,zebra,f730e2fab41495e73bf0e665266a51a692d1ca54,21afbd503b5d4f9c399c4a66baef6bd6e894715f,9,1.0
2ecc321abb012f5e3e88fdcfadec50d0ceb5c26c,lo_poly_animal_ELE_AS1,22_acoustic_guitar,41313a938cb781cbd60a6870530e116a9d98e48c,b17c9b116f73af5e54e294b1362187bb666a1737,16,1.0
2ecc321abb012f5e3e88fdcfadec50d0ceb5c26c,lo_poly_animal_ELE_AS1,Hanger_02,41313a938cb781cbd60a6870530e116a9d98e48c,2ef7b8f76464ac15cea9c2eaf23bfb992cfa8a20,10,1.0
2ecc321abb012f5e3e88fdcfadec50d0ceb5c26c,lo_poly_animal_ELE_AS1,MB27346,41313a938cb781cbd60a6870530e116a9d98e48c,f3b1fb66463bf84b593dad9fd1028aa8db6f3720,7,1.0
2ecc321abb012f5e3e88fdcfadec50d0ceb5c26c,lo_poly_animal_ELE_AS1,MB28699,41313a938cb781cbd60a6870530e116a9d98e48c,ee36e4d66958199793add93da479822f4d1164e6,7,0.8571428571428571
2ecc321abb012f5e3e88fdcfadec50d0ceb5c26c,lo_poly_animal_ELE_AS1,MB30203,41313a938cb781cbd60a6870530e116a9d98e48c,e6e0c7209f8a7908c49f803651f7382e3a2e75c5,5,1.0
2ecc321abb012f5e3e88fdcfadec50d0ceb5c26c,lo_poly_animal_ELE_AS1,MB30758,41313a938cb781cbd60a6870530e116a9d98e48c,61c2291042151124f703bb567c32ab30fda22360,5,1.0
2ecc321abb012f5e3e88fdcfadec50d0ceb5c26c,lo_poly_animal_ELE_AS1,antique_furniture_item_18,41313a938cb781cbd60a6870530e116a9d98e48c,bad9c53885fbc5be5a358b2ae742704b9f280dfa,10,1.0
2ecc321abb012f5e3e88fdcfadec50d0ceb5c26c,lo_poly_animal_ELE_AS1,build51,41313a938cb781cbd60a6870530e116a9d98e48c,c6a67bcc6433546d8ede05ca6b05e089509d27ed,9,1.0
2ecc321abb012f5e3e88fdcfadec50d0ceb5c26c,lo_poly_animal_ELE_AS1,calc01,41313a938cb781cbd60a6870530e116a9d98e48c,1858def1a1ecf0e1de87fdbb649b8586cd9210fb,7,1.0
2ecc321abb012f5e3e88fdcfadec50d0ceb5c26c,lo_poly_animal_ELE_AS1,dromedary,41313a938cb781cbd60a6870530e116a9d98e48c,d47c3fb53513386e01d13c19f771ca5eb0f7da90,18,1.0
2ecc321abb012f5e3e88fdcfadec50d0ceb5c26c,lo_poly_animal_ELE_AS1,flarenut_spanner,41313a938cb781cbd60a6870530e116a9d98e48c,3b87ec5ffc07c08a35116928a8b6ffb64390e0a4,11,0.8181818181818182
2ecc321abb012f5e3e88fdcfadec50d0ceb5c26c,lo_poly_animal_ELE_AS1,interior_details_103_4,41313a938cb781cbd60a6870530e116a9d98e48c,6c726f0ba025cab6490df5c05a6c436be87205ad,9,1.0
2ecc321abb012f5e3e88fdcfadec50d0ceb5c26c,lo_poly_animal_ELE_AS1,interior_details_130_2,41313a938cb781cbd60a6870530e116a9d98e48c,f730e2fab41495e73bf0e665266a51a692d1ca54,14,1.0
2ecc321abb012f5e3e88fdcfadec50d0ceb5c26c,lo_poly_animal_ELE_AS1,kitchen_equipment_knife2,41313a938cb781cbd60a6870530e116a9d98e48c,4c406e5b2db8e63397199570ff59e65caeca5775,9,1.0
2ecc321abb012f5e3e88fdcfadec50d0ceb5c26c,lo_poly_animal_ELE_AS1,lo_poly_animal_BEAR_BLK,41313a938cb781cbd60a6870530e116a9d98e48c,3c6c194cc864f2a655446efa548eef153a393618,12,0.5
2ecc321abb012f5e3e88fdcfadec50d0ceb5c26c,lo_poly_animal_ELE_AS1,lo_poly_animal_CHICKDEE,41313a938cb781cbd60a6870530e116a9d98e48c,b95b95002cc603d8b4aec4836d1edc6b1f129efb,16,1.0
2ecc321abb012f5e3e88fdcfadec50d0ceb5c26c,lo_poly_animal_ELE_AS1,lo_poly_animal_RHINO_2,41313a938cb781cbd60a6870530e116a9d98e48c,b87e834ba5e263774477edc6fc956070795ab1b6,8,0.875
2ecc321abb012f5e3e88fdcfadec50d0ceb5c26c,lo_poly_animal_ELE_AS1,lo_poly_animal_TRANTULA,41313a938cb781cbd60a6870530e116a9d98e48c,8f14ff8cf138e89d90211a7811968af08d4d7098,10,1.0
2ecc321abb012f5e3e88fdcfadec50d0ceb5c26c,lo_poly_animal_ELE_AS1,weimaraner,41313a938cb781cbd60a6870530e116a9d98e48c,4f263a161cdd009ff7f9aa88ed9be2b852772142,13,1.0
2ecc321abb012f5e3e88fdcfadec50d0ceb5c26c,lo_poly_animal_ELE_AS1,womens_shorts_01M,41313a938cb781cbd60a6870530e116a9d98e48c,66c09717173c555eced9e7a167f405b7d08ab18f,12,1.0
2ecc321abb012f5e3e88fdcfadec50d0ceb5c26c,lo_poly_animal_ELE_AS1,womens_stockings_01M,41313a938cb781cbd60a6870530e116a9d98e48c,7ed95b3ba88443ed63f25ffe0b5fb52d78dab676,4,1.0
2ecc321abb012f5e3e88fdcfadec50d0ceb5c26c,lo_poly_animal_ELE_AS1,zebra,41313a938cb781cbd60a6870530e116a9d98e48c,21afbd503b5d4f9c399c4a66baef6bd6e894715f,14,1.0
2f382119f44610c62fd2cf1cb7bf25ebbeb63a35,Hanger_02,22_acoustic_guitar,2ef7b8f76464ac15cea9c2eaf23bfb992cfa8a20,b17c9b116f73af5e54e294b1362187bb666a1737,14,0.9285714285714286
2f382119f44610c62fd2cf1cb7bf25ebbeb63a35,Hanger_02,MB27346,2ef7b8f76464ac15cea9c2eaf23bfb992cfa8a20,f3b1fb66463bf84b593dad9fd1028aa8db6f3720,12,0.9166666666666666
2f382119f44610c62fd2cf1cb7bf25ebbeb63a35,Hanger_02,MB28699,2ef7b8f76464ac15cea9c2eaf23bfb992cfa8a20,ee36e4d66958199793add93da479822f4d1164e6,4,1.0
2f382119f44610c62fd2cf1cb7bf25ebbeb63a35,Hanger_02,MB29874,2ef7b8f76464ac15cea9c2eaf23bfb992cfa8a20,7cc042e01ac7e57de362ae777017d3e1b727c9f0,7,0.8571428571428571
2f382119f44610c62fd2cf1cb7bf25ebbeb63a35,Hanger_02,MB30203,2ef7b8f76464ac15cea9c2eaf23bfb992cfa8a20,e6e0c7209f8a7908c49f803651f7382e3a2e75c5,10,0.8
2f382119f44610c62fd2cf1cb7bf25ebbeb63a35,Hanger_02,MB30758,2ef7b8f76464ac15cea9c2eaf23bfb992cfa8a20,61c2291042151124f703bb567c32ab30fda22360,4,1.0
2f382119f44610c62fd2cf1cb7bf25ebbeb63a35,Hanger_02,antique_furniture_item_18,2ef7b8f76464ac15cea9c2eaf23bfb992cfa8a20,bad9c53885fbc5be5a358b2ae742704b9f280dfa,12,1.0
2f382119f44610c62fd2cf1cb7bf25ebbeb63a35,Hanger_02,build51,2ef7b8f76464ac15cea9c2eaf23bfb992cfa8a20,c6a67bcc6433546d8ede05ca6b05e089509d27ed,5,1.0
2f382119f44610c62fd2cf1cb7bf25ebbeb63a35,Hanger_02,calc01,2ef7b8f76464ac15cea9c2eaf23bfb992cfa8a20,1858def1a1ecf0e1de87fdbb649b8586cd9210fb,8,1.0
2f382119f44610c62fd2cf1cb7bf25ebbeb63a35,Hanger_02,dromedary,2ef7b8f76464ac15cea9c2eaf23bfb992cfa8a20,d47c3fb53513386e01d13c19f771ca5eb0f7da90,9,1.0
2f382119f44610c62fd2cf1cb7bf25ebbeb63a35,Hanger_02,flarenut_spanner,2ef7b8f76464ac15cea9c2eaf23bfb992cfa8a20,3b87ec5ffc07c08a35116928a8b6ffb64390e0a4,12,1.0
2f382119f44610c62fd2cf1cb7bf25ebbeb63a35,Hanger_02,interior_details_103_4,2ef7b8f76464ac15cea9c2eaf23bfb992cfa8a20,6c726f0ba025cab6490df5c05a6c436be87205ad,12,0.9166666666666666
2f382119f44610c62fd2cf1cb7bf25ebbeb63a35,Hanger_02,interior_details_130_2,2ef7b8f76464ac15cea9c2eaf23bfb992cfa8a20,f730e2fab41495e73bf0e665266a51a692d1ca54,16,0.9375
2f382119f44610c62fd2cf1cb7bf25ebbeb63a35,Hanger_02,kitchen_equipment_knife2,2ef7b8f76464ac15cea9c2eaf23bfb992cfa8a20,4c406e5b2db8e63397199570ff59e65caeca5775,10,0.9
2f382119f44610c62fd2cf1cb7bf25ebbeb63a35,Hanger_02,lo_poly_animal_BEAR_BLK,2ef7b8f76464ac15cea9c2eaf23bfb992cfa8a20,3c6c194cc864f2a655446efa548eef153a393618,13,0.9230769230769231
2f382119f44610c62fd2cf1cb7bf25ebbeb63a35,Hanger_02,lo_poly_animal_CHICKDEE,2ef7b8f76464ac15cea9c2eaf23bfb992cfa8a20,b95b95002cc603d8b4aec4836d1edc6b1f129efb,13,1.0
2f382119f44610c62fd2cf1cb7bf25ebbeb63a35,Hanger_02,lo_poly_animal_ELE_AS1,2ef7b8f76464ac15cea9c2eaf23bfb992cfa8a20,41313a938cb781cbd60a6870530e116a9d98e48c,10,0.9
2f382119f44610c62fd2cf1cb7bf25ebbeb63a35,Hanger_02,lo_poly_animal_RHINO_2,2ef7b8f76464ac15cea9c2eaf23bfb992cfa8a20,b87e834ba5e263774477edc6fc956070795ab1b6,38,0.9473684210526315
2f382119f44610c62fd2cf1cb7bf25ebbeb63a35,Hanger_02,lo_poly_animal_TRANTULA,2ef7b8f76464ac15cea9c2eaf23bfb992cfa8a20,8f14ff8cf138e89d90211a7811968af08d4d7098,9,1.0
2f382119f44610c62fd2cf1cb7bf25ebbeb63a35,Hanger_02,weimaraner,2ef7b8f76464ac15cea9c2eaf23bfb992cfa8a20,4f263a161cdd009ff7f9aa88ed9be2b852772142,4,0.75
2f382119f44610c62fd2cf1cb7bf25ebbeb63a35,Hanger_02,zebra,2ef7b8f76464ac15cea9c2eaf23bfb992cfa8a20,21afbd503b5d4f9c399c4a66baef6bd6e894715f,8,1.0
2f636cbb77dcfe687144ab624a0acc9326e9f398,MB30203,22_acoustic_guitar,e6e0c7209f8a7908c49f803651f7382e3a2e75c5,b17c9b116f73af5e54e294b1362187bb666a1737,15,1.0
2f636cbb77dcfe687144ab624a0acc9326e9f398,MB30203,Hanger_02,e6e0c7209f8a7908c49f803651f7382e3a2e75c5,2ef7b8f76464ac15cea9c2eaf23bfb992cfa8a20,12,0.9166666666666666
2f636cbb77dcfe687144ab624a0acc9326e9f398,MB30203,MB27346,e6e0c7209f8a7908c49f803651f7382e3a2e75c5,f3b1fb66463bf84b593dad9fd1028aa8db6f3720,20,0.95
2f636cbb77dcfe687144ab624a0acc9326e9f398,MB30203,MB29874,e6e0c7209f8a7908c49f803651f7382e3a2e75c5,7cc042e01ac7e57de362ae777017d3e1b727c9f0,15,1.0
2f636cbb77dcfe687144ab624a0acc9326e9f398,MB30203,MB30758,e6e0c7209f8a7908c49f803651f7382e3a2e75c5,61c2291042151124f703bb567c32ab30fda22360,25,0.96
2f636cbb77dcfe687144ab624a0acc9326e9f398,MB30203,antique_furniture_item_18,e6e0c7209f8a7908c49f803651f7382e3a2e75c5,bad9c53885fbc5be5a358b2ae742704b9f280dfa,14,0.9285714285714286
2f636cbb77dcfe687144ab624a0acc9326e9f398,MB30203,build51,e6e0c7209f8a7908c49f803651f7382e3a2e75c5,c6a67bcc6433546d8ede05ca6b05e089509d27ed,21,0.9047619047619048
2f636cbb77dcfe687144ab624a0acc9326e9f398,MB30203,calc01,e6e0c7209f8a7908c49f803651f7382e3a2e75c5,1858def1a1ecf0e1de87fdbb649b8586cd9210fb,12,0.9166666666666666
2f636cbb77dcfe687144ab624a0acc9326e9f398,MB30203,dromedary,e6e0c7209f8a7908c49f803651f7382e3a2e75c5,d47c3fb53513386e01d13c19f771ca5eb0f7da90,16,1.0
2f636cbb77dcfe687144ab624a0acc9326e9f398,MB30203,flarenut_spanner,e6e0c7209f8a7908c49f803651f7382e3a2e75c5,3b87ec5ffc07c08a35116928a8b6ffb64390e0a4,16,1.0
2f636cbb77dcfe687144ab624a0acc9326e9f398,MB30203,interior_details_103_4,e6e0c7209f8a7908c49f803651f7382e3a2e75c5,6c726f0ba025cab6490df5c05a6c436be87205ad,13,1.0
2f636cbb77dcfe687144ab624a0acc9326e9f398,MB30203,interior_details_130_2,e6e0c7209f8a7908c49f803651f7382e3a2e75c5,f730e2fab41495e73bf0e665266a51a692d1ca54,10,0.9
2f636cbb77dcfe687144ab624a0acc9326e9f398,MB30203,kitchen_equipment_knife2,e6e0c7209f8a7908c49f803651f7382e3a2e75c5,4c406e5b2db8e63397199570ff59e65caeca5775,20,0.95
2f636cbb77dcfe687144ab624a0acc9326e9f398,MB30203,lo_poly_animal_BEAR_BLK,e6e0c7209f8a7908c49f803651f7382e3a2e75c5,3c6c194cc864f2a655446efa548eef153a393618,15,0.9333333333333333
2f636cbb77dcfe687144ab624a0acc9326e9f398,MB30203,lo_poly_animal_CHICKDEE,e6e0c7209f8a7908c49f803651f7382e3a2e75c5,b95b95002cc603d8b4aec4836d1edc6b1f129efb,22,0.9545454545454546
2f636cbb77dcfe687144ab624a0acc9326e9f398,MB30203,lo_poly_animal_ELE_AS1,e6e0c7209f8a7908c49f803651f7382e3a2e75c5,41313a938cb781cbd60a6870530e116a9d98e48c,12,1.0
2f636cbb77dcfe687144ab624a0acc9326e9f398,MB30203,lo_poly_animal_RHINO_2,e6e0c7209f8a7908c49f803651f7382e3a2e75c5,b87e834ba5e263774477edc6fc956070795ab1b6,14,0.9285714285714286
2f636cbb77dcfe687144ab624a0acc9326e9f398,MB30203,lo_poly_animal_TRANTULA,e6e0c7209f8a7908c49f803651f7382e3a2e75c5,8f14ff8cf138e89d90211a7811968af08d4d7098,30,0.9666666666666667
2f636cbb77dcfe687144ab624a0acc9326e9f398,MB30203,weimaraner,e6e0c7209f8a7908c49f803651f7382e3a2e75c5,4f263a161cdd009ff7f9aa88ed9be2b852772142,18,0.9444444444444444
2f636cbb77dcfe687144ab624a0acc9326e9f398,MB30203,womens_shorts_01M,e6e0c7209f8a7908c49f803651f7382e3a2e75c5,66c09717173c555eced9e7a167f405b7d08ab18f,4,0.75
2f636cbb77dcfe687144ab624a0acc9326e9f398,MB30203,womens_stockings_01M,e6e0c7209f8a7908c49f803651f7382e3a2e75c5,7ed95b3ba88443ed63f25ffe0b5fb52d78dab676,20,1.0
2f636cbb77dcfe687144ab624a0acc9326e9f398,MB30203,zebra,e6e0c7209f8a7908c49f803651f7382e3a2e75c5,21afbd503b5d4f9c399c4a66baef6bd6e894715f,14,1.0
2fb4d01b6f15465b386274cfe8dcc089c47554d9,lo_poly_animal_BEAR_BLK,22_acoustic_guitar,3c6c194cc864f2a655446efa548eef153a393618,b17c9b116f73af5e54e294b1362187bb666a1737,14,1.0
2fb4d01b6f15465b386274cfe8dcc089c47554d9,lo_poly_animal_BEAR_BLK,Hanger_02,3c6c194cc864f2a655446efa548eef153a393618,2ef7b8f76464ac15cea9c2eaf23bfb992cfa8a20,11,1.0
2fb4d01b6f15465b386274cfe8dcc089c47554d9,lo_poly_animal_BEAR_BLK,MB27346,3c6c194cc864f2a655446efa548eef153a393618,f3b1fb66463bf84b593dad9fd1028aa8db6f3720,4,1.0
2fb4d01b6f15465b386274cfe8dcc089c47554d9,lo_poly_animal_BEAR_BLK,MB28699,3c6c194cc864f2a655446efa548eef153a393618,ee36e4d66958199793add93da479822f4d1164e6,16,1.0
2fb4d01b6f15465b386274cfe8dcc089c47554d9,lo_poly_animal_BEAR_BLK,MB29874,3c6c194cc864f2a655446efa548eef153a393618,7cc042e01ac7e57de362ae777017d3e1b727c9f0,9,1.0
2fb4d01b6f15465b386274cfe8dcc089c47554d9,lo_poly_animal_BEAR_BLK,MB30203,3c6c194cc864f2a655446efa548eef153a393618,e6e0c7209f8a7908c49f803651f7382e3a2e75c5,12,0.9166666666666666
2fb4d01b6f15465b386274cfe8dcc089c47554d9,lo_poly_animal_BEAR_BLK,MB30758,3c6c194cc864f2a655446efa548eef153a393618,61c2291042151124f703bb567c32ab30fda22360,9,0.8888888888888888
2fb4d01b6f15465b386274cfe8dcc089c47554d9,lo_poly_animal_BEAR_BLK,antique_furniture_item_18,3c6c194cc864f2a655446efa548eef153a393618,bad9c53885fbc5be5a358b2ae742704b9f280dfa,6,1.0
2fb4d01b6f15465b386274cfe8dcc089c47554d9,lo_poly_animal_BEAR_BLK,build51,3c6c194cc864f2a655446efa548eef153a393618,c6a67bcc6433546d8ede05ca6b05e089509d27ed,4,1.0
2fb4d01b6f15465b386274cfe8dcc089c47554d9,lo_poly_animal_BEAR_BLK,dromedary,3c6c194cc864f2a655446efa548eef153a393618,d47c3fb53513386e01d13c19f771ca5eb0f7da90,5,1.0
2fb4d01b6f15465b386274cfe8dcc089c47554d9,lo_poly_animal_BEAR_BLK,flarenut_spanner,3c6c194cc864f2a655446efa548eef153a393618,3b87ec5ffc07c08a35116928a8b6ffb64390e0a4,15,1.0
2fb4d01b6f15465b386274cfe8dcc089c47554d9,lo_poly_animal_BEAR_BLK,interior_details_103_4,3c6c194cc864f2a655446efa548eef153a393618,6c726f0ba025cab6490df5c05a6c436be87205ad,18,1.0
2fb4d01b6f15465b386274cfe8dcc089c47554d9,lo_poly_animal_BEAR_BLK,interior_details_130_2,3c6c194cc864f2a655446efa548eef153a393618,f730e2fab41495e73bf0e665266a51a692d1ca54,8,1.0
2fb4d01b6f15465b386274cfe8dcc089c47554d9,lo_poly_animal_BEAR_BLK,kitchen_equipment_knife2,3c6c194cc864f2a655446efa548eef153a393618,4c406e5b2db8e63397199570ff59e65caeca5775,8,1.0
2fb4d01b6f15465b386274cfe8dcc089c47554d9,lo_poly_animal_BEAR_BLK,lo_poly_animal_CHICKDEE,3c6c194cc864f2a655446efa548eef153a393618,b95b95002cc603d8b4aec4836d1edc6b1f129efb,16,1.0
2fb4d01b6f15465b386274cfe8dcc089c47554d9,lo_poly_animal_BEAR_BLK,lo_poly_animal_ELE_AS1,3c6c194cc864f2a655446efa548eef153a393618,41313a938cb781cbd60a6870530e116a9d98e48c,8,1.0
2fb4d01b6f15465b386274cfe8dcc089c47554d9,lo_poly_animal_BEAR_BLK,lo_poly_animal_RHINO_2,3c6c194cc864f2a655446efa548eef153a393618,b87e834ba5e263774477edc6fc956070795ab1b6,7,1.0
2fb4d01b6f15465b386274cfe8dcc089c47554d9,lo_poly_animal_BEAR_BLK,lo_poly_animal_TRANTULA,3c6c194cc864f2a655446efa548eef153a393618,8f14ff8cf138e89d90211a7811968af08d4d7098,14,1.0
2fb4d01b6f15465b386274cfe8dcc089c47554d9,lo_poly_animal_BEAR_BLK,weimaraner,3c6c194cc864f2a655446efa548eef153a393618,4f263a161cdd009ff7f9aa88ed9be2b852772142,11,1.0
2fb4d01b6f15465b386274cfe8dcc089c47554d9,lo_poly_animal_BEAR_BLK,womens_shorts_01M,3c6c194cc864f2a655446efa548eef153a393618,66c09717173c555eced9e7a167f405b7d08ab18f,7,1.0
2fb4d01b6f15465b386274cfe8dcc089c47554d9,lo_poly_animal_BEAR_BLK,womens_stockings_01M,3c6c194cc864f2a655446efa548eef153a393618,7ed95b3ba88443ed63f25ffe0b5fb52d78dab676,16,0.9375
2fb4d01b6f15465b386274cfe8dcc089c47554d9,lo_poly_animal_BEAR_BLK,zebra,3c6c194cc864f2a655446efa548eef153a393618,21afbd503b5d4f9c399c4a66baef6bd6e894715f,9,1.0
2fb8d1924550fcc5fc8fe1308a4278bfaec46b58,lo_poly_animal_ELE_AS1,22_acoustic_guitar,41313a938cb781cbd60a6870530e116a9d98e48c,b17c9b116f73af5e54e294b1362187bb666a1737,11,0.9090909090909091
2fb8d1924550fcc5fc8fe1308a4278bfaec46b58,lo_poly_animal_ELE_AS1,Hanger_02,41313a938cb781cbd60a6870530e116a9d98e48c,2ef7b8f76464ac15cea9c2eaf23bfb992cfa8a20,16,1.0
2fb8d1924550fcc5fc8fe1308a4278bfaec46b58,lo_poly_animal_ELE_AS1,MB27346,41313a938cb781cbd60a6870530e116a9d98e48c,f3b1fb66463bf84b593dad9fd1028aa8db6f3720,6,1.0
2fb8d1924550fcc5fc8fe1308a4278bfaec46b58,lo_poly_animal_ELE_AS1,MB28699,41313a938cb781cbd60a6870530e116a9d98e48c,ee36e4d66958199793add93da479822f4d1164e6,4,1.0
2fb8d1924550fcc5fc8fe1308a4278bfaec46b58,lo_poly_animal_ELE_AS1,MB29874,41313a938cb781cbd60a6870530e116a9d98e48c,7cc042e01ac7e57de362ae777017d3e1b727c9f0,15,0.8
2fb8d1924550fcc5fc8fe1308a4278bfaec46b58,lo_poly_animal_ELE_AS1,MB30203,41313a938cb781cbd60a6870530e116a9d98e48c,e6e0c7209f8a7908c49f803651f7382e3a2e75c5,12,0.9166666666666666
2fb8d1924550fcc5fc8fe1308a4278bfaec46b58,lo_poly_animal_ELE_AS1,antique_furniture_item_18,41313a938cb781cbd60a6870530e116a9d98e48c,bad9c53885fbc5be5a358b2ae742704b9f280dfa,7,0.8571428571428571
2fb8d1924550fcc5fc8fe1308a4278bfaec46b58,lo_poly_animal_ELE_AS1,build51,41313a938cb781cbd60a6870530e116a9d98e48c,c6a67bcc6433546d8ede05ca6b05e089509d27ed,8,1.0
2fb8d1924550fcc5fc8fe1308a4278bfaec46b58,lo_poly_animal_ELE_AS1,calc01,41313a938cb781cbd60a6870530e116a9d98e48c,1858def1a1ecf0e1de87fdbb649b8586cd9210fb,6,1.0
2fb8d1924550fcc5fc8fe1308a4278bfaec46b58,lo_poly_animal_ELE_AS1,dromedary,41313a938cb781cbd60a6870530e116a9d98e48c,d47c3fb53513386e01d13c19f771ca5eb0f7da90,7,0.7142857142857143
2fb8d1924550fcc5fc8fe1308a4278bfaec46b58,lo_poly_animal_ELE_AS1,flarenut_spanner,41313a938cb781cbd60a6870530e116a9d98e48c,3b87ec5ffc07c08a35116928a8b6ffb64390e0a4,12,1.0
2fb8d1924550fcc5fc8fe1308a4278bfaec46b58,lo_poly_animal_ELE_AS1,interior_details_103_4,41313a938cb781cbd60a6870530e116a9d98e48c,6c726f0ba025cab6490df5c05a6c436be87205ad,8,1.0
2fb8d1924550fcc5fc8fe1308a4278bfaec46b58,lo_poly_animal_ELE_AS1,interior_details_130_2,41313a938cb781cbd60a6870530e116a9d98e48c,f730e2fab41495e73bf0e665266a51a692d1ca54,13,1.0
2fb8d1924550fcc5fc8fe1308a4278bfaec46b58,lo_poly_animal_ELE_AS1,kitchen_equipment_knife2,41313a938cb781cbd60a6870530e116a9d98e48c,4c406e5b2db8e63397199570ff59e65caeca5775,6,1.0
2fb8d1924550fcc5fc8fe1308a4278bfaec46b58,lo_poly_animal_ELE_AS1,lo_poly_animal_BEAR_BLK,41313a938cb781cbd60a6870530e116a9d98e48c,3c6c194cc864f2a655446efa548eef153a393618,5,1.0
2fb8d1924550fcc5fc8fe1308a4278bfaec46b58,lo_poly_animal_ELE_AS1,lo_poly_animal_CHICKDEE,41313a938cb781cbd60a6870530e116a9d98e48c,b95b95002cc603d8b4aec4836d1edc6b1f129efb,19,0.8947368421052632
2fb8d1924550fcc5fc8fe1308a4278bfaec46b58,lo_poly_animal_ELE_AS1,lo_poly_animal_RHINO_2,41313a938cb781cbd60a6870530e116a9d98e48c,b87e834ba5e263774477edc6fc956070795ab1b6,9,0.8888888888888888
2fb8d1924550fcc5fc8fe1308a4278bfaec46b58,lo_poly_animal_ELE_AS1,lo_poly_animal_TRANTULA,41313a938cb781cbd60a6870530e116a9d98e48c,8f14ff8cf138e89d90211a7811968af08d4d7098,13,0.8461538461538461
2fb8d1924550fcc5fc8fe1308a4278bfaec46b58,lo_poly_animal_ELE_AS1,weimaraner,41313a938cb781cbd60a6870530e116a9d98e48c,4f263a161cdd009ff7f9aa88ed9be2b852772142,18,0.9444444444444444
2fb8d1924550fcc5fc8fe1308a4278bfaec46b58,lo_poly_animal_ELE_AS1,womens_shorts_01M,41313a938cb781cbd60a6870530e116a9d98e48c,66c09717173c555eced9e7a167f405b7d08ab18f,13,0.9230769230769231
2fb8d1924550fcc5fc8fe1308a4278bfaec46b58,lo_poly_animal_ELE_AS1,womens_stockings_01M,41313a938cb781cbd60a6870530e116a9d98e48c,7ed95b3ba88443ed63f25ffe0b5fb52d78dab676,12,1.0
2fb8d1924550fcc5fc8fe1308a4278bfaec46b58,lo_poly_animal_ELE_AS1,zebra,41313a938cb781cbd60a6870530e116a9d98e48c,21afbd503b5d4f9c399c4a66baef6bd6e894715f,11,1.0
303501e60498634246e7e6a180c5a12ec38ee4ca,lo_poly_animal_TRANTULA,22_acoustic_guitar,8f14ff8cf138e89d90211a7811968af08d4d7098,b17c9b116f73af5e54e294b1362187bb666a1737,7,0.8571428571428571
303501e60498634246e7e6a180c5a12ec38ee4ca,lo_poly_animal_TRANTULA,Hanger_02,8f14ff8cf138e89d90211a7811968af08d4d7098,2ef7b8f76464ac15cea9c2eaf23bfb992cfa8a20,6,1.0
303501e60498634246e7e6a180c5a12ec38ee4ca,lo_poly_animal_TRANTULA,MB27346,8f14ff8cf138e89d90211a7811968af08d4d7098,f3b1fb66463bf84b593dad9fd1028aa8db6f3720,8,0.875
303501e60498634246e7e6a180c5a12ec38ee4ca,lo_poly_animal_TRANTULA,MB28699,8f14ff8cf138e89d90211a7811968af08d4d7098,ee36e4d66958199793add93da479822f4d1164e6,11,1.0
303501e60498634246e7e6a180c5a12ec38ee4ca,lo_poly_animal_TRANTULA,MB29874,8f14ff8cf138e89d90211a7811968af08d4d7098,7cc042e01ac7e57de362ae777017d3e1b727c9f0,8,1.0
303501e60498634246e7e6a180c5a12ec38ee4ca,lo_poly_animal_TRANTULA,MB30203,8f14ff8cf138e89d90211a7811968af08d4d7098,e6e0c7209f8a7908c49f803651f7382e3a2e75c5,6,1.0
303501e60498634246e7e6a180c5a12ec38ee4ca,lo_poly_animal_TRANTULA,MB30758,8f14ff8cf138e89d90211a7811968af08d4d7098,61c2291042151124f703bb567c32ab30fda22360,12,0.9166666666666666
303501e60498634246e7e6a180c5a12ec38ee4ca,lo_poly_animal_TRANTULA,antique_furniture_item_18,8f14ff8cf138e89d90211a7811968af08d4d7098,bad9c53885fbc5be5a358b2ae742704b9f280dfa,9,1.0
303501e60498634246e7e6a180c5a12ec38ee4ca,lo_poly_animal_TRANTULA,build51,8f14ff8cf138e89d90211a7811968af08d4d7098,c6a67bcc6433546d8ede05ca6b05e089509d27ed,15,0.9333333333333333
303501e60498634246e7e6a180c5a12ec38ee4ca,lo_poly_animal_TRANTULA,calc01,8f14ff8cf138e89d90211a7811968af08d4d7098,1858def1a1ecf0e1de87fdbb649b8586cd9210fb,13,0.9230769230769231
303501e60498634246e7e6a180c5a12ec38ee4ca,lo_poly_animal_TRANTULA,flarenut_spanner,8f14ff8cf138e89d90211a7811968af08d4d7098,3b87ec5ffc07c08a35116928a8b6ffb64390e0a4,11,1.0
303501e60498634246e7e6a180c5a12ec38ee4ca,lo_poly_animal_TRANTULA,interior_details_103_4,8f14ff8cf138e89d90211a7811968af08d4d7098,6c726f0ba025cab6490df5c05a6c436be87205ad,34,1.0
303501e60498634246e7e6a180c5a12ec38ee4ca,lo_poly_animal_TRANTULA,interior_details_130_2,8f14ff8cf138e89d90211a7811968af08d4d7098,f730e2fab41495e73bf0e665266a51a692d1ca54,5,1.0
303501e60498634246e7e6a180c5a12ec38ee4ca,lo_poly_animal_TRANTULA,kitchen_equipment_knife2,8f14ff8cf138e89d90211a7811968af08d4d7098,4c406e5b2db8e63397199570ff59e65caeca5775,16,1.0
303501e60498634246e7e6a180c5a12ec38ee4ca,lo_poly_animal_TRANTULA,lo_poly_animal_BEAR_BLK,8f14ff8cf138e89d90211a7811968af08d4d7098,3c6c194cc864f2a655446efa548eef153a393618,9,1.0
303501e60498634246e7e6a180c5a12ec38ee4ca,lo_poly_animal_TRANTULA,lo_poly_animal_CHICKDEE,8f14ff8cf138e89d90211a7811968af08d4d7098,b95b95002cc603d8b4aec4836d1edc6b1f129efb,21,0.9047619047619048
303501e60498634246e7e6a180c5a12ec38ee4ca,lo_poly_animal_TRANTULA,lo_poly_animal_ELE_AS1,8f14ff8cf138e89d90211a7811968af08d4d7098,41313a938cb781cbd60a6870530e116a9d98e48c,10,1.0
303501e60498634246e7e6a180c5a12ec38ee4ca,lo_poly_animal_TRANTULA,lo_poly_animal_RHINO_2,8f14ff8cf138e89d90211a7811968af08d4d7098,b87e834ba5e263774477edc6fc956070795ab1b6,13,0.9230769230769231
303501e60498634246e7e6a180c5a12ec38ee4ca,lo_poly_animal_TRANTULA,weimaraner,8f14ff8cf138e89d90211a7811968af08d4d7098,4f263a161cdd009ff7f9aa88ed9be2b852772142,9,0.8888888888888888
303501e60498634246e7e6a180c5a12ec38ee4ca,lo_poly_animal_TRANTULA,womens_shorts_01M,8f14ff8cf138e89d90211a7811968af08d4d7098,66c09717173c555eced9e7a167f405b7d08ab18f,4,1.0
303501e60498634246e7e6a180c5a12ec38ee4ca,lo_poly_animal_TRANTULA,womens_stockings_01M,8f14ff8cf138e89d90211a7811968af08d4d7098,7ed95b3ba88443ed63f25ffe0b5fb52d78dab676,12,0.9166666666666666
303501e60498634246e7e6a180c5a12ec38ee4ca,lo_poly_animal_TRANTULA,zebra,8f14ff8cf138e89d90211a7811968af08d4d7098,21afbd503b5d4f9c399c4a66baef6bd6e894715f,8,0.875
321c7b4a960ab217651f186ffbe051d6c9235500,antique_furniture_item_18,22_acoustic_guitar,bad9c53885fbc5be5a358b2ae742704b9f280dfa,b17c9b116f73af5e54e294b1362187bb666a1737,15,1.0
321c7b4a960ab217651f186ffbe051d6c9235500,antique_furniture_item_18,Hanger_02,bad9c53885fbc5be5a358b2ae742704b9f280dfa,2ef7b8f76464ac15cea9c2eaf23bfb992cfa8a20,6,0.8333333333333334
321c7b4a960ab217651f186ffbe051d6c9235500,antique_furniture_item_18,MB27346,bad9c53885fbc5be5a358b2ae742704b9f280dfa,f3b1fb66463bf84b593dad9fd1028aa8db6f3720,16,0.875
321c7b4a960ab217651f186ffbe051d6c9235500,antique_furniture_item_18,MB28699,bad9c53885fbc5be5a358b2ae742704b9f280dfa,ee36e4d66958199793add93da479822f4d1164e6,10,1.0
321c7b4a960ab217651f186ffbe051d6c9235500,antique_furniture_item_18,MB30758,bad9c53885fbc5be5a358b2ae742704b9f280dfa,61c2291042151124f703bb567c32ab30fda22360,9,1.0
321c7b4a960ab217651f186ffbe051d6c9235500,antique_furniture_item_18,build51,bad9c53885fbc5be5a358b2ae742704b9f280dfa,c6a67bcc6433546d8ede05ca6b05e089509d27ed,16,1.0
321c7b4a960ab217651f186ffbe051d6c9235500,antique_furniture_item_18,dromedary,bad9c53885fbc5be5a358b2ae742704b9f280dfa,d47c3fb53513386e01d13c19f771ca5eb0f7da90,8,1.0
321c7b4a960ab217651f186ffbe051d6c9235500,antique_furniture_item_18,flarenut_spanner,bad9c53885fbc5be5a358b2ae742704b9f280dfa,3b87ec5ffc07c08a35116928a8b6ffb64390e0a4,7,1.0
321c7b4a960ab217651f186ffbe051d6c9235500,antique_furniture_item_18,interior_details_103_4,bad9c53885fbc5be5a358b2ae742704b9f280dfa,6c726f0ba025cab6490df5c05a6c436be87205ad,10,1.0
321c7b4a960ab217651f186ffbe051d6c9235500,antique_furniture_item_18,interior_details_130_2,bad9c53885fbc5be5a358b2ae742704b9f280dfa,f730e2fab41495e73bf0e665266a51a692d1ca54,6,1.0
321c7b4a960ab217651f186ffbe051d6c9235500,antique_furniture_item_18,lo_poly_animal_BEAR_BLK,bad9c53885fbc5be5a358b2ae742704b9f280dfa,3c6c194cc864f2a655446efa548eef153a393618,8,1.0
321c7b4a960ab217651f186ffbe051d6c9235500,antique_furniture_item_18,lo_poly_animal_CHICKDEE,bad9c53885fbc5be5a358b2ae742704b9f280dfa,b95b95002cc603d8b4aec4836d1edc6b1f129efb,8,0.875
321c7b4a960ab217651f186ffbe051d6c9235500,antique_furniture_item_18,lo_poly_animal_ELE_AS1,bad9c53885fbc5be5a358b2ae742704b9f280dfa,41313a938cb781cbd60a6870530e116a9d98e48c,8,1.0
321c7b4a960ab217651f186ffbe051d6c9235500,antique_furniture_item_18,lo_poly_animal_RHINO_2,bad9c53885fbc5be5a358b2ae742704b9f280dfa,b87e834ba5e263774477edc6fc956070795ab1b6,13,1.0
321c7b4a960ab217651f186ffbe051d6c9235500,antique_furniture_item_18,lo_poly_animal_TRANTULA,bad9c53885fbc5be5a358b2ae742704b9f280dfa,8f14ff8cf138e89d90211a7811968af08d4d7098,18,0.9444444444444444
321c7b4a960ab217651f186ffbe051d6c9235500,antique_furniture_item_18,weimaraner,bad9c53885fbc5be5a358b2ae742704b9f280dfa,4f263a161cdd009ff7f9aa88ed9be2b852772142,6,1.0
321c7b4a960ab217651f186ffbe051d6c9235500,antique_furniture_item_18,womens_shorts_01M,bad9c53885fbc5be5a358b2ae742704b9f280dfa,66c09717173c555eced9e7a167f405b7d08ab18f,9,1.0
321c7b4a960ab217651f186ffbe051d6c9235500,antique_furniture_item_18,womens_stockings_01M,bad9c53885fbc5be5a358b2ae742704b9f280dfa,7ed95b3ba88443ed63f25ffe0b5fb52d78dab676,12,1.0
35493627a47ce11e6827f2108d4b83819142e968,MB28699,22_acoustic_guitar,ee36e4d66958199793add93da479822f4d1164e6,b17c9b116f73af5e54e294b1362187bb666a1737,20,0.85
35493627a47ce11e6827f2108d4b83819142e968,MB28699,Hanger_02,ee36e4d66958199793add93da479822f4d1164e6,2ef7b8f76464ac15cea9c2eaf23bfb992cfa8a20,9,1.0
35493627a47ce11e6827f2108d4b83819142e968,MB28699,MB27346,ee36e4d66958199793add93da479822f4d1164e6,f3b1fb66463bf84b593dad9fd1028aa8db6f3720,9,0.7777777777777778
35493627a47ce11e6827f2108d4b83819142e968,MB28699,MB29874,ee36e4d66958199793add93da479822f4d1164e6,7cc042e01ac7e57de362ae777017d3e1b727c9f0,14,0.9285714285714286
35493627a47ce11e6827f2108d4b83819142e968,MB28699,MB30203,ee36e4d66958199793add93da479822f4d1164e6,e6e0c7209f8a7908c49f803651f7382e3a2e75c5,4,1.0
35493627a47ce11e6827f2108d4b83819142e968,MB28699,MB30758,ee36e4d66958199793add93da479822f4d1164e6,61c2291042151124f703bb567c32ab30fda22360,8,1.0
35493627a47ce11e6827f2108d4b83819142e968,MB28699,antique_furniture_item_18,ee36e4d66958199793add93da479822f4d1164e6,bad9c53885fbc5be5a358b2ae742704b9f280dfa,8,0.875
35493627a47ce11e6827f2108d4b83819142e968,MB28699,build51,ee36e4d66958199793add93da479822f4d1164e6,c6a67bcc6433546d8ede05ca6b05e089509d27ed,9,1.0
35493627a47ce11e6827f2108d4b83819142e968,MB28699,calc01,ee36e4d66958199793add93da479822f4d1164e6,1858def1a1ecf0e1de87fdbb649b8586cd9210fb,9,0.8888888888888888
35493627a47ce11e6827f2108d4b83819142e968,MB28699,dromedary,ee36e4d66958199793add93da479822f4d1164e6,d47c3fb53513386e01d13c19f771ca5eb0f7da90,14,1.0
35493627a47ce11e6827f2108d4b83819142e968,MB28699,interior_details_103_4,ee36e4d66958199793add93da479822f4d1164e6,6c726f0ba025cab6490df5c05a6c436be87205ad,13,0.8461538461538461
35493627a47ce11e6827f2108d4b83819142e968,MB28699,interior_details_130_2,ee36e4d66958199793add93da479822f4d1164e6,f730e2fab41495e73bf0e665266a51a692d1ca54,10,1.0
35493627a47ce11e6827f2108d4b83819142e968,MB28699,kitchen_equipment_knife2,ee36e4d66958199793add93da479822f4d1164e6,4c406e5b2db8e63397199570ff59e65caeca5775,10,0.9
35493627a47ce11e6827f2108d4b83819142e968,MB28699,lo_poly_animal_BEAR_BLK,ee36e4d66958199793add93da479822f4d1164e6,3c6c194cc864f2a655446efa548eef153a393618,4,1.0
35493627a47ce11e6827f2108d4b83819142e968,MB28699,lo_poly_animal_CHICKDEE,ee36e4d66958199793add93da479822f4d1164e6,b95b95002cc603d8b4aec4836d1edc6b1f129efb,6,1.0
35493627a47ce11e6827f2108d4b83819142e968,MB28699,lo_poly_animal_ELE_AS1,ee36e4d66958199793add93da479822f4d1164e6,41313a938cb781cbd60a6870530e116a9d98e48c,17,1.0
35493627a47ce11e6827f2108d4b83819142e968,MB28699,lo_poly_animal_RHINO_2,ee36e4d66958199793add93da479822f4d1164e6,b87e834ba5e263774477edc6fc956070795ab1b6,9,1.0
35493627a47ce11e6827f2108d4b83819142e968,MB28699,lo_poly_animal_TRANTULA,ee36e4d66958199793add93da479822f4d1164e6,8f14ff8cf138e89d90211a7811968af08d4d7098,11,1.0
35493627a47ce11e6827f2108d4b83819142e968,MB28699,womens_shorts_01M,ee36e4d66958199793add93da479822f4d1164e6,66c09717173c555eced9e7a167f405b7d08ab18f,15,1.0
35493627a47ce11e6827f2108d4b83819142e968,MB28699,zebra,ee36e4d66958199793add93da479822f4d1164e6,21afbd503b5d4f9c399c4a66baef6bd6e894715f,16,1.0
38907a6c9144a4fd1410aba3e505255b788dc03a,lo_poly_animal_CHICKDEE,22_acoustic_guitar,b95b95002cc603d8b4aec4836d1edc6b1f129efb,b17c9b116f73af5e54e294b1362187bb666a1737,7,0.8571428571428571
38907a6c9144a4fd1410aba3e505255b788dc03a,lo_poly_animal_CHICKDEE,Hanger_02,b95b95002cc603d8b4aec4836d1edc6b1f129efb,2ef7b8f76464ac15cea9c2eaf23bfb992cfa8a20,8,1.0
38907a6c9144a4fd1410aba3e505255b788dc03a,lo_poly_animal_CHICKDEE,MB27346,b95b95002cc603d8b4aec4836d1edc6b1f129efb,f3b1fb66463bf84b593dad9fd1028aa8db6f3720,4,0.75
38907a6c9144a4fd1410aba3e505255b788dc03a,lo_poly_animal_CHICKDEE,MB28699,b95b95002cc603d8b4aec4836d1edc6b1f129efb,ee36e4d66958199793add93da479822f4d1164e6,9,1.0
38907a6c9144a4fd1410aba3e505255b788dc03a,lo_poly_animal_CHICKDEE,MB29874,b95b95002cc603d8b4aec4836d1edc6b1f129efb,7cc042e01ac7e57de362ae777017d3e1b727c9f0,5,0.8
38907a6c9144a4fd1410aba3e505255b788dc03a,lo_poly_animal_CHICKDEE,MB30203,b95b95002cc603d8b4aec4836d1edc6b1f129efb,e6e0c7209f8a7908c49f803651f7382e3a2e75c5,10,0.9
38907a6c9144a4fd1410aba3e505255b788dc03a,lo_poly_animal_CHICKDEE,MB30758,b95b95002cc603d8b4aec4836d1edc6b1f129efb,61c2291042151124f703bb567c32ab30fda22360,8,1.0
38907a6c9144a4fd1410aba3e505255b788dc03a,lo_poly_animal_CHICKDEE,antique_furniture_item_18,b95b95002cc603d8b4aec4836d1edc6b1f129efb,bad9c53885fbc5be5a358b2ae742704b9f280dfa,13,1.0
38907a6c9144a4fd1410aba3e505255b788dc03a,lo_poly_animal_CHICKDEE,flarenut_spanner,b95b95002cc603d8b4aec4836d1edc6b1f129efb,3b87ec5ffc07c08a35116928a8b6ffb64390e0a4,16,0.9375
38907a6c9144a4fd1410aba3e505255b788dc03a,lo_poly_animal_CHICKDEE,interior_details_103_4,b95b95002cc603d8b4aec4836d1edc6b1f129efb,6c726f0ba025cab6490df5c05a6c436be87205ad,9,1.0
38907a6c9144a4fd1410aba3e505255b788dc03a,lo_poly_animal_CHICKDEE,interior_details_130_2,b95b95002cc603d8b4aec4836d1edc6b1f129efb,f730e2fab41495e73bf0e665266a51a692d1ca54,7,0.8571428571428571
38907a6c9144a4fd1410aba3e505255b788dc03a,lo_poly_animal_CHICKDEE,kitchen_equipment_knife2,b95b95002cc603d8b4aec4836d1edc6b1f129efb,4c406e5b2db8e63397199570ff59e65caeca5775,7,1.0
38907a6c9144a4fd1410aba3e505255b788dc03a,lo_poly_animal_CHICKDEE,lo_poly_animal_BEAR_BLK,b95b95002cc603d8b4aec4836d1edc6b1f129efb,3c6c194cc864f2a655446efa548eef153a393618,11,1.0
38907a6c9144a4fd1410aba3e505255b788dc03a,lo_poly_animal_CHICKDEE,lo_poly_animal_ELE_AS1,b95b95002cc603d8b4aec4836d1edc6b1f129efb,41313a938cb781cbd60a6870530e116a9d98e48c,19,0.9473684210526315
38907a6c9144a4fd1410aba3e505255b788dc03a,lo_poly_animal_CHICKDEE,lo_poly_animal_RHINO_2,b95b95002cc603d8b4aec4836d1edc6b1f129efb,b87e834ba5e263774477edc6fc956070795ab1b6,5,0.6
38907a6c9144a4fd1410aba3e505255b788dc03a,lo_poly_animal_CHICKDEE,lo_poly_animal_TRANTULA,b95b95002cc603d8b4aec4836d1edc6b1f129efb,8f14ff8cf138e89d90211a7811968af08d4d7098,11,1.0
38907a6c9144a4fd1410aba3e505255b788dc03a,lo_poly_animal_CHICKDEE,weimaraner,b95b95002cc603d8b4aec4836d1edc6b1f129efb,4f263a161cdd009ff7f9aa88ed9be2b852772142,10,1.0
38907a6c9144a4fd1410aba3e505255b788dc03a,lo_poly_animal_CHICKDEE,womens_shorts_01M,b95b95002cc603d8b4aec4836d1edc6b1f129efb,66c09717173c555eced9e7a167f405b7d08ab18f,7,1.0
38907a6c9144a4fd1410aba3e505255b788dc03a,lo_poly_animal_CHICKDEE,womens_stockings_01M,b95b95002cc603d8b4aec4836d1edc6b1f129efb,7ed95b3ba88443ed63f25ffe0b5fb52d78dab676,10,0.9
38907a6c9144a4fd1410aba3e505255b788dc03a,lo_poly_animal_CHICKDEE,zebra,b95b95002cc603d8b4aec4836d1edc6b1f129efb,21afbd503b5d4f9c399c4a66baef6bd6e894715f,6,0.5
389ab87f2c91254a5e46411c3f00810eec71ece6,MB30203,22_acoustic_guitar,e6e0c7209f8a7908c49f803651f7382e3a2e75c5,b17c9b116f73af5e54e294b1362187bb666a1737,26,0.9230769230769231
389ab87f2c91254a5e46411c3f00810eec71ece6,MB30203,Hanger_02,e6e0c7209f8a7908c49f803651f7382e3a2e75c5,2ef7b8f76464ac15cea9c2eaf23bfb992cfa8a20,18,1.0
389ab87f2c91254a5e46411c3f00810eec71ece6,MB30203,MB27346,e6e0c7209f8a7908c49f803651f7382e3a2e75c5,f3b1fb66463bf84b593dad9fd1028aa8db6f3720,11,0.9090909090909091
389ab87f2c91254a5e46411c3f00810eec71ece6,MB30203,MB28699,e6e0c7209f8a7908c49f803651f7382e3a2e75c5,ee36e4d66958199793add93da479822f4d1164e6,14,1.0
389ab87f2c91254a5e46411c3f00810eec71ece6,MB30203,MB29874,e6e0c7209f8a7908c49f803651f7382e3a2e75c5,7cc042e01ac7e57de362ae777017d3e1b727c9f0,10,1.0
389ab87f2c91254a5e46411c3f00810eec71ece6,MB30203,MB30758,e6e0c7209f8a7908c49f803651f7382e3a2e75c5,61c2291042151124f703bb567c32ab30fda22360,23,1.0
389ab87f2c91254a5e46411c3f00810eec71ece6,MB30203,antique_furniture_item_18,e6e0c7209f8a7908c49f803651f7382e3a2e75c5,bad9c53885fbc5be5a358b2ae742704b9f280dfa,23,0.9565217391304348
389ab87f2c91254a5e46411c3f00810eec71ece6,MB30203,build51,e6e0c7209f8a7908c49f803651f7382e3a2e75c5,c6a67bcc6433546d8ede05ca6b05e089509d27ed,21,1.0
389ab87f2c91254a5e46411c3f00810eec71ece6,MB30203,calc01,e6e0c7209f8a7908c49f803651f7382e3a2e75c5,1858def1a1ecf0e1de87fdbb649b8586cd9210fb,17,1.0
389ab87f2c91254a5e46411c3f00810eec71ece6,MB30203,dromedary,e6e0c7209f8a7908c49f803651f7382e3a2e75c5,d47c3fb53513386e01d13c19f771ca5eb0f7da90,20,1.0
389ab87f2c91254a5e46411c3f00810eec71ece6,MB30203,flarenut_spanner,e6e0c7209f8a7908c49f803651f7382e3a2e75c5,3b87ec5ffc07c08a35116928a8b6ffb64390e0a4,22,1.0
389ab87f2c91254a5e46411c3f00810eec71ece6,MB30203,interior_details_103_4,e6e0c7209f8a7908c49f803651f7382e3a2e75c5,6c726f0ba025cab6490df5c05a6c436be87205ad,9,1.0
389ab87f2c91254a5e46411c3f00810eec71ece6,MB30203,interior_details_130_2,e6e0c7209f8a7908c49f803651f7382e3a2e75c5,f730e2fab41495e73bf0e665266a51a692d1ca54,9,1.0
389ab87f2c91254a5e46411c3f00810eec71ece6,MB30203,kitchen_equipment_knife2,e6e0c7209f8a7908c49f803651f7382e3a2e75c5,4c406e5b2db8e63397199570ff59e65caeca5775,26,1.0
389ab87f2c91254a5e46411c3f00810eec71ece6,MB30203,lo_poly_animal_BEAR_BLK,e6e0c7209f8a7908c49f803651f7382e3a2e75c5,3c6c194cc864f2a655446efa548eef153a393618,24,1.0
389ab87f2c91254a5e46411c3f00810eec71ece6,MB30203,lo_poly_animal_CHICKDEE,e6e0c7209f8a7908c49f803651f7382e3a2e75c5,b95b95002cc603d8b4aec4836d1edc6b1f129efb,14,1.0
389ab87f2c91254a5e46411c3f00810eec71ece6,MB30203,lo_poly_animal_ELE_AS1,e6e0c7209f8a7908c49f803651f7382e3a2e75c5,41313a938cb781cbd60a6870530e116a9d98e48c,13,1.0
389ab87f2c91254a5e46411c3f00810eec71ece6,MB30203,lo_poly_animal_RHINO_2,e6e0c7209f8a7908c49f803651f7382e3a2e75c5,b87e834ba5e263774477edc6fc956070795ab1b6,16,1.0
389ab87f2c91254a5e46411c3f00810eec71ece6,MB30203,lo_poly_animal_TRANTULA,e6e0c7209f8a7908c49f803651f7382e3a2e75c5,8f14ff8cf138e89d90211a7811968af08d4d7098,18,1.0
389ab87f2c91254a5e46411c3f00810eec71ece6,MB30203,weimaraner,e6e0c7209f8a7908c49f803651f7382e3a2e75c5,4f263a161cdd009ff7f9aa88ed9be2b852772142,23,1.0
389ab87f2c91254a5e46411c3f00810eec71ece6,MB30203,womens_shorts_01M,e6e0c7209f8a7908c49f803651f7382e3a2e75c5,66c09717173c555eced9e7a167f405b7d08ab18f,14,1.0
389ab87f2c91254a5e46411c3f00810eec71ece6,MB30203,womens_stockings_01M,e6e0c7209f8a7908c49f803651f7382e3a2e75c5,7ed95b3ba88443ed63f25ffe0b5fb52d78dab676,31,1.0
389ab87f2c91254a5e46411c3f00810eec71ece6,MB30203,zebra,e6e0c7209f8a7908c49f803651f7382e3a2e75c5,21afbd503b5d4f9c399c4a66baef6bd6e894715f,21,0.9523809523809523
3b2aa04032edda9d988839d7dee6414d6449cd9a,lo_poly_animal_ELE_AS1,22_acoustic_guitar,41313a938cb781cbd60a6870530e116a9d98e48c,b17c9b116f73af5e54e294b1362187bb666a1737,6,1.0
3b2aa04032edda9d988839d7dee6414d6449cd9a,lo_poly_animal_ELE_AS1,Hanger_02,41313a938cb781cbd60a6870530e116a9d98e48c,2ef7b8f76464ac15cea9c2eaf23bfb992cfa8a20,14,1.0
3b2aa04032edda9d988839d7dee6414d6449cd9a,lo_poly_animal_ELE_AS1,MB27346,41313a938cb781cbd60a6870530e116a9d98e48c,f3b1fb66463bf84b593dad9fd1028aa8db6f3720,10,1.0
3b2aa04032edda9d988839d7dee6414d6449cd9a,lo_poly_animal_ELE_AS1,MB29874,41313a938cb781cbd60a6870530e116a9d98e48c,7cc042e01ac7e57de362ae777017d3e1b727c9f0,24,1.0
3b2aa04032edda9d988839d7dee6414d6449cd9a,lo_poly_animal_ELE_AS1,MB30758,41313a938cb781cbd60a6870530e116a9d98e48c,61c2291042151124f703bb567c32ab30fda22360,10,0.9
3b2aa04032edda9d988839d7dee6414d6449cd9a,lo_poly_animal_ELE_AS1,antique_furniture_item_18,41313a938cb781cbd60a6870530e116a9d98e48c,bad9c53885fbc5be5a358b2ae742704b9f280dfa,9,1.0
3b2aa04032edda9d988839d7dee6414d6449cd9a,lo_poly_animal_ELE_AS1,build51,41313a938cb781cbd60a6870530e116a9d98e48c,c6a67bcc6433546d8ede05ca6b05e089509d27ed,12,1.0
3b2aa04032edda9d988839d7dee6414d6449cd9a,lo_poly_animal_ELE_AS1,dromedary,41313a938cb781cbd60a6870530e116a9d98e48c,d47c3fb53513386e01d13c19f771ca5eb0f7da90,5,1.0
3b2aa04032edda9d988839d7dee6414d6449cd9a,lo_poly_animal_ELE_AS1,flarenut_spanner,41313a938cb781cbd60a6870530e116a9d98e48c,3b87ec5ffc07c08a35116928a8b6ffb64390e0a4,9,1.0
3b2aa04032edda9d988839d7dee6414d6449cd9a,lo_poly_animal_ELE_AS1,interior_details_103_4,41313a938cb781cbd60a6870530e116a9d98e48c,6c726f0ba025cab6490df5c05a6c436be87205ad,10,1.0
3b2aa04032edda9d988839d7dee6414d6449cd9a,lo_poly_animal_ELE_AS1,interior_details_130_2,41313a938cb781cbd60a6870530e116a9d98e48c,f730e2fab41495e73bf0e665266a51a692d1ca54,12,1.0
3b2aa04032edda9d988839d7dee6414d6449cd9a,lo_poly_animal_ELE_AS1,kitchen_equipment_knife2,41313a938cb781cbd60a6870530e116a9d98e48c,4c406e5b2db8e63397199570ff59e65caeca5775,8,1.0
3b2aa04032edda9d988839d7dee6414d6449cd9a,lo_poly_animal_ELE_AS1,lo_poly_animal_BEAR_BLK,41313a938cb781cbd60a6870530e116a9d98e48c,3c6c194cc864f2a655446efa548eef153a393618,11,1.0
3b2aa04032edda9d988839d7dee6414d6449cd9a,lo_poly_animal_ELE_AS1,lo_poly_animal_CHICKDEE,41313a938cb781cbd60a6870530e116a9d98e48c,b95b95002cc603d8b4aec4836d1edc6b1f129efb,15,1.0
3b2aa04032edda9d988839d7dee6414d6449cd9a,lo_poly_animal_ELE_AS1,lo_poly_animal_RHINO_2,41313a938cb781cbd60a6870530e116a9d98e48c,b87e834ba5e263774477edc6fc956070795ab1b6,13,0.7692307692307693
3b2aa04032edda9d988839d7dee6414d6449cd9a,lo_poly_animal_ELE_AS1,lo_poly_animal_TRANTULA,41313a938cb781cbd60a6870530e116a9d98e48c,8f14ff8cf138e89d90211a7811968af08d4d7098,12,0.9166666666666666
3b2aa04032edda9d988839d7dee6414d6449cd9a,lo_poly_animal_ELE_AS1,womens_shorts_01M,41313a938cb781cbd60a6870530e116a9d98e48c,66c09717173c555eced9e7a167f405b7d08ab18f,8,1.0
3b2aa04032edda9d988839d7dee6414d6449cd9a,lo_poly_animal_ELE_AS1,zebra,41313a938cb781cbd60a6870530e116a9d98e48c,21afbd503b5d4f9c399c4a66baef6bd6e894715f,13,1.0
3bb35fb7bf8b2aec3a6317aa1ac4864b61853f6e,MB27346,22_acoustic_guitar,f3b1fb66463bf84b593dad9fd1028aa8db6f3720,b17c9b116f73af5e54e294b1362187bb666a1737,10,0.7
3bb35fb7bf8b2aec3a6317aa1ac4864b61853f6e,MB27346,Hanger_02,f3b1fb66463bf84b593dad9fd1028aa8db6f3720,2ef7b8f76464ac15cea9c2eaf23bfb992cfa8a20,12,0.9166666666666666
3bb35fb7bf8b2aec3a6317aa1ac4864b61853f6e,MB27346,MB28699,f3b1fb66463bf84b593dad9fd1028aa8db6f3720,ee36e4d66958199793add93da479822f4d1164e6,4,1.0
3bb35fb7bf8b2aec3a6317aa1ac4864b61853f6e,MB27346,MB29874,f3b1fb66463bf84b593dad9fd1028aa8db6f3720,7cc042e01ac7e57de362ae777017d3e1b727c9f0,12,1.0
3bb35fb7bf8b2aec3a6317aa1ac4864b61853f6e,MB27346,MB30203,f3b1fb66463bf84b593dad9fd1028aa8db6f3720,e6e0c7209f8a7908c49f803651f7382e3a2e75c5,11,0.8181818181818182
3bb35fb7bf8b2aec3a6317aa1ac4864b61853f6e,MB27346,MB30758,f3b1fb66463bf84b593dad9fd1028aa8db6f3720,61c2291042151124f703bb567c32ab30fda22360,7,0.8571428571428571
3bb35fb7bf8b2aec3a6317aa1ac4864b61853f6e,MB27346,antique_furniture_item_18,f3b1fb66463bf84b593dad9fd1028aa8db6f3720,bad9c53885fbc5be5a358b2ae742704b9f280dfa,14,1.0
3bb35fb7bf8b2aec3a6317aa1ac4864b61853f6e,MB27346,build51,f3b1fb66463bf84b593dad9fd1028aa8db6f3720,c6a67bcc6433546d8ede05ca6b05e089509d27ed,4,1.0
3bb35fb7bf8b2aec3a6317aa1ac4864b61853f6e,MB27346,calc01,f3b1fb66463bf84b593dad9fd1028aa8db6f3720,1858def1a1ecf0e1de87fdbb649b8586cd9210fb,21,1.0
3bb35fb7bf8b2aec3a6317aa1ac4864b61853f6e,MB27346,dromedary,f3b1fb66463bf84b593dad9fd1028aa8db6f3720,d47c3fb53513386e01d13c19f771ca5eb0f7da90,16,1.0
3bb35fb7bf8b2aec3a6317aa1ac4864b61853f6e,MB27346,flarenut_spanner,f3b1fb66463bf84b593dad9fd1028aa8db6f3720,3b87ec5ffc07c08a35116928a8b6ffb64390e0a4,7,1.0
3bb35fb7bf8b2aec3a6317aa1ac4864b61853f6e,MB27346,interior_details_103_4,f3b1fb66463bf84b593dad9fd1028aa8db6f3720,6c726f0ba025cab6490df5c05a6c436be87205ad,12,1.0
3bb35fb7bf8b2aec3a6317aa1ac4864b61853f6e,MB27346,interior_details_130_2,f3b1fb66463bf84b593dad9fd1028aa8db6f3720,f730e2fab41495e73bf0e665266a51a692d1ca54,14,0.8571428571428571
3bb35fb7bf8b2aec3a6317aa1ac4864b61853f6e,MB27346,kitchen_equipment_knife2,f3b1fb66463bf84b593dad9fd1028aa8db6f3720,4c406e5b2db8e63397199570ff59e65caeca5775,8,1.0
3bb35fb7bf8b2aec3a6317aa1ac4864b61853f6e,MB27346,lo_poly_animal_BEAR_BLK,f3b1fb66463bf84b593dad9fd1028aa8db6f3720,3c6c194cc864f2a655446efa548eef153a393618,5,1.0
3bb35fb7bf8b2aec3a6317aa1ac4864b61853f6e,MB27346,lo_poly_animal_CHICKDEE,f3b1fb66463bf84b593dad9fd1028aa8db6f3720,b95b95002cc603d8b4aec4836d1edc6b1f129efb,9,0.6666666666666666
3bb35fb7bf8b2aec3a6317aa1ac4864b61853f6e,MB27346,lo_poly_animal_ELE_AS1,f3b1fb66463bf84b593dad9fd1028aa8db6f3720,41313a938cb781cbd60a6870530e116a9d98e48c,5,1.0
3bb35fb7bf8b2aec3a6317aa1ac4864b61853f6e,MB27346,weimaraner,f3b1fb66463bf84b593dad9fd1028aa8db6f3720,4f263a161cdd009ff7f9aa88ed9be2b852772142,20,0.9
3bb35fb7bf8b2aec3a6317aa1ac4864b61853f6e,MB27346,womens_stockings_01M,f3b1fb66463bf84b593dad9fd1028aa8db6f3720,7ed95b3ba88443ed63f25ffe0b5fb52d78dab676,7,1.0
3c1cc5cac7de666684c7a998f932c91c9d32a56d,flarenut_spanner,22_acoustic_guitar,3b87ec5ffc07c08a35116928a8b6ffb64390e0a4,b17c9b116f73af5e54e294b1362187bb666a1737,13,0.9230769230769231
3c1cc5cac7de666684c7a998f932c91c9d32a56d,flarenut_spanner,Hanger_02,3b87ec5ffc07c08a35116928a8b6ffb64390e0a4,2ef7b8f76464ac15cea9c2eaf23bfb992cfa8a20,12,1.0
3c1cc5cac7de666684c7a998f932c91c9d32a56d,flarenut_spanner,MB27346,3b87ec5ffc07c08a35116928a8b6ffb64390e0a4,f3b1fb66463bf84b593dad9fd1028aa8db6f3720,20,0.95
3c1cc5cac7de666684c7a998f932c91c9d32a56d,flarenut_spanner,MB28699,3b87ec5ffc07c08a35116928a8b6ffb64390e0a4,ee36e4d66958199793add93da479822f4d1164e6,9,0.7777777777777778
3c1cc5cac7de666684c7a998f932c91c9d32a56d,flarenut_spanner,MB30203,3b87ec5ffc07c08a35116928a8b6ffb64390e0a4,e6e0c7209f8a7908c49f803651f7382e3a2e75c5,19,1.0
3c1cc5cac7de666684c7a998f932c91c9d32a56d,flarenut_spanner,MB30758,3b87ec5ffc07c08a35116928a8b6ffb64390e0a4,61c2291042151124f703bb567c32ab30fda22360,18,0.9444444444444444
3c1cc5cac7de666684c7a998f932c91c9d32a56d,flarenut_spanner,antique_furniture_item_18,3b87ec5ffc07c08a35116928a8b6ffb64390e0a4,bad9c53885fbc5be5a358b2ae742704b9f280dfa,5,1.0
3c1cc5cac7de666684c7a998f932c91c9d32a56d,flarenut_spanner,build51,3b87ec5ffc07c08a35116928a8b6ffb64390e0a4,c6a67bcc6433546d8ede05ca6b05e089509d27ed,13,1.0
3c1cc5cac7de666684c7a998f932c91c9d32a56d,flarenut_spanner,calc01,3b87ec5ffc07c08a35116928a8b6ffb64390e0a4,1858def1a1ecf0e1de87fdbb649b8586cd9210fb,13,0.9230769230769231
3c1cc5cac7de666684c7a998f932c91c9d32a56d,flarenut_spanner,dromedary,3b87ec5ffc07c08a35116928a8b6ffb64390e0a4,d47c3fb53513386e01d13c19f771ca5eb0f7da90,9,1.0
3c1cc5cac7de666684c7a998f932c91c9d32a56d,flarenut_spanner,interior_details_103_4,3b87ec5ffc07c08a35116928a8b6ffb64390e0a4,6c726f0ba025cab6490df5c05a6c436be87205ad,11,0.9090909090909091
3c1cc5cac7de666684c7a998f932c91c9d32a56d,flarenut_spanner,interior_details_130_2,3b87ec5ffc07c08a35116928a8b6ffb64390e0a4,f730e2fab41495e73bf0e665266a51a692d1ca54,9,1.0
3c1cc5cac7de666684c7a998f932c91c9d32a56d,flarenut_spanner,kitchen_equipment_knife2,3b87ec5ffc07c08a35116928a8b6ffb64390e0a4,4c406e5b2db8e63397199570ff59e65caeca5775,7,1.0
3c1cc5cac7de666684c7a998f932c91c9d32a56d,flarenut_spanner,lo_poly_animal_BEAR_BLK,3b87ec5ffc07c08a35116928a8b6ffb64390e0a4,3c6c194cc864f2a655446efa548eef153a393618,11,1.0
3c1cc5cac7de666684c7a998f932c91c9d32a56d,flarenut_spanner,lo_poly_animal_CHICKDEE,3b87ec5ffc07c08a35116928a8b6ffb64390e0a4,b95b95002cc603d8b4aec4836d1edc6b1f129efb,5,0.8
3c1cc5cac7de666684c7a998f932c91c9d32a56d,flarenut_spanner,lo_poly_animal_ELE_AS1,3b87ec5ffc07c08a35116928a8b6ffb64390e0a4,41313a938cb781cbd60a6870530e116a9d98e48c,9,1.0
3c1cc5cac7de666684c7a998f932c91c9d32a56d,flarenut_spanner,lo_poly_animal_RHINO_2,3b87ec5ffc07c08a35116928a8b6ffb64390e0a4,b87e834ba5e263774477edc6fc956070795ab1b6,14,1.0
3c1cc5cac7de666684c7a998f932c91c9d32a56d,flarenut_spanner,lo_poly_animal_TRANTULA,3b87ec5ffc07c08a35116928a8b6ffb64390e0a4,8f14ff8cf138e89d90211a7811968af08d4d7098,6,1.0
3c1cc5cac7de666684c7a998f932c91c9d32a56d,flarenut_spanner,weimaraner,3b87ec5ffc07c08a35116928a8b6ffb64390e0a4,4f263a161cdd009ff7f9aa88ed9be2b852772142,9,1.0
3c1cc5cac7de666684c7a998f932c91c9d32a56d,flarenut_spanner,womens_shorts_01M,3b87ec5ffc07c08a35116928a8b6ffb64390e0a4,66c09717173c555eced9e7a167f405b7d08ab18f,9,1.0
3c1cc5cac7de666684c7a998f932c91c9d32a56d,flarenut_spanner,womens_stockings_01M,3b87ec5ffc07c08a35116928a8b6ffb64390e0a4,7ed95b3ba88443ed63f25ffe0b5fb52d78dab676,8,0.875
3c1cc5cac7de666684c7a998f932c91c9d32a56d,flarenut_spanner,zebra,3b87ec5ffc07c08a35116928a8b6ffb64390e0a4,21afbd503b5d4f9c399c4a66baef6bd6e894715f,7,1.0
3c52bb5d67107049c57a5c5fd873e41bb5300d79,zebra,22_acoustic_guitar,21afbd503b5d4f9c399c4a66baef6bd6e894715f,b17c9b116f73af5e54e294b1362187bb666a1737,26,0.9230769230769231
3c52bb5d67107049c57a5c5fd873e41bb5300d79,zebra,Hanger_02,21afbd503b5d4f9c399c4a66baef6bd6e894715f,2ef7b8f76464ac15cea9c2eaf23bfb992cfa8a20,15,1.0
3c52bb5d67107049c57a5c5fd873e41bb5300d79,zebra,MB27346,21afbd503b5d4f9c399c4a66baef6bd6e894715f,f3b1fb66463bf84b593dad9fd1028aa8db6f3720,11,0.9090909090909091
3c52bb5d67107049c57a5c5fd873e41bb5300d79,zebra,MB28699,21afbd503b5d4f9c399c4a66baef6bd6e894715f,ee36e4d66958199793add93da479822f4d1164e6,5,1.0
3c52bb5d67107049c57a5c5fd873e41bb5300d79,zebra,MB29874,21afbd503b5d4f9c399c4a66baef6bd6e894715f,7cc042e01ac7e57de362ae777017d3e1b727c9f0,9,1.0
3c52bb5d67107049c57a5c5fd873e41bb5300d79,zebra,MB30203,21afbd503b5d4f9c399c4a66baef6bd6e894715f,e6e0c7209f8a7908c49f803651f7382e3a2e75c5,9,1.0
3c52bb5d67107049c57a5c5fd873e41bb5300d79,zebra,MB30758,21afbd503b5d4f9c399c4a66baef6bd6e894715f,61c2291042151124f703bb567c32ab30fda22360,6,1.0
3c52bb5d67107049c57a5c5fd873e41bb5300d79,zebra,antique_furniture_item_18,21afbd503b5d4f9c399c4a66baef6bd6e894715f,bad9c53885fbc5be5a358b2ae742704b9f280dfa,9,1.0
3c52bb5d67107049c57a5c5fd873e41bb5300d79,zebra,build51,21afbd503b5d4f9c399c4a66baef6bd6e894715f,c6a67bcc6433546d8ede05ca6b05e089509d27ed,6,1.0
3c52bb5d67107049c57a5c5fd873e41bb5300d79,zebra,calc01,21afbd503b5d4f9c399c4a66baef6bd6e894715f,1858def1a1ecf0e1de87fdbb649b8586cd9210fb,9,1.0
3c52bb5d67107049c57a5c5fd873e41bb5300d79,zebra,dromedary,21afbd503b5d4f9c399c4a66baef6bd6e894715f,d47c3fb53513386e01d13c19f771ca5eb0f7da90,8,0.75
3c52bb5d67107049c57a5c5fd873e41bb5300d79,zebra,flarenut_spanner,21afbd503b5d4f9c399c4a66baef6bd6e894715f,3b87ec5ffc07c08a35116928a8b6ffb64390e0a4,13,1.0
3c52bb5d67107049c57a5c5fd873e41bb5300d79,zebra,interior_details_103_4,21afbd503b5d4f9c399c4a66baef6bd6e894715f,6c726f0ba025cab6490df5c05a6c436be87205ad,15,0.9333333333333333
3c52bb5d67107049c57a5c5fd873e41bb5300d79,zebra,interior_details_130_2,21afbd503b5d4f9c399c4a66baef6bd6e894715f,f730e2fab41495e73bf0e665266a51a692d1ca54,26,1.0
3c52bb5d67107049c57a5c5fd873e41bb5300d79,zebra,kitchen_equipment_knife2,21afbd503b5d4f9c399c4a66baef6bd6e894715f,4c406e5b2db8e63397199570ff59e65caeca5775,10,1.0
3c52bb5d67107049c57a5c5fd873e41bb5300d79,zebra,lo_poly_animal_BEAR_BLK,21afbd503b5d4f9c399c4a66baef6bd6e894715f,3c6c194cc864f2a655446efa548eef153a393618,13,1.0
3c52bb5d67107049c57a5c5fd873e41bb5300d79,zebra,lo_poly_animal_ELE_AS1,21afbd503b5d4f9c399c4a66baef6bd6e894715f,41313a938cb781cbd60a6870530e116a9d98e48c,13,1.0
3c52bb5d67107049c57a5c5fd873e41bb5300d79,zebra,lo_poly_animal_RHINO_2,21afbd503b5d4f9c399c4a66baef6bd6e894715f,b87e834ba5e263774477edc6fc956070795ab1b6,9,1.0
3c52bb5d67107049c57a5c5fd873e41bb5300d79,zebra,lo_poly_animal_TRANTULA,21afbd503b5d4f9c399c4a66baef6bd6e894715f,8f14ff8cf138e89d90211a7811968af08d4d7098,12,1.0
3c52bb5d67107049c57a5c5fd873e41bb5300d79,zebra,weimaraner,21afbd503b5d4f9c399c4a66baef6bd6e894715f,4f263a161cdd009ff7f9aa88ed9be2b852772142,25,1.0
3c52bb5d67107049c57a5c5fd873e41bb5300d79,zebra,womens_shorts_01M,21afbd503b5d4f9c399c4a66baef6bd6e894715f,66c09717173c555eced9e7a167f405b7d08ab18f,5,1.0
3c9b942723754d34dda722189961464bb57ac4d0,lo_poly_animal_CHICKDEE,22_acoustic_guitar,b95b95002cc603d8b4aec4836d1edc6b1f129efb,b17c9b116f73af5e54e294b1362187bb666a1737,12,1.0
3c9b942723754d34dda722189961464bb57ac4d0,lo_poly_animal_CHICKDEE,MB29874,b95b95002cc603d8b4aec4836d1edc6b1f129efb,7cc042e01ac7e57de362ae777017d3e1b727c9f0,13,1.0
3c9b942723754d34dda722189961464bb57ac4d0,lo_poly_animal_CHICKDEE,MB30203,b95b95002cc603d8b4aec4836d1edc6b1f129efb,e6e0c7209f8a7908c49f803651f7382e3a2e75c5,5,1.0
3c9b942723754d34dda722189961464bb57ac4d0,lo_poly_animal_CHICKDEE,MB30758,b95b95002cc603d8b4aec4836d1edc6b1f129efb,61c2291042151124f703bb567c32ab30fda22360,9,1.0
3c9b942723754d34dda722189961464bb57ac4d0,lo_poly_animal_CHICKDEE,calc01,b95b95002cc603d8b4aec4836d1edc6b1f129efb,1858def1a1ecf0e1de87fdbb649b8586cd9210fb,10,1.0
3c9b942723754d34dda722189961464bb57ac4d0,lo_poly_animal_CHICKDEE,dromedary,b95b95002cc603d8b4aec4836d1edc6b1f129efb,d47c3fb53513386e01d13c19f771ca5eb0f7da90,9,0.8888888888888888
3c9b942723754d34dda722189961464bb57ac4d0,lo_poly_animal_CHICKDEE,flarenut_spanner,b95b95002cc603d8b4aec4836d1edc6b1f129efb,3b87ec5ffc07c08a35116928a8b6ffb64390e0a4,5,1.0
3c9b942723754d34dda722189961464bb57ac4d0,lo_poly_animal_CHICKDEE,interior_details_130_2,b95b95002cc603d8b4aec4836d1edc6b1f129efb,f730e2fab41495e73bf0e665266a51a692d1ca54,12,0.9166666666666666
3c9b942723754d34dda722189961464bb57ac4d0,lo_poly_animal_CHICKDEE,kitchen_equipment_knife2,b95b95002cc603d8b4aec4836d1edc6b1f129efb,4c406e5b2db8e63397199570ff59e65caeca5775,10,1.0
3c9b942723754d34dda722189961464bb57ac4d0,lo_poly_animal_CHICKDEE,lo_poly_animal_BEAR_BLK,b95b95002cc603d8b4aec4836d1edc6b1f129efb,3c6c194cc864f2a655446efa548eef153a393618,4,1.0
3c9b942723754d34dda722189961464bb57ac4d0,lo_poly_animal_CHICKDEE,lo_poly_animal_ELE_AS1,b95b95002cc603d8b4aec4836d1edc6b1f129efb,41313a938cb781cbd60a6870530e116a9d98e48c,6,1.0
3c9b942723754d34dda722189961464bb57ac4d0,lo_poly_animal_CHICKDEE,lo_poly_animal_RHINO_2,b95b95002cc603d8b4aec4836d1edc6b1f129efb,b87e834ba5e263774477edc6fc956070795ab1b6,14,1.0
3c9b942723754d34dda722189961464bb57ac4d0,lo_poly_animal_CHICKDEE,lo_poly_animal_TRANTULA,b95b95002cc603d8b4aec4836d1edc6b1f129efb,8f14ff8cf138e89d90211a7811968af08d4d7098,12,1.0
3c9b942723754d34dda722189961464bb57ac4d0,lo_poly_animal_CHICKDEE,weimaraner,b95b95002cc603d8b4aec4836d1edc6b1f129efb,4f263a161cdd009ff7f9aa88ed9be2b852772142,7,1.0
3c9b942723754d34dda722189961464bb57ac4d0,lo_poly_animal_CHICKDEE,womens_shorts_01M,b95b95002cc603d8b4aec4836d1edc6b1f129efb,66c09717173c555eced9e7a167f405b7d08ab18f,9,1.0
3c9b942723754d34dda722189961464bb57ac4d0,lo_poly_animal_CHICKDEE,womens_stockings_01M,b95b95002cc603d8b4aec4836d1edc6b1f129efb,7ed95b3ba88443ed63f25ffe0b5fb52d78dab676,9,1.0
3c9b942723754d34dda722189961464bb57ac4d0,lo_poly_animal_CHICKDEE,zebra,b95b95002cc603d8b4aec4836d1edc6b1f129efb,21afbd503b5d4f9c399c4a66baef6bd6e894715f,4,1.0
3d09b61106a1198bc67c79ddbd8e6696d4330ac4,22_acoustic_guitar,Hanger_02,b17c9b116f73af5e54e294b1362187bb666a1737,2ef7b8f76464ac15cea9c2eaf23bfb992cfa8a20,14,1.0
3d09b61106a1198bc67c79ddbd8e6696d4330ac4,22_acoustic_guitar,MB27346,b17c9b116f73af5e54e294b1362187bb666a1737,f3b1fb66463bf84b593dad9fd1028aa8db6f3720,9,0.7777777777777778
3d09b61106a1198bc67c79ddbd8e6696d4330ac4,22_acoustic_guitar,MB28699,b17c9b116f73af5e54e294b1362187bb666a1737,ee36e4d66958199793add93da479822f4d1164e6,11,1.0
3d09b61106a1198bc67c79ddbd8e6696d4330ac4,22_acoustic_guitar,MB29874,b17c9b116f73af5e54e294b1362187bb666a1737,7cc042e01ac7e57de362ae777017d3e1b727c9f0,10,1.0
3d09b61106a1198bc67c79ddbd8e6696d4330ac4,22_acoustic_guitar,MB30203,b17c9b116f73af5e54e294b1362187bb666a1737,e6e0c7209f8a7908c49f803651f7382e3a2e75c5,8,1.0
3d09b61106a1198bc67c79ddbd8e6696d4330ac4,22_acoustic_guitar,MB30758,b17c9b116f73af5e54e294b1362187bb666a1737,61c2291042151124f703bb567c32ab30fda22360,8,0.875
3d09b61106a1198bc67c79ddbd8e6696d4330ac4,22_acoustic_guitar,antique_furniture_item_18,b17c9b116f73af5e54e294b1362187bb666a1737,bad9c53885fbc5be5a358b2ae742704b9f280dfa,10,1.0
3d09b61106a1198bc67c79ddbd8e6696d4330ac4,22_acoustic_guitar,build51,b17c9b116f73af5e54e294b1362187bb666a1737,c6a67bcc6433546d8ede05ca6b05e089509d27ed,16,1.0
3d09b61106a1198bc67c79ddbd8e6696d4330ac4,22_acoustic_guitar,dromedary,b17c9b116f73af5e54e294b1362187bb666a1737,d47c3fb53513386e01d13c19f771ca5eb0f7da90,9,1.0
3d09b61106a1198bc67c79ddbd8e6696d4330ac4,22_acoustic_guitar,flarenut_spanner,b17c9b116f73af5e54e294b1362187bb666a1737,3b87ec5ffc07c08a35116928a8b6ffb64390e0a4,11,1.0
3d09b61106a1198bc67c79ddbd8e6696d4330ac4,22_acoustic_guitar,interior_details_103_4,b17c9b116f73af5e54e294b1362187bb666a1737,6c726f0ba025cab6490df5c05a6c436be87205ad,4,1.0
3d09b61106a1198bc67c79ddbd8e6696d4330ac4,22_acoustic_guitar,kitchen_equipment_knife2,b17c9b116f73af5e54e294b1362187bb666a1737,4c406e5b2db8e63397199570ff59e65caeca5775,5,1.0
3d09b61106a1198bc67c79ddbd8e6696d4330ac4,22_acoustic_guitar,lo_poly_animal_BEAR_BLK,b17c9b116f73af5e54e294b1362187bb666a1737,3c6c194cc864f2a655446efa548eef153a393618,15,1.0
3d09b61106a1198bc67c79ddbd8e6696d4330ac4,22_acoustic_guitar,lo_poly_animal_CHICKDEE,b17c9b116f73af5e54e294b1362187bb666a1737,b95b95002cc603d8b4aec4836d1edc6b1f129efb,5,1.0
3d09b61106a1198bc67c79ddbd8e6696d4330ac4,22_acoustic_guitar,lo_poly_animal_ELE_AS1,b17c9b116f73af5e54e294b1362187bb666a1737,41313a938cb781cbd60a6870530e116a9d98e48c,8,1.0
3d09b61106a1198bc67c79ddbd8e6696d4330ac4,22_acoustic_guitar,lo_poly_animal_RHINO_2,b17c9b116f73af5e54e294b1362187bb666a1737,b87e834ba5e263774477edc6fc956070795ab1b6,20,1.0
3d09b61106a1198bc67c79ddbd8e6696d4330ac4,22_acoustic_guitar,lo_poly_animal_TRANTULA,b17c9b116f73af5e54e294b1362187bb666a1737,8f14ff8cf138e89d90211a7811968af08d4d7098,18,1.0
3d09b61106a1198bc67c79ddbd8e6696d4330ac4,22_acoustic_guitar,weimaraner,b17c9b116f73af5e54e294b1362187bb666a1737,4f263a161cdd009ff7f9aa88ed9be2b852772142,7,1.0
3d09b61106a1198bc67c79ddbd8e6696d4330ac4,22_acoustic_guitar,womens_shorts_01M,b17c9b116f73af5e54e294b1362187bb666a1737,66c09717173c555eced9e7a167f405b7d08ab18f,6,1.0
3d09b61106a1198bc67c79ddbd8e6696d4330ac4,22_acoustic_guitar,womens_stockings_01M,b17c9b116f73af5e54e294b1362187bb666a1737,7ed95b3ba88443ed63f25ffe0b5fb52d78dab676,13,1.0
3d09b61106a1198bc67c79ddbd8e6696d4330ac4,22_acoustic_guitar,zebra,b17c9b116f73af5e54e294b1362187bb666a1737,21afbd503b5d4f9c399c4a66baef6bd6e894715f,9,1.0
3d98883fae905cf6b4d9951e672dc1f3b49110e6,interior_details_103_4,22_acoustic_guitar,6c726f0ba025cab6490df5c05a6c436be87205ad,b17c9b116f73af5e54e294b1362187bb666a1737,24,0.9583333333333334
3d98883fae905cf6b4d9951e672dc1f3b49110e6,interior_details_103_4,Hanger_02,6c726f0ba025cab6490df5c05a6c436be87205ad,2ef7b8f76464ac15cea9c2eaf23bfb992cfa8a20,30,0.8666666666666667
3d98883fae905cf6b4d9951e672dc1f3b49110e6,interior_details_103_4,MB27346,6c726f0ba025cab6490df5c05a6c436be87205ad,f3b1fb66463bf84b593dad9fd1028aa8db6f3720,21,1.0
3d98883fae905cf6b4d9951e672dc1f3b49110e6,interior_details_103_4,MB28699,6c726f0ba025cab6490df5c05a6c436be87205ad,ee36e4d66958199793add93da479822f4d1164e6,25,0.92
3d98883fae905cf6b4d9951e672dc1f3b49110e6,interior_details_103_4,MB29874,6c726f0ba025cab6490df5c05a6c436be87205ad,7cc042e01ac7e57de362ae777017d3e1b727c9f0,41,0.975609756097561
3d98883fae905cf6b4d9951e672dc1f3b49110e6,interior_details_103_4,MB30203,6c726f0ba025cab6490df5c05a6c436be87205ad,e6e0c7209f8a7908c49f803651f7382e3a2e75c5,22,0.9545454545454546
3d98883fae905cf6b4d9951e672dc1f3b49110e6,interior_details_103_4,MB30758,6c726f0ba025cab6490df5c05a6c436be87205ad,61c2291042151124f703bb567c32ab30fda22360,18,1.0
3d98883fae905cf6b4d9951e672dc1f3b49110e6,interior_details_103_4,antique_furniture_item_18,6c726f0ba025cab6490df5c05a6c436be87205ad,bad9c53885fbc5be5a358b2ae742704b9f280dfa,31,0.967741935483871
3d98883fae905cf6b4d9951e672dc1f3b49110e6,interior_details_103_4,build51,6c726f0ba025cab6490df5c05a6c436be87205ad,c6a67bcc6433546d8ede05ca6b05e089509d27ed,41,0.926829268292683
3d98883fae905cf6b4d9951e672dc1f3b49110e6,interior_details_103_4,calc01,6c726f0ba025cab6490df5c05a6c436be87205ad,1858def1a1ecf0e1de87fdbb649b8586cd9210fb,24,1.0
3d98883fae905cf6b4d9951e672dc1f3b49110e6,interior_details_103_4,dromedary,6c726f0ba025cab6490df5c05a6c436be87205ad,d47c3fb53513386e01d13c19f771ca5eb0f7da90,7,1.0
3d98883fae905cf6b4d9951e672dc1f3b49110e6,interior_details_103_4,flarenut_spanner,6c726f0ba025cab6490df5c05a6c436be87205ad,3b87ec5ffc07c08a35116928a8b6ffb64390e0a4,23,0.9565217391304348
3d98883fae905cf6b4d9951e672dc1f3b49110e6,interior_details_103_4,interior_details_130_2,6c726f0ba025cab6490df5c05a6c436be87205ad,f730e2fab41495e73bf0e665266a51a692d1ca54,25,0.88
3d98883fae905cf6b4d9951e672dc1f3b49110e6,interior_details_103_4,kitchen_equipment_knife2,6c726f0ba025cab6490df5c05a6c436be87205ad,4c406e5b2db8e63397199570ff59e65caeca5775,50,0.96
3d98883fae905cf6b4d9951e672dc1f3b49110e6,interior_details_103_4,lo_poly_animal_BEAR_BLK,6c726f0ba025cab6490df5c05a6c436be87205ad,3c6c194cc864f2a655446efa548eef153a393618,21,1.0
3d98883fae905cf6b4d9951e672dc1f3b49110e6,interior_details_103_4,lo_poly_animal_CHICKDEE,6c726f0ba025cab6490df5c05a6c436be87205ad,b95b95002cc603d8b4aec4836d1edc6b1f129efb,32,0.96875
3d98883fae905cf6b4d9951e672dc1f3b49110e6,interior_details_103_4,lo_poly_animal_ELE_AS1,6c726f0ba025cab6490df5c05a6c436be87205ad,41313a938cb781cbd60a6870530e116a9d98e48c,16,1.0
3d98883fae905cf6b4d9951e672dc1f3b49110e6,interior_details_103_4,lo_poly_animal_RHINO_2,6c726f0ba025cab6490df5c05a6c436be87205ad,b87e834ba5e263774477edc6fc956070795ab1b6,23,1.0
3d98883fae905cf6b4d9951e672dc1f3b49110e6,interior_details_103_4,lo_poly_animal_TRANTULA,6c726f0ba025cab6490df5c05a6c436be87205ad,8f14ff8cf138e89d90211a7811968af08d4d7098,20,0.95
3d98883fae905cf6b4d9951e672dc1f3b49110e6,interior_details_103_4,weimaraner,6c726f0ba025cab6490df5c05a6c436be87205ad,4f263a161cdd009ff7f9aa88ed9be2b852772142,15,1.0
3d98883fae905cf6b4d9951e672dc1f3b49110e6,interior_details_103_4,womens_shorts_01M,6c726f0ba025cab6490df5c05a6c436be87205ad,66c09717173c555eced9e7a167f405b7d08ab18f,14,1.0
3d98883fae905cf6b4d9951e672dc1f3b49110e6,interior_details_103_4,womens_stockings_01M,6c726f0ba025cab6490df5c05a6c436be87205ad,7ed95b3ba88443ed63f25ffe0b5fb52d78dab676,13,1.0
3d98883fae905cf6b4d9951e672dc1f3b49110e6,interior_details_103_4,zebra,6c726f0ba025cab6490df5c05a6c436be87205ad,21afbd503b5d4f9c399c4a66baef6bd6e894715f,17,1.0
403c4febab1b698c7a959a14439371ee0ab974d0,lo_poly_animal_CHICKDEE,22_acoustic_guitar,b95b95002cc603d8b4aec4836d1edc6b1f129efb,b17c9b116f73af5e54e294b1362187bb666a1737,11,0.6363636363636364
403c4febab1b698c7a959a14439371ee0ab974d0,lo_poly_animal_CHICKDEE,Hanger_02,b95b95002cc603d8b4aec4836d1edc6b1f129efb,2ef7b8f76464ac15cea9c2eaf23bfb992cfa8a20,26,0.9230769230769231
403c4febab1b698c7a959a14439371ee0ab974d0,lo_poly_animal_CHICKDEE,MB27346,b95b95002cc603d8b4aec4836d1edc6b1f129efb,f3b1fb66463bf84b593dad9fd1028aa8db6f3720,19,0.8947368421052632
403c4febab1b698c7a959a14439371ee0ab974d0,lo_poly_animal_CHICKDEE,MB28699,b95b95002cc603d8b4aec4836d1edc6b1f129efb,ee36e4d66958199793add93da479822f4d1164e6,10,1.0
403c4febab1b698c7a959a14439371ee0ab974d0,lo_poly_animal_CHICKDEE,MB29874,b95b95002cc603d8b4aec4836d1edc6b1f129efb,7cc042e01ac7e57de362ae777017d3e1b727c9f0,14,0.9285714285714286
403c4febab1b698c7a959a14439371ee0ab974d0,lo_poly_animal_CHICKDEE,MB30203,b95b95002cc603d8b4aec4836d1edc6b1f129efb,e6e0c7209f8a7908c49f803651f7382e3a2e75c5,21,0.8571428571428571
403c4febab1b698c7a959a14439371ee0ab974d0,lo_poly_animal_CHICKDEE,MB30758,b95b95002cc603d8b4aec4836d1edc6b1f129efb,61c2291042151124f703bb567c32ab30fda22360,27,0.8888888888888888
403c4febab1b698c7a959a14439371ee0ab974d0,lo_poly_animal_CHICKDEE,antique_furniture_item_18,b95b95002cc603d8b4aec4836d1edc6b1f129efb,bad9c53885fbc5be5a358b2ae742704b9f280dfa,5,1.0
403c4febab1b698c7a959a14439371ee0ab974d0,lo_poly_animal_CHICKDEE,build51,b95b95002cc603d8b4aec4836d1edc6b1f129efb,c6a67bcc6433546d8ede05ca6b05e089509d27ed,13,0.9230769230769231
403c4febab1b698c7a959a14439371ee0ab974d0,lo_poly_animal_CHICKDEE,calc01,b95b95002cc603d8b4aec4836d1edc6b1f129efb,1858def1a1ecf0e1de87fdbb649b8586cd9210fb,10,1.0
403c4febab1b698c7a959a14439371ee0ab974d0,lo_poly_animal_CHICKDEE,dromedary,b95b95002cc603d8b4aec4836d1edc6b1f129efb,d47c3fb53513386e01d13c19f771ca5eb0f7da90,13,1.0
403c4febab1b698c7a959a14439371ee0ab974d0,lo_poly_animal_CHICKDEE,flarenut_spanner,b95b95002cc603d8b4aec4836d1edc6b1f129efb,3b87ec5ffc07c08a35116928a8b6ffb64390e0a4,12,1.0
403c4febab1b698c7a959a14439371ee0ab974d0,lo_poly_animal_CHICKDEE,interior_details_103_4,b95b95002cc603d8b4aec4836d1edc6b1f129efb,6c726f0ba025cab6490df5c05a6c436be87205ad,12,0.9166666666666666
403c4febab1b698c7a959a14439371ee0ab974d0,lo_poly_animal_CHICKDEE,interior_details_130_2,b95b95002cc603d8b4aec4836d1edc6b1f129efb,f730e2fab41495e73bf0e665266a51a692d1ca54,11,0.9090909090909091
403c4febab1b698c7a959a14439371ee0ab974d0,lo_poly_animal_CHICKDEE,kitchen_equipment_knife2,b95b95002cc603d8b4aec4836d1edc6b1f129efb,4c406e5b2db8e63397199570ff59e65caeca5775,31,1.0
403c4febab1b698c7a959a14439371ee0ab974d0,lo_poly_animal_CHICKDEE,lo_poly_animal_BEAR_BLK,b95b95002cc603d8b4aec4836d1edc6b1f129efb,3c6c194cc864f2a655446efa548eef153a393618,17,1.0
403c4febab1b698c7a959a14439371ee0ab974d0,lo_poly_animal_CHICKDEE,lo_poly_animal_ELE_AS1,b95b95002cc603d8b4aec4836d1edc6b1f129efb,41313a938cb781cbd60a6870530e116a9d98e48c,7,1.0
403c4febab1b698c7a959a14439371ee0ab974d0,lo_poly_animal_CHICKDEE,lo_poly_animal_RHINO_2,b95b95002cc603d8b4aec4836d1edc6b1f129efb,b87e834ba5e263774477edc6fc956070795ab1b6,41,0.975609756097561
403c4febab1b698c7a959a14439371ee0ab974d0,lo_poly_animal_CHICKDEE,lo_poly_animal_TRANTULA,b95b95002cc603d8b4aec4836d1edc6b1f129efb,8f14ff8cf138e89d90211a7811968af08d4d7098,8,1.0
403c4febab1b698c7a959a14439371ee0ab974d0,lo_poly_animal_CHICKDEE,weimaraner,b95b95002cc603d8b4aec4836d1edc6b1f129efb,4f263a161cdd009ff7f9aa88ed9be2b852772142,21,0.9047619047619048
403c4febab1b698c7a959a14439371ee0ab974d0,lo_poly_animal_CHICKDEE,womens_shorts_01M,b95b95002cc603d8b4aec4836d1edc6b1f129efb,66c09717173c555eced9e7a167f405b7d08ab18f,16,0.8125
403c4febab1b698c7a959a14439371ee0ab974d0,lo_poly_animal_CHICKDEE,womens_stockings_01M,b95b95002cc603d8b4aec4836d1edc6b1f129efb,7ed95b3ba88443ed63f25ffe0b5fb52d78dab676,16,1.0
403c4febab1b698c7a959a14439371ee0ab974d0,lo_poly_animal_CHICKDEE,zebra,b95b95002cc603d8b4aec4836d1edc6b1f129efb,21afbd503b5d4f9c399c4a66baef6bd6e894715f,11,0.8181818181818182
407ecdf03ca3d39f4606f09c754a13fe0f19d8fc,MB28699,22_acoustic_guitar,ee36e4d66958199793add93da479822f4d1164e6,b17c9b116f73af5e54e294b1362187bb666a1737,8,1.0
407ecdf03ca3d39f4606f09c754a13fe0f19d8fc,MB28699,Hanger_02,ee36e4d66958199793add93da479822f4d1164e6,2ef7b8f76464ac15cea9c2eaf23bfb992cfa8a20,7,1.0
407ecdf03ca3d39f4606f09c754a13fe0f19d8fc,MB28699,MB27346,ee36e4d66958199793add93da479822f4d1164e6,f3b1fb66463bf84b593dad9fd1028aa8db6f3720,10,1.0
407ecdf03ca3d39f4606f09c754a13fe0f19d8fc,MB28699,MB29874,ee36e4d66958199793add93da479822f4d1164e6,7cc042e01ac7e57de362ae777017d3e1b727c9f0,23,1.0
407ecdf03ca3d39f4606f09c754a13fe0f19d8fc,MB28699,MB30203,ee36e4d66958199793add93da479822f4d1164e6,e6e0c7209f8a7908c49f803651f7382e3a2e75c5,20,1.0
407ecdf03ca3d39f4606f09c754a13fe0f19d8fc,MB28699,MB30758,ee36e4d66958199793add93da479822f4d1164e6,61c2291042151124f703bb567c32ab30fda22360,6,1.0
407ecdf03ca3d39f4606f09c754a13fe0f19d8fc,MB28699,antique_furniture_item_18,ee36e4d66958199793add93da479822f4d1164e6,bad9c53885fbc5be5a358b2ae742704b9f280dfa,7,1.0
407ecdf03ca3d39f4606f09c754a13fe0f19d8fc,MB28699,build51,ee36e4d66958199793add93da479822f4d1164e6,c6a67bcc6433546d8ede05ca6b05e089509d27ed,16,1.0
407ecdf03ca3d39f4606f09c754a13fe0f19d8fc,MB28699,dromedary,ee36e4d66958199793add93da479822f4d1164e6,d47c3fb53513386e01d13c19f771ca5eb0f7da90,15,1.0
407ecdf03ca3d39f4606f09c754a13fe0f19d8fc,MB28699,flarenut_spanner,ee36e4d66958199793add93da479822f4d1164e6,3b87ec5ffc07c08a35116928a8b6ffb64390e0a4,5,1.0
407ecdf03ca3d39f4606f09c754a13fe0f19d8fc,MB28699,interior_details_103_4,ee36e4d66958199793add93da479822f4d1164e6,6c726f0ba025cab6490df5c05a6c436be87205ad,10,1.0
407ecdf03ca3d39f4606f09c754a13fe0f19d8fc,MB28699,interior_details_130_2,ee36e4d66958199793add93da479822f4d1164e6,f730e2fab41495e73bf0e665266a51a692d1ca54,8,1.0
407ecdf03ca3d39f4606f09c754a13fe0f19d8fc,MB28699,kitchen_equipment_knife2,ee36e4d66958199793add93da479822f4d1164e6,4c406e5b2db8e63397199570ff59e65caeca5775,5,1.0
407ecdf03ca3d39f4606f09c754a13fe0f19d8fc,MB28699,lo_poly_animal_BEAR_BLK,ee36e4d66958199793add93da479822f4d1164e6,3c6c194cc864f2a655446efa548eef153a393618,13,1.0
407ecdf03ca3d39f4606f09c754a13fe0f19d8fc,MB28699,lo_poly_animal_CHICKDEE,ee36e4d66958199793add93da479822f4d1164e6,b95b95002cc603d8b4aec4836d1edc6b1f129efb,14,0.9285714285714286
407ecdf03ca3d39f4606f09c754a13fe0f19d8fc,MB28699,lo_poly_animal_ELE_AS1,ee36e4d66958199793add93da479822f4d1164e6,41313a938cb781cbd60a6870530e116a9d98e48c,13,1.0
407ecdf03ca3d39f4606f09c754a13fe0f19d8fc,MB28699,lo_poly_animal_RHINO_2,ee36e4d66958199793add93da479822f4d1164e6,b87e834ba5e263774477edc6fc956070795ab1b6,4,1.0
407ecdf03ca3d39f4606f09c754a13fe0f19d8fc,MB28699,lo_poly_animal_TRANTULA,ee36e4d66958199793add93da479822f4d1164e6,8f14ff8cf138e89d90211a7811968af08d4d7098,15,1.0
407ecdf03ca3d39f4606f09c754a13fe0f19d8fc,MB28699,weimaraner,ee36e4d66958199793add93da479822f4d1164e6,4f263a161cdd009ff7f9aa88ed9be2b852772142,7,1.0
407ecdf03ca3d39f4606f09c754a13fe0f19d8fc,MB28699,womens_stockings_01M,ee36e4d66958199793add93da479822f4d1164e6,7ed95b3ba88443ed63f25ffe0b5fb52d78dab676,4,1.0
407ecdf03ca3d39f4606f09c754a13fe0f19d8fc,MB28699,zebra,ee36e4d66958199793add93da479822f4d1164e6,21afbd503b5d4f9c399c4a66baef6bd6e894715f,8,1.0
415f20f3ce62e1d1872b4fc0948a6c0f4f2886b4,kitchen_equipment_knife2,22_acoustic_guitar,4c406e5b2db8e63397199570ff59e65caeca5775,b17c9b116f73af5e54e294b1362187bb666a1737,16,0.875
415f20f3ce62e1d1872b4fc0948a6c0f4f2886b4,kitchen_equipment_knife2,Hanger_02,4c406e5b2db8e63397199570ff59e65caeca5775,2ef7b8f76464ac15cea9c2eaf23bfb992cfa8a20,41,0.8536585365853658
415f20f3ce62e1d1872b4fc0948a6c0f4f2886b4,kitchen_equipment_knife2,MB27346,4c406e5b2db8e63397199570ff59e65caeca5775,f3b1fb66463bf84b593dad9fd1028aa8db6f3720,16,0.75
415f20f3ce62e1d1872b4fc0948a6c0f4f2886b4,kitchen_equipment_knife2,MB28699,4c406e5b2db8e63397199570ff59e65caeca5775,ee36e4d66958199793add93da479822f4d1164e6,8,0.75
415f20f3ce62e1d1872b4fc0948a6c0f4f2886b4,kitchen_equipment_knife2,MB29874,4c406e5b2db8e63397199570ff59e65caeca5775,7cc042e01ac7e57de362ae777017d3e1b727c9f0,21,0.9047619047619048
415f20f3ce62e1d1872b4fc0948a6c0f4f2886b4,kitchen_equipment_knife2,MB30203,4c406e5b2db8e63397199570ff59e65caeca5775,e6e0c7209f8a7908c49f803651f7382e3a2e75c5,8,1.0
415f20f3ce62e1d1872b4fc0948a6c0f4f2886b4,kitchen_equipment_knife2,MB30758,4c406e5b2db8e63397199570ff59e65caeca5775,61c2291042151124f703bb567c32ab30fda22360,9,0.8888888888888888
415f20f3ce62e1d1872b4fc0948a6c0f4f2886b4,kitchen_equipment_knife2,antique_furniture_item_18,4c406e5b2db8e63397199570ff59e65caeca5775,bad9c53885fbc5be5a358b2ae742704b9f280dfa,9,0.8888888888888888
415f20f3ce62e1d1872b4fc0948a6c0f4f2886b4,kitchen_equipment_knife2,build51,4c406e5b2db8e63397199570ff59e65caeca5775,c6a67bcc6433546d8ede05ca6b05e089509d27ed,8,1.0
415f20f3ce62e1d1872b4fc0948a6c0f4f2886b4,kitchen_equipment_knife2,calc01,4c406e5b2db8e63397199570ff59e65caeca5775,1858def1a1ecf0e1de87fdbb649b8586cd9210fb,18,0.7777777777777778
415f20f3ce62e1d1872b4fc0948a6c0f4f2886b4,kitchen_equipment_knife2,dromedary,4c406e5b2db8e63397199570ff59e65caeca5775,d47c3fb53513386e01d13c19f771ca5eb0f7da90,11,0.8181818181818182
415f20f3ce62e1d1872b4fc0948a6c0f4f2886b4,kitchen_equipment_knife2,flarenut_spanner,4c406e5b2db8e63397199570ff59e65caeca5775,3b87ec5ffc07c08a35116928a8b6ffb64390e0a4,18,0.7222222222222222
415f20f3ce62e1d1872b4fc0948a6c0f4f2886b4,kitchen_equipment_knife2,interior_details_103_4,4c406e5b2db8e63397199570ff59e65caeca5775,6c726f0ba025cab6490df5c05a6c436be87205ad,25,0.96
415f20f3ce62e1d1872b4fc0948a6c0f4f2886b4,kitchen_equipment_knife2,interior_details_130_2,4c406e5b2db8e63397199570ff59e65caeca5775,f730e2fab41495e73bf0e665266a51a692d1ca54,12,0.9166666666666666
415f20f3ce62e1d1872b4fc0948a6c0f4f2886b4,kitchen_equipment_knife2,lo_poly_animal_BEAR_BLK,4c406e5b2db8e63397199570ff59e65caeca5775,3c6c194cc864f2a655446efa548eef153a393618,28,0.9285714285714286
415f20f3ce62e1d1872b4fc0948a6c0f4f2886b4,kitchen_equipment_knife2,lo_poly_animal_CHICKDEE,4c406e5b2db8e63397199570ff59e65caeca5775,b95b95002cc603d8b4aec4836d1edc6b1f129efb,23,0.43478260869565216
415f20f3ce62e1d1872b4fc0948a6c0f4f2886b4,kitchen_equipment_knife2,lo_poly_animal_ELE_AS1,4c406e5b2db8e63397199570ff59e65caeca5775,41313a938cb781cbd60a6870530e116a9d98e48c,30,0.8333333333333334
415f20f3ce62e1d1872b4fc0948a6c0f4f2886b4,kitchen_equipment_knife2,lo_poly_animal_RHINO_2,4c406e5b2db8e63397199570ff59e65caeca5775,b87e834ba5e263774477edc6fc956070795ab1b6,26,0.6538461538461539
415f20f3ce62e1d1872b4fc0948a6c0f4f2886b4,kitchen_equipment_knife2,lo_poly_animal_TRANTULA,4c406e5b2db8e63397199570ff59e65caeca5775,8f14ff8cf138e89d90211a7811968af08d4d7098,13,0.6923076923076923
415f20f3ce62e1d1872b4fc0948a6c0f4f2886b4,kitchen_equipment_knife2,weimaraner,4c406e5b2db8e63397199570ff59e65caeca5775,4f263a161cdd009ff7f9aa88ed9be2b852772142,13,0.7692307692307693
415f20f3ce62e1d1872b4fc0948a6c0f4f2886b4,kitchen_equipment_knife2,womens_shorts_01M,4c406e5b2db8e63397199570ff59e65caeca5775,66c09717173c555eced9e7a167f405b7d08ab18f,12,0.9166666666666666
415f20f3ce62e1d1872b4fc0948a6c0f4f2886b4,kitchen_equipment_knife2,womens_stockings_01M,4c406e5b2db8e63397199570ff59e65caeca5775,7ed95b3ba88443ed63f25ffe0b5fb52d78dab676,7,0.5714285714285714
415f20f3ce62e1d1872b4fc0948a6c0f4f2886b4,kitchen_equipment_knife2,zebra,4c406e5b2db8e63397199570ff59e65caeca5775,21afbd503b5d4f9c399c4a66baef6bd6e894715f,4,0.5
4228320287ce3bffa97e16357a6a0a63ddd8d87a,lo_poly_animal_TRANTULA,22_acoustic_guitar,8f14ff8cf138e89d90211a7811968af08d4d7098,b17c9b116f73af5e54e294b1362187bb666a1737,8,1.0
4228320287ce3bffa97e16357a6a0a63ddd8d87a,lo_poly_animal_TRANTULA,Hanger_02,8f14ff8cf138e89d90211a7811968af08d4d7098,2ef7b8f76464ac15cea9c2eaf23bfb992cfa8a20,4,1.0
4228320287ce3bffa97e16357a6a0a63ddd8d87a,lo_poly_animal_TRANTULA,MB27346,8f14ff8cf138e89d90211a7811968af08d4d7098,f3b1fb66463bf84b593dad9fd1028aa8db6f3720,12,0.8333333333333334
4228320287ce3bffa97e16357a6a0a63ddd8d87a,lo_poly_animal_TRANTULA,MB28699,8f14ff8cf138e89d90211a7811968af08d4d7098,ee36e4d66958199793add93da479822f4d1164e6,16,0.9375
4228320287ce3bffa97e16357a6a0a63ddd8d87a,lo_poly_animal_TRANTULA,MB29874,8f14ff8cf138e89d90211a7811968af08d4d7098,7cc042e01ac7e57de362ae777017d3e1b727c9f0,4,1.0
4228320287ce3bffa97e16357a6a0a63ddd8d87a,lo_poly_animal_TRANTULA,MB30203,8f14ff8cf138e89d90211a7811968af08d4d7098,e6e0c7209f8a7908c49f803651f7382e3a2e75c5,6,0.6666666666666666
4228320287ce3bffa97e16357a6a0a63ddd8d87a,lo_poly_animal_TRANTULA,MB30758,8f14ff8cf138e89d90211a7811968af08d4d7098,61c2291042151124f703bb567c32ab30fda22360,6,0.8333333333333334
4228320287ce3bffa97e16357a6a0a63ddd8d87a,lo_poly_animal_TRANTULA,antique_furniture_item_18,8f14ff8cf138e89d90211a7811968af08d4d7098,bad9c53885fbc5be5a358b2ae742704b9f280dfa,20,0.95
4228320287ce3bffa97e16357a6a0a63ddd8d87a,lo_poly_animal_TRANTULA,build51,8f14ff8cf138e89d90211a7811968af08d4d7098,c6a67bcc6433546d8ede05ca6b05e089509d27ed,15,1.0
4228320287ce3bffa97e16357a6a0a63ddd8d87a,lo_poly_animal_TRANTULA,calc01,8f14ff8cf138e89d90211a7811968af08d4d7098,1858def1a1ecf0e1de87fdbb649b8586cd9210fb,5,0.8
4228320287ce3bffa97e16357a6a0a63ddd8d87a,lo_poly_animal_TRANTULA,dromedary,8f14ff8cf138e89d90211a7811968af08d4d7098,d47c3fb53513386e01d13c19f771ca5eb0f7da90,8,1.0
4228320287ce3bffa97e16357a6a0a63ddd8d87a,lo_poly_animal_TRANTULA,flarenut_spanner,8f14ff8cf138e89d90211a7811968af08d4d7098,3b87ec5ffc07c08a35116928a8b6ffb64390e0a4,7,0.8571428571428571
4228320287ce3bffa97e16357a6a0a63ddd8d87a,lo_poly_animal_TRANTULA,interior_details_103_4,8f14ff8cf138e89d90211a7811968af08d4d7098,6c726f0ba025cab6490df5c05a6c436be87205ad,8,1.0
4228320287ce3bffa97e16357a6a0a63ddd8d87a,lo_poly_animal_TRANTULA,interior_details_130_2,8f14ff8cf138e89d90211a7811968af08d4d7098,f730e2fab41495e73bf0e665266a51a692d1ca54,17,1.0
4228320287ce3bffa97e16357a6a0a63ddd8d87a,lo_poly_animal_TRANTULA,kitchen_equipment_knife2,8f14ff8cf138e89d90211a7811968af08d4d7098,4c406e5b2db8e63397199570ff59e65caeca5775,5,0.6
4228320287ce3bffa97e16357a6a0a63ddd8d87a,lo_poly_animal_TRANTULA,lo_poly_animal_CHICKDEE,8f14ff8cf138e89d90211a7811968af08d4d7098,b95b95002cc603d8b4aec4836d1edc6b1f129efb,9,1.0
4228320287ce3bffa97e16357a6a0a63ddd8d87a,lo_poly_animal_TRANTULA,lo_poly_animal_ELE_AS1,8f14ff8cf138e89d90211a7811968af08d4d7098,41313a938cb781cbd60a6870530e116a9d98e48c,5,1.0
4228320287ce3bffa97e16357a6a0a63ddd8d87a,lo_poly_animal_TRANTULA,lo_poly_animal_RHINO_2,8f14ff8cf138e89d90211a7811968af08d4d7098,b87e834ba5e263774477edc6fc956070795ab1b6,7,1.0
4228320287ce3bffa97e16357a6a0a63ddd8d87a,lo_poly_animal_TRANTULA,weimaraner,8f14ff8cf138e89d90211a7811968af08d4d7098,4f263a161cdd009ff7f9aa88ed9be2b852772142,14,1.0
4228320287ce3bffa97e16357a6a0a63ddd8d87a,lo_poly_animal_TRANTULA,womens_shorts_01M,8f14ff8cf138e89d90211a7811968af08d4d7098,66c09717173c555eced9e7a167f405b7d08ab18f,14,1.0
4228320287ce3bffa97e16357a6a0a63ddd8d87a,lo_poly_animal_TRANTULA,womens_stockings_01M,8f14ff8cf138e89d90211a7811968af08d4d7098,7ed95b3ba88443ed63f25ffe0b5fb52d78dab676,8,1.0
4228320287ce3bffa97e16357a6a0a63ddd8d87a,lo_poly_animal_TRANTULA,zebra,8f14ff8cf138e89d90211a7811968af08d4d7098,21afbd503b5d4f9c399c4a66baef6bd6e894715f,10,1.0
429166b3b6a07eb2202ea9498e0c341fc76f3f34,dromedary,22_acoustic_guitar,d47c3fb53513386e01d13c19f771ca5eb0f7da90,b17c9b116f73af5e54e294b1362187bb666a1737,9,1.0
429166b3b6a07eb2202ea9498e0c341fc76f3f34,dromedary,Hanger_02,d47c3fb53513386e01d13c19f771ca5eb0f7da90,2ef7b8f76464ac15cea9c2eaf23bfb992cfa8a20,10,0.8
429166b3b6a07eb2202ea9498e0c341fc76f3f34,dromedary,MB27346,d47c3fb53513386e01d13c19f771ca5eb0f7da90,f3b1fb66463bf84b593dad9fd1028aa8db6f3720,15,1.0
429166b3b6a07eb2202ea9498e0c341fc76f3f34,dromedary,MB28699,d47c3fb53513386e01d13c19f771ca5eb0f7da90,ee36e4d66958199793add93da479822f4d1164e6,9,1.0
429166b3b6a07eb2202ea9498e0c341fc76f3f34,dromedary,MB29874,d47c3fb53513386e01d13c19f771ca5eb0f7da90,7cc042e01ac7e57de362ae777017d3e1b727c9f0,4,0.75
429166b3b6a07eb2202ea9498e0c341fc76f3f34,dromedary,MB30203,d47c3fb53513386e01d13c19f771ca5eb0f7da90,e6e0c7209f8a7908c49f803651f7382e3a2e75c5,16,1.0
429166b3b6a07eb2202ea9498e0c341fc76f3f34,dromedary,MB30758,d47c3fb53513386e01d13c19f771ca5eb0f7da90,61c2291042151124f703bb567c32ab30fda22360,12,0.9166666666666666
429166b3b6a07eb2202ea9498e0c341fc76f3f34,dromedary,antique_furniture_item_18,d47c3fb53513386e01d13c19f771ca5eb0f7da90,bad9c53885fbc5be5a358b2ae742704b9f280dfa,11,1.0
429166b3b6a07eb2202ea9498e0c341fc76f3f34,dromedary,build51,d47c3fb53513386e01d13c19f771ca5eb0f7da90,c6a67bcc6433546d8ede05ca6b05e089509d27ed,12,1.0
429166b3b6a07eb2202ea9498e0c341fc76f3f34,dromedary,calc01,d47c3fb53513386e01d13c19f771ca5eb0f7da90,1858def1a1ecf0e1de87fdbb649b8586cd9210fb,10,1.0
429166b3b6a07eb2202ea9498e0c341fc76f3f34,dromedary,flarenut_spanner,d47c3fb53513386e01d13c19f771ca5eb0f7da90,3b87ec5ffc07c08a35116928a8b6ffb64390e0a4,6,1.0
429166b3b6a07eb2202ea9498e0c341fc76f3f34,dromedary,interior_details_103_4,d47c3fb53513386e01d13c19f771ca5eb0f7da90,6c726f0ba025cab6490df5c05a6c436be87205ad,10,1.0
429166b3b6a07eb2202ea9498e0c341fc76f3f34,dromedary,interior_details_130_2,d47c3fb53513386e01d13c19f771ca5eb0f7da90,f730e2fab41495e73bf0e665266a51a692d1ca54,22,0.9545454545454546
429166b3b6a07eb2202ea9498e0c341fc76f3f34,dromedary,kitchen_equipment_knife2,d47c3fb53513386e01d13c19f771ca5eb0f7da90,4c406e5b2db8e63397199570ff59e65caeca5775,9,1.0
429166b3b6a07eb2202ea9498e0c341fc76f3f34,dromedary,lo_poly_animal_BEAR_BLK,d47c3fb53513386e01d13c19f771ca5eb0f7da90,3c6c194cc864f2a655446efa548eef153a393618,18,1.0
429166b3b6a07eb2202ea9498e0c341fc76f3f34,dromedary,lo_poly_animal_CHICKDEE,d47c3fb53513386e01d13c19f771ca5eb0f7da90,b95b95002cc603d8b4aec4836d1edc6b1f129efb,18,0.8888888888888888
429166b3b6a07eb2202ea9498e0c341fc76f3f34,dromedary,lo_poly_animal_ELE_AS1,d47c3fb53513386e01d13c19f771ca5eb0f7da90,41313a938cb781cbd60a6870530e116a9d98e48c,9,0.8888888888888888
429166b3b6a07eb2202ea9498e0c341fc76f3f34,dromedary,lo_poly_animal_RHINO_2,d47c3fb53513386e01d13c19f771ca5eb0f7da90,b87e834ba5e263774477edc6fc956070795ab1b6,7,1.0
429166b3b6a07eb2202ea9498e0c341fc76f3f34,dromedary,lo_poly_animal_TRANTULA,d47c3fb53513386e01d13c19f771ca5eb0f7da90,8f14ff8cf138e89d90211a7811968af08d4d7098,19,0.8947368421052632
429166b3b6a07eb2202ea9498e0c341fc76f3f34,dromedary,weimaraner,d47c3fb53513386e01d13c19f771ca5eb0f7da90,4f263a161cdd009ff7f9aa88ed9be2b852772142,8,1.0
429166b3b6a07eb2202ea9498e0c341fc76f3f34,dromedary,womens_shorts_01M,d47c3fb53513386e01d13c19f771ca5eb0f7da90,66c09717173c555eced9e7a167f405b7d08ab18f,12,0.9166666666666666
429166b3b6a07eb2202ea9498e0c341fc76f3f34,dromedary,womens_stockings_01M,d47c3fb53513386e01d13c19f771ca5eb0f7da90,7ed95b3ba88443ed63f25ffe0b5fb52d78dab676,12,1.0
429166b3b6a07eb2202ea9498e0c341fc76f3f34,dromedary,zebra,d47c3fb53513386e01d13c19f771ca5eb0f7da90,21afbd503b5d4f9c399c4a66baef6bd6e894715f,8,0.75
4293276d7a7aab7acce99d5f008c82306a7fb537,MB28699,22_acoustic_guitar,ee36e4d66958199793add93da479822f4d1164e6,b17c9b116f73af5e54e294b1362187bb666a1737,30,0.6333333333333333
4293276d7a7aab7acce99d5f008c82306a7fb537,MB28699,Hanger_02,ee36e4d66958199793add93da479822f4d1164e6,2ef7b8f76464ac15cea9c2eaf23bfb992cfa8a20,7,0.8571428571428571
4293276d7a7aab7acce99d5f008c82306a7fb537,MB28699,MB27346,ee36e4d66958199793add93da479822f4d1164e6,f3b1fb66463bf84b593dad9fd1028aa8db6f3720,12,0.3333333333333333
4293276d7a7aab7acce99d5f008c82306a7fb537,MB28699,MB29874,ee36e4d66958199793add93da479822f4d1164e6,7cc042e01ac7e57de362ae777017d3e1b727c9f0,12,0.5833333333333334
4293276d7a7aab7acce99d5f008c82306a7fb537,MB28699,MB30203,ee36e4d66958199793add93da479822f4d1164e6,e6e0c7209f8a7908c49f803651f7382e3a2e75c5,15,0.8666666666666667
4293276d7a7aab7acce99d5f008c82306a7fb537,MB28699,MB30758,ee36e4d66958199793add93da479822f4d1164e6,61c2291042151124f703bb567c32ab30fda22360,12,0.5833333333333334
4293276d7a7aab7acce99d5f008c82306a7fb537,MB28699,antique_furniture_item_18,ee36e4d66958199793add93da479822f4d1164e6,bad9c53885fbc5be5a358b2ae742704b9f280dfa,10,0.5
4293276d7a7aab7acce99d5f008c82306a7fb537,MB28699,build51,ee36e4d66958199793add93da479822f4d1164e6,c6a67bcc6433546d8ede05ca6b05e089509d27ed,13,0.8461538461538461
4293276d7a7aab7acce99d5f008c82306a7fb537,MB28699,calc01,ee36e4d66958199793add93da479822f4d1164e6,1858def1a1ecf0e1de87fdbb649b8586cd9210fb,14,0.7857142857142857
4293276d7a7aab7acce99d5f008c82306a7fb537,MB28699,dromedary,ee36e4d66958199793add93da479822f4d1164e6,d47c3fb53513386e01d13c19f771ca5eb0f7da90,27,0.3333333333333333
4293276d7a7aab7acce99d5f008c82306a7fb537,MB28699,flarenut_spanner,ee36e4d66958199793add93da479822f4d1164e6,3b87ec5ffc07c08a35116928a8b6ffb64390e0a4,11,0.36363636363636365
4293276d7a7aab7acce99d5f008c82306a7fb537,MB28699,interior_details_103_4,ee36e4d66958199793add93da479822f4d1164e6,6c726f0ba025cab6490df5c05a6c436be87205ad,20,0.85
4293276d7a7aab7acce99d5f008c82306a7fb537,MB28699,kitchen_equipment_knife2,ee36e4d66958199793add93da479822f4d1164e6,4c406e5b2db8e63397199570ff59e65caeca5775,8,0.25
4293276d7a7aab7acce99d5f008c82306a7fb537,MB28699,lo_poly_animal_BEAR_BLK,ee36e4d66958199793add93da479822f4d1164e6,3c6c194cc864f2a655446efa548eef153a393618,19,0.6842105263157895
4293276d7a7aab7acce99d5f008c82306a7fb537,MB28699,lo_poly_animal_RHINO_2,ee36e4d66958199793add93da479822f4d1164e6,b87e834ba5e263774477edc6fc956070795ab1b6,19,0.3157894736842105
4293276d7a7aab7acce99d5f008c82306a7fb537,MB28699,lo_poly_animal_TRANTULA,ee36e4d66958199793add93da479822f4d1164e6,8f14ff8cf138e89d90211a7811968af08d4d7098,31,0.3870967741935484
4293276d7a7aab7acce99d5f008c82306a7fb537,MB28699,weimaraner,ee36e4d66958199793add93da479822f4d1164e6,4f263a161cdd009ff7f9aa88ed9be2b852772142,23,0.21739130434782608
4293276d7a7aab7acce99d5f008c82306a7fb537,MB28699,womens_shorts_01M,ee36e4d66958199793add93da479822f4d1164e6,66c09717173c555eced9e7a167f405b7d08ab18f,13,0.8461538461538461
4293276d7a7aab7acce99d5f008c82306a7fb537,MB28699,womens_stockings_01M,ee36e4d66958199793add93da479822f4d1164e6,7ed95b3ba88443ed63f25ffe0b5fb52d78dab676,14,0.5
4293276d7a7aab7acce99d5f008c82306a7fb537,MB28699,zebra,ee36e4d66958199793add93da479822f4d1164e6,21afbd503b5d4f9c399c4a66baef6bd6e894715f,10,0.8
44d0e512e81c6ee1e7767ddab7b61f18f1b314f1,build51,22_acoustic_guitar,c6a67bcc6433546d8ede05ca6b05e089509d27ed,b17c9b116f73af5e54e294b1362187bb666a1737,27,1.0
44d0e512e81c6ee1e7767ddab7b61f18f1b314f1,build51,Hanger_02,c6a67bcc6433546d8ede05ca6b05e089509d27ed,2ef7b8f76464ac15cea9c2eaf23bfb992cfa8a20,26,0.9615384615384616
44d0e512e81c6ee1e7767ddab7b61f18f1b314f1,build51,MB27346,c6a67bcc6433546d8ede05ca6b05e089509d27ed,f3b1fb66463bf84b593dad9fd1028aa8db6f3720,22,1.0
44d0e512e81c6ee1e7767ddab7b61f18f1b314f1,build51,MB28699,c6a67bcc6433546d8ede05ca6b05e089509d27ed,ee36e4d66958199793add93da479822f4d1164e6,28,1.0
44d0e512e81c6ee1e7767ddab7b61f18f1b314f1,build51,MB29874,c6a67bcc6433546d8ede05ca6b05e089509d27ed,7cc042e01ac7e57de362ae777017d3e1b727c9f0,22,1.0
44d0e512e81c6ee1e7767ddab7b61f18f1b314f1,build51,MB30203,c6a67bcc6433546d8ede05ca6b05e089509d27ed,e6e0c7209f8a7908c49f803651f7382e3a2e75c5,25,1.0
44d0e512e81c6ee1e7767ddab7b61f18f1b314f1,build51,MB30758,c6a67bcc6433546d8ede05ca6b05e089509d27ed,61c2291042151124f703bb567c32ab30fda22360,19,1.0
44d0e512e81c6ee1e7767ddab7b61f18f1b314f1,build51,antique_furniture_item_18,c6a67bcc6433546d8ede05ca6b05e089509d27ed,bad9c53885fbc5be5a358b2ae742704b9f280dfa,46,0.9782608695652174
44d0e512e81c6ee1e7767ddab7b61f18f1b314f1,build51,calc01,c6a67bcc6433546d8ede05ca6b05e089509d27ed,1858def1a1ecf0e1de87fdbb649b8586cd9210fb,20,1.0
44d0e512e81c6ee1e7767ddab7b61f18f1b314f1,build51,dromedary,c6a67bcc6433546d8ede05ca6b05e089509d27ed,d47c3fb53513386e01d13c19f771ca5eb0f7da90,34,0.9705882352941176
44d0e512e81c6ee1e7767ddab7b61f18f1b314f1,build51,flarenut_spanner,c6a67bcc6433546d8ede05ca6b05e089509d27ed,3b87ec5ffc07c08a35116928a8b6ffb64390e0a4,15,0.9333333333333333
44d0e512e81c6ee1e7767ddab7b61f18f1b314f1,build51,interior_details_103_4,c6a67bcc6433546d8ede05ca6b05e089509d27ed,6c726f0ba025cab6490df5c05a6c436be87205ad,28,1.0
44d0e512e81c6ee1e7767ddab7b61f18f1b314f1,build51,interior_details_130_2,c6a67bcc6433546d8ede05ca6b05e089509d27ed,f730e2fab41495e73bf0e665266a51a692d1ca54,24,1.0
44d0e512e81c6ee1e7767ddab7b61f18f1b314f1,build51,kitchen_equipment_knife2,c6a67bcc6433546d8ede05ca6b05e089509d27ed,4c406e5b2db8e63397199570ff59e65caeca5775,23,0.9130434782608695
44d0e512e81c6ee1e7767ddab7b61f18f1b314f1,build51,lo_poly_animal_BEAR_BLK,c6a67bcc6433546d8ede05ca6b05e089509d27ed,3c6c194cc864f2a655446efa548eef153a393618,43,1.0
44d0e512e81c6ee1e7767ddab7b61f18f1b314f1,build51,lo_poly_animal_CHICKDEE,c6a67bcc6433546d8ede05ca6b05e089509d27ed,b95b95002cc603d8b4aec4836d1edc6b1f129efb,19,1.0
44d0e512e81c6ee1e7767ddab7b61f18f1b314f1,build51,lo_poly_animal_ELE_AS1,c6a67bcc6433546d8ede05ca6b05e089509d27ed,41313a938cb781cbd60a6870530e116a9d98e48c,22,1.0
44d0e512e81c6ee1e7767ddab7b61f18f1b314f1,build51,lo_poly_animal_RHINO_2,c6a67bcc6433546d8ede05ca6b05e089509d27ed,b87e834ba5e263774477edc6fc956070795ab1b6,22,1.0
44d0e512e81c6ee1e7767ddab7b61f18f1b314f1,build51,lo_poly_animal_TRANTULA,c6a67bcc6433546d8ede05ca6b05e089509d27ed,8f14ff8cf138e89d90211a7811968af08d4d7098,28,1.0
44d0e512e81c6ee1e7767ddab7b61f18f1b314f1,build51,weimaraner,c6a67bcc6433546d8ede05ca6b05e089509d27ed,4f263a161cdd009ff7f9aa88ed9be2b852772142,27,1.0
44d0e512e81c6ee1e7767ddab7b61f18f1b314f1,build51,womens_shorts_01M,c6a67bcc6433546d8ede05ca6b05e089509d27ed,66c09717173c555eced9e7a167f405b7d08ab18f,34,1.0
44d0e512e81c6ee1e7767ddab7b61f18f1b314f1,build51,womens_stockings_01M,c6a67bcc6433546d8ede05ca6b05e089509d27ed,7ed95b3ba88443ed63f25ffe0b5fb52d78dab676,18,1.0
44d0e512e81c6ee1e7767ddab7b61f18f1b314f1,build51,zebra,c6a67bcc6433546d8ede05ca6b05e089509d27ed,21afbd503b5d4f9c399c4a66baef6bd6e894715f,24,1.0
4552108313acc385c103ba8ae144e8176749449d,lo_poly_animal_RHINO_2,22_acoustic_guitar,b87e834ba5e263774477edc6fc956070795ab1b6,b17c9b116f73af5e54e294b1362187bb666a1737,15,1.0
4552108313acc385c103ba8ae144e8176749449d,lo_poly_animal_RHINO_2,Hanger_02,b87e834ba5e263774477edc6fc956070795ab1b6,2ef7b8f76464ac15cea9c2eaf23bfb992cfa8a20,17,1.0
4552108313acc385c103ba8ae144e8176749449d,lo_poly_animal_RHINO_2,MB27346,b87e834ba5e263774477edc6fc956070795ab1b6,f3b1fb66463bf84b593dad9fd1028aa8db6f3720,10,1.0
4552108313acc385c103ba8ae144e8176749449d,lo_poly_animal_RHINO_2,MB28699,b87e834ba5e263774477edc6fc956070795ab1b6,ee36e4d66958199793add93da479822f4d1164e6,10,1.0
4552108313acc385c103ba8ae144e8176749449d,lo_poly_animal_RHINO_2,MB29874,b87e834ba5e263774477edc6fc956070795ab1b6,7cc042e01ac7e57de362ae777017d3e1b727c9f0,19,1.0
4552108313acc385c103ba8ae144e8176749449d,lo_poly_animal_RHINO_2,MB30203,b87e834ba5e263774477edc6fc956070795ab1b6,e6e0c7209f8a7908c49f803651f7382e3a2e75c5,5,1.0
4552108313acc385c103ba8ae144e8176749449d,lo_poly_animal_RHINO_2,MB30758,b87e834ba5e263774477edc6fc956070795ab1b6,61c2291042151124f703bb567c32ab30fda22360,8,1.0
4552108313acc385c103ba8ae144e8176749449d,lo_poly_animal_RHINO_2,antique_furniture_item_18,b87e834ba5e263774477edc6fc956070795ab1b6,bad9c53885fbc5be5a358b2ae742704b9f280dfa,8,1.0
4552108313acc385c103ba8ae144e8176749449d,lo_poly_animal_RHINO_2,build51,b87e834ba5e263774477edc6fc956070795ab1b6,c6a67bcc6433546d8ede05ca6b05e089509d27ed,14,1.0
4552108313acc385c103ba8ae144e8176749449d,lo_poly_animal_RHINO_2,calc01,b87e834ba5e263774477edc6fc956070795ab1b6,1858def1a1ecf0e1de87fdbb649b8586cd9210fb,12,1.0
4552108313acc385c103ba8ae144e8176749449d,lo_poly_animal_RHINO_2,dromedary,b87e834ba5e263774477edc6fc956070795ab1b6,d47c3fb53513386e01d13c19f771ca5eb0f7da90,13,1.0
4552108313acc385c103ba8ae144e8176749449d,lo_poly_animal_RHINO_2,flarenut_spanner,b87e834ba5e263774477edc6fc956070795ab1b6,3b87ec5ffc07c08a35116928a8b6ffb64390e0a4,13,1.0
4552108313acc385c103ba8ae144e8176749449d,lo_poly_animal_RHINO_2,interior_details_103_4,b87e834ba5e263774477edc6fc956070795ab1b6,6c726f0ba025cab6490df5c05a6c436be87205ad,17,1.0
4552108313acc385c103ba8ae144e8176749449d,lo_poly_animal_RHINO_2,interior_details_130_2,b87e834ba5e263774477edc6fc956070795ab1b6,f730e2fab41495e73bf0e665266a51a692d1ca54,18,1.0
4552108313acc385c103ba8ae144e8176749449d,lo_poly_animal_RHINO_2,kitchen_equipment_knife2,b87e834ba5e263774477edc6fc956070795ab1b6,4c406e5b2db8e63397199570ff59e65caeca5775,4,1.0
4552108313acc385c103ba8ae144e8176749449d,lo_poly_animal_RHINO_2,lo_poly_animal_BEAR_BLK,b87e834ba5e263774477edc6fc956070795ab1b6,3c6c194cc864f2a655446efa548eef153a393618,6,1.0
4552108313acc385c103ba8ae144e8176749449d,lo_poly_animal_RHINO_2,lo_poly_animal_CHICKDEE,b87e834ba5e263774477edc6fc956070795ab1b6,b95b95002cc603d8b4aec4836d1edc6b1f129efb,13,1.0
4552108313acc385c103ba8ae144e8176749449d,lo_poly_animal_RHINO_2,lo_poly_animal_ELE_AS1,b87e834ba5e263774477edc6fc956070795ab1b6,41313a938cb781cbd60a6870530e116a9d98e48c,17,0.9411764705882353
4552108313acc385c103ba8ae144e8176749449d,lo_poly_animal_RHINO_2,lo_poly_animal_TRANTULA,b87e834ba5e263774477edc6fc956070795ab1b6,8f14ff8cf138e89d90211a7811968af08d4d7098,17,1.0
4552108313acc385c103ba8ae144e8176749449d,lo_poly_animal_RHINO_2,weimaraner,b87e834ba5e263774477edc6fc956070795ab1b6,4f263a161cdd009ff7f9aa88ed9be2b852772142,9,1.0
4552108313acc385c103ba8ae144e8176749449d,lo_poly_animal_RHINO_2,womens_shorts_01M,b87e834ba5e263774477edc6fc956070795ab1b6,66c09717173c555eced9e7a167f405b7d08ab18f,7,1.0
4552108313acc385c103ba8ae144e8176749449d,lo_poly_animal_RHINO_2,womens_stockings_01M,b87e834ba5e263774477edc6fc956070795ab1b6,7ed95b3ba88443ed63f25ffe0b5fb52d78dab676,17,0.9411764705882353
4552108313acc385c103ba8ae144e8176749449d,lo_poly_animal_RHINO_2,zebra,b87e834ba5e263774477edc6fc956070795ab1b6,21afbd503b5d4f9c399c4a66baef6bd6e894715f,6,1.0
46a373550458db5c55b864d5ba406fc29e83d8c4,lo_poly_animal_TRANTULA,22_acoustic_guitar,8f14ff8cf138e89d90211a7811968af08d4d7098,b17c9b116f73af5e54e294b1362187bb666a1737,12,1.0
46a373550458db5c55b864d5ba406fc29e83d8c4,lo_poly_animal_TRANTULA,Hanger_02,8f14ff8cf138e89d90211a7811968af08d4d7098,2ef7b8f76464ac15cea9c2eaf23bfb992cfa8a20,25,1.0
46a373550458db5c55b864d5ba406fc29e83d8c4,lo_poly_animal_TRANTULA,MB27346,8f14ff8cf138e89d90211a7811968af08d4d7098,f3b1fb66463bf84b593dad9fd1028aa8db6f3720,8,1.0
46a373550458db5c55b864d5ba406fc29e83d8c4,lo_poly_animal_TRANTULA,MB28699,8f14ff8cf138e89d90211a7811968af08d4d7098,ee36e4d66958199793add93da479822f4d1164e6,33,0.9696969696969697
46a373550458db5c55b864d5ba406fc29e83d8c4,lo_poly_animal_TRANTULA,MB29874,8f14ff8cf138e89d90211a7811968af08d4d7098,7cc042e01ac7e57de362ae777017d3e1b727c9f0,37,0.972972972972973
46a373550458db5c55b864d5ba406fc29e83d8c4,lo_poly_animal_TRANTULA,MB30203,8f14ff8cf138e89d90211a7811968af08d4d7098,e6e0c7209f8a7908c49f803651f7382e3a2e75c5,24,1.0
46a373550458db5c55b864d5ba406fc29e83d8c4,lo_poly_animal_TRANTULA,MB30758,8f14ff8cf138e89d90211a7811968af08d4d7098,61c2291042151124f703bb567c32ab30fda22360,9,1.0
46a373550458db5c55b864d5ba406fc29e83d8c4,lo_poly_animal_TRANTULA,antique_furniture_item_18,8f14ff8cf138e89d90211a7811968af08d4d7098,bad9c53885fbc5be5a358b2ae742704b9f280dfa,27,0.9629629629629629
46a373550458db5c55b864d5ba406fc29e83d8c4,lo_poly_animal_TRANTULA,build51,8f14ff8cf138e89d90211a7811968af08d4d7098,c6a67bcc6433546d8ede05ca6b05e089509d27ed,12,1.0
46a373550458db5c55b864d5ba406fc29e83d8c4,lo_poly_animal_TRANTULA,dromedary,8f14ff8cf138e89d90211a7811968af08d4d7098,d47c3fb53513386e01d13c19f771ca5eb0f7da90,26,0.9615384615384616
46a373550458db5c55b864d5ba406fc29e83d8c4,lo_poly_animal_TRANTULA,flarenut_spanner,8f14ff8cf138e89d90211a7811968af08d4d7098,3b87ec5ffc07c08a35116928a8b6ffb64390e0a4,9,1.0
46a373550458db5c55b864d5ba406fc29e83d8c4,lo_poly_animal_TRANTULA,interior_details_103_4,8f14ff8cf138e89d90211a7811968af08d4d7098,6c726f0ba025cab6490df5c05a6c436be87205ad,26,1.0
46a373550458db5c55b864d5ba406fc29e83d8c4,lo_poly_animal_TRANTULA,interior_details_130_2,8f14ff8cf138e89d90211a7811968af08d4d7098,f730e2fab41495e73bf0e665266a51a692d1ca54,6,1.0
46a373550458db5c55b864d5ba406fc29e83d8c4,lo_poly_animal_TRANTULA,kitchen_equipment_knife2,8f14ff8cf138e89d90211a7811968af08d4d7098,4c406e5b2db8e63397199570ff59e65caeca5775,18,1.0
46a373550458db5c55b864d5ba406fc29e83d8c4,lo_poly_animal_TRANTULA,lo_poly_animal_BEAR_BLK,8f14ff8cf138e89d90211a7811968af08d4d7098,3c6c194cc864f2a655446efa548eef153a393618,23,1.0
46a373550458db5c55b864d5ba406fc29e83d8c4,lo_poly_animal_TRANTULA,lo_poly_animal_CHICKDEE,8f14ff8cf138e89d90211a7811968af08d4d7098,b95b95002cc603d8b4aec4836d1edc6b1f129efb,20,1.0
46a373550458db5c55b864d5ba406fc29e83d8c4,lo_poly_animal_TRANTULA,lo_poly_animal_ELE_AS1,8f14ff8cf138e89d90211a7811968af08d4d7098,41313a938cb781cbd60a6870530e116a9d98e48c,17,1.0
46a373550458db5c55b864d5ba406fc29e83d8c4,lo_poly_animal_TRANTULA,lo_poly_animal_RHINO_2,8f14ff8cf138e89d90211a7811968af08d4d7098,b87e834ba5e263774477edc6fc956070795ab1b6,34,0.9705882352941176
46a373550458db5c55b864d5ba406fc29e83d8c4,lo_poly_animal_TRANTULA,weimaraner,8f14ff8cf138e89d90211a7811968af08d4d7098,4f263a161cdd009ff7f9aa88ed9be2b852772142,45,0.9777777777777777
46a373550458db5c55b864d5ba406fc29e83d8c4,lo_poly_animal_TRANTULA,womens_shorts_01M,8f14ff8cf138e89d90211a7811968af08d4d7098,66c09717173c555eced9e7a167f405b7d08ab18f,21,1.0
46a373550458db5c55b864d5ba406fc29e83d8c4,lo_poly_animal_TRANTULA,womens_stockings_01M,8f14ff8cf138e89d90211a7811968af08d4d7098,7ed95b3ba88443ed63f25ffe0b5fb52d78dab676,13,0.9230769230769231
46a373550458db5c55b864d5ba406fc29e83d8c4,lo_poly_animal_TRANTULA,zebra,8f14ff8cf138e89d90211a7811968af08d4d7098,21afbd503b5d4f9c399c4a66baef6bd6e894715f,16,0.9375
473a7734110bc2b4b25ec72f95a925eec57d715b,dromedary,22_acoustic_guitar,d47c3fb53513386e01d13c19f771ca5eb0f7da90,b17c9b116f73af5e54e294b1362187bb666a1737,20,0.95
473a7734110bc2b4b25ec72f95a925eec57d715b,dromedary,Hanger_02,d47c3fb53513386e01d13c19f771ca5eb0f7da90,2ef7b8f76464ac15cea9c2eaf23bfb992cfa8a20,21,1.0
473a7734110bc2b4b25ec72f95a925eec57d715b,dromedary,MB27346,d47c3fb53513386e01d13c19f771ca5eb0f7da90,f3b1fb66463bf84b593dad9fd1028aa8db6f3720,6,1.0
473a7734110bc2b4b25ec72f95a925eec57d715b,dromedary,MB28699,d47c3fb53513386e01d13c19f771ca5eb0f7da90,ee36e4d66958199793add93da479822f4d1164e6,17,1.0
473a7734110bc2b4b25ec72f95a925eec57d715b,dromedary,MB29874,d47c3fb53513386e01d13c19f771ca5eb0f7da90,7cc042e01ac7e57de362ae777017d3e1b727c9f0,19,1.0
473a7734110bc2b4b25ec72f95a925eec57d715b,dromedary,MB30203,d47c3fb53513386e01d13c19f771ca5eb0f7da90,e6e0c7209f8a7908c49f803651f7382e3a2e75c5,15,1.0
473a7734110bc2b4b25ec72f95a925eec57d715b,dromedary,MB30758,d47c3fb53513386e01d13c19f771ca5eb0f7da90,61c2291042151124f703bb567c32ab30fda22360,20,1.0
473a7734110bc2b4b25ec72f95a925eec57d715b,dromedary,antique_furniture_item_18,d47c3fb53513386e01d13c19f771ca5eb0f7da90,bad9c53885fbc5be5a358b2ae742704b9f280dfa,25,0.96
473a7734110bc2b4b25ec72f95a925eec57d715b,dromedary,build51,d47c3fb53513386e01d13c19f771ca5eb0f7da90,c6a67bcc6433546d8ede05ca6b05e089509d27ed,16,1.0
473a7734110bc2b4b25ec72f95a925eec57d715b,dromedary,calc01,d47c3fb53513386e01d13c19f771ca5eb0f7da90,1858def1a1ecf0e1de87fdbb649b8586cd9210fb,24,0.8333333333333334
473a7734110bc2b4b25ec72f95a925eec57d715b,dromedary,flarenut_spanner,d47c3fb53513386e01d13c19f771ca5eb0f7da90,3b87ec5ffc07c08a35116928a8b6ffb64390e0a4,22,0.9545454545454546
473a7734110bc2b4b25ec72f95a925eec57d715b,dromedary,interior_details_103_4,d47c3fb53513386e01d13c19f771ca5eb0f7da90,6c726f0ba025cab6490df5c05a6c436be87205ad,14,1.0
473a7734110bc2b4b25ec72f95a925eec57d715b,dromedary,interior_details_130_2,d47c3fb53513386e01d13c19f771ca5eb0f7da90,f730e2fab41495e73bf0e665266a51a692d1ca54,26,0.9615384615384616
473a7734110bc2b4b25ec72f95a925eec57d715b,dromedary,kitchen_equipment_knife2,d47c3fb53513386e01d13c19f771ca5eb0f7da90,4c406e5b2db8e63397199570ff59e65caeca5775,12,1.0
473a7734110bc2b4b25ec72f95a925eec57d715b,dromedary,lo_poly_animal_BEAR_BLK,d47c3fb53513386e01d13c19f771ca5eb0f7da90,3c6c194cc864f2a655446efa548eef153a393618,14,0.5714285714285714
473a7734110bc2b4b25ec72f95a925eec57d715b,dromedary,lo_poly_animal_CHICKDEE,d47c3fb53513386e01d13c19f771ca5eb0f7da90,b95b95002cc603d8b4aec4836d1edc6b1f129efb,11,1.0
473a7734110bc2b4b25ec72f95a925eec57d715b,dromedary,lo_poly_animal_ELE_AS1,d47c3fb53513386e01d13c19f771ca5eb0f7da90,41313a938cb781cbd60a6870530e116a9d98e48c,16,0.75
473a7734110bc2b4b25ec72f95a925eec57d715b,dromedary,lo_poly_animal_RHINO_2,d47c3fb53513386e01d13c19f771ca5eb0f7da90,b87e834ba5e263774477edc6fc956070795ab1b6,12,0.9166666666666666
473a7734110bc2b4b25ec72f95a925eec57d715b,dromedary,lo_poly_animal_TRANTULA,d47c3fb53513386e01d13c19f771ca5eb0f7da90,8f14ff8cf138e89d90211a7811968af08d4d7098,7,0.8571428571428571
473a7734110bc2b4b25ec72f95a925eec57d715b,dromedary,weimaraner,d47c3fb53513386e01d13c19f771ca5eb0f7da90,4f263a161cdd009ff7f9aa88ed9be2b852772142,19,0.6842105263157895
473a7734110bc2b4b25ec72f95a925eec57d715b,dromedary,womens_shorts_01M,d47c3fb53513386e01d13c19f771ca5eb0f7da90,66c09717173c555eced9e7a167f405b7d08ab18f,10,1.0
473a7734110bc2b4b25ec72f95a925eec57d715b,dromedary,womens_stockings_01M,d47c3fb53513386e01d13c19f771ca5eb0f7da90,7ed95b3ba88443ed63f25ffe0b5fb52d78dab676,10,0.7
473a7734110bc2b4b25ec72f95a925eec57d715b,dromedary,zebra,d47c3fb53513386e01d13c19f771ca5eb0f7da90,21afbd503b5d4f9c399c4a66baef6bd6e894715f,25,0.84
48226cb687d5187c96fc34c9ad14adb01acbda5f,lo_poly_animal_BEAR_BLK,22_acoustic_guitar,3c6c194cc864f2a655446efa548eef153a393618,b17c9b116f73af5e54e294b1362187bb666a1737,11,1.0
48226cb687d5187c96fc34c9ad14adb01acbda5f,lo_poly_animal_BEAR_BLK,Hanger_02,3c6c194cc864f2a655446efa548eef153a393618,2ef7b8f76464ac15cea9c2eaf23bfb992cfa8a20,22,0.9090909090909091
48226cb687d5187c96fc34c9ad14adb01acbda5f,lo_poly_animal_BEAR_BLK,MB27346,3c6c194cc864f2a655446efa548eef153a393618,f3b1fb66463bf84b593dad9fd1028aa8db6f3720,17,1.0
48226cb687d5187c96fc34c9ad14adb01acbda5f,lo_poly_animal_BEAR_BLK,MB28699,3c6c194cc864f2a655446efa548eef153a393618,ee36e4d66958199793add93da479822f4d1164e6,13,1.0
48226cb687d5187c96fc34c9ad14adb01acbda5f,lo_poly_animal_BEAR_BLK,MB29874,3c6c194cc864f2a655446efa548eef153a393618,7cc042e01ac7e57de362ae777017d3e1b727c9f0,10,1.0
48226cb687d5187c96fc34c9ad14adb01acbda5f,lo_poly_animal_BEAR_BLK,MB30203,3c6c194cc864f2a655446efa548eef153a393618,e6e0c7209f8a7908c49f803651f7382e3a2e75c5,15,1.0
48226cb687d5187c96fc34c9ad14adb01acbda5f,lo_poly_animal_BEAR_BLK,MB30758,3c6c194cc864f2a655446efa548eef153a393618,61c2291042151124f703bb567c32ab30fda22360,5,1.0
48226cb687d5187c96fc34c9ad14adb01acbda5f,lo_poly_animal_BEAR_BLK,antique_furniture_item_18,3c6c194cc864f2a655446efa548eef153a393618,bad9c53885fbc5be5a358b2ae742704b9f280dfa,9,1.0
48226cb687d5187c96fc34c9ad14adb01acbda5f,lo_poly_animal_BEAR_BLK,build51,3c6c194cc864f2a655446efa548eef153a393618,c6a67bcc6433546d8ede05ca6b05e089509d27ed,15,1.0
48226cb687d5187c96fc34c9ad14adb01acbda5f,lo_poly_animal_BEAR_BLK,calc01,3c6c194cc864f2a655446efa548eef153a393618,1858def1a1ecf0e1de87fdbb649b8586cd9210fb,12,1.0
48226cb687d5187c96fc34c9ad14adb01acbda5f,lo_poly_animal_BEAR_BLK,dromedary,3c6c194cc864f2a655446efa548eef153a393618,d47c3fb53513386e01d13c19f771ca5eb0f7da90,9,1.0
48226cb687d5187c96fc34c9ad14adb01acbda5f,lo_poly_animal_BEAR_BLK,flarenut_spanner,3c6c194cc864f2a655446efa548eef153a393618,3b87ec5ffc07c08a35116928a8b6ffb64390e0a4,11,1.0
48226cb687d5187c96fc34c9ad14adb01acbda5f,lo_poly_animal_BEAR_BLK,interior_details_103_4,3c6c194cc864f2a655446efa548eef153a393618,6c726f0ba025cab6490df5c05a6c436be87205ad,19,1.0
48226cb687d5187c96fc34c9ad14adb01acbda5f,lo_poly_animal_BEAR_BLK,interior_details_130_2,3c6c194cc864f2a655446efa548eef153a393618,f730e2fab41495e73bf0e665266a51a692d1ca54,22,1.0
48226cb687d5187c96fc34c9ad14adb01acbda5f,lo_poly_animal_BEAR_BLK,kitchen_equipment_knife2,3c6c194cc864f2a655446efa548eef153a393618,4c406e5b2db8e63397199570ff59e65caeca5775,6,1.0
48226cb687d5187c96fc34c9ad14adb01acbda5f,lo_poly_animal_BEAR_BLK,lo_poly_animal_CHICKDEE,3c6c194cc864f2a655446efa548eef153a393618,b95b95002cc603d8b4aec4836d1edc6b1f129efb,12,1.0
48226cb687d5187c96fc34c9ad14adb01acbda5f,lo_poly_animal_BEAR_BLK,lo_poly_animal_ELE_AS1,3c6c194cc864f2a655446efa548eef153a393618,41313a938cb781cbd60a6870530e116a9d98e48c,13,1.0
48226cb687d5187c96fc34c9ad14adb01acbda5f,lo_poly_animal_BEAR_BLK,lo_poly_animal_RHINO_2,3c6c194cc864f2a655446efa548eef153a393618,b87e834ba5e263774477edc6fc956070795ab1b6,14,1.0
48226cb687d5187c96fc34c9ad14adb01acbda5f,lo_poly_animal_BEAR_BLK,lo_poly_animal_TRANTULA,3c6c194cc864f2a655446efa548eef153a393618,8f14ff8cf138e89d90211a7811968af08d4d7098,8,1.0
48226cb687d5187c96fc34c9ad14adb01acbda5f,lo_poly_animal_BEAR_BLK,weimaraner,3c6c194cc864f2a655446efa548eef153a393618,4f263a161cdd009ff7f9aa88ed9be2b852772142,47,1.0
48226cb687d5187c96fc34c9ad14adb01acbda5f,lo_poly_animal_BEAR_BLK,womens_shorts_01M,3c6c194cc864f2a655446efa548eef153a393618,66c09717173c555eced9e7a167f405b7d08ab18f,10,1.0
48226cb687d5187c96fc34c9ad14adb01acbda5f,lo_poly_animal_BEAR_BLK,womens_stockings_01M,3c6c194cc864f2a655446efa548eef153a393618,7ed95b3ba88443ed63f25ffe0b5fb52d78dab676,23,0.9565217391304348
48226cb687d5187c96fc34c9ad14adb01acbda5f,lo_poly_animal_BEAR_BLK,zebra,3c6c194cc864f2a655446efa548eef153a393618,21afbd503b5d4f9c399c4a66baef6bd6e894715f,18,1.0
4859a52b0bff3cf46ac9f0c33402d2e1f2ea6541,build51,22_acoustic_guitar,c6a67bcc6433546d8ede05ca6b05e089509d27ed,b17c9b116f73af5e54e294b1362187bb666a1737,7,1.0
4859a52b0bff3cf46ac9f0c33402d2e1f2ea6541,build51,Hanger_02,c6a67bcc6433546d8ede05ca6b05e089509d27ed,2ef7b8f76464ac15cea9c2eaf23bfb992cfa8a20,7,1.0
4859a52b0bff3cf46ac9f0c33402d2e1f2ea6541,build51,MB27346,c6a67bcc6433546d8ede05ca6b05e089509d27ed,f3b1fb66463bf84b593dad9fd1028aa8db6f3720,20,0.9
4859a52b0bff3cf46ac9f0c33402d2e1f2ea6541,build51,MB28699,c6a67bcc6433546d8ede05ca6b05e089509d27ed,ee36e4d66958199793add93da479822f4d1164e6,13,1.0
4859a52b0bff3cf46ac9f0c33402d2e1f2ea6541,build51,MB29874,c6a67bcc6433546d8ede05ca6b05e089509d27ed,7cc042e01ac7e57de362ae777017d3e1b727c9f0,13,1.0
4859a52b0bff3cf46ac9f0c33402d2e1f2ea6541,build51,MB30203,c6a67bcc6433546d8ede05ca6b05e089509d27ed,e6e0c7209f8a7908c49f803651f7382e3a2e75c5,10,1.0
4859a52b0bff3cf46ac9f0c33402d2e1f2ea6541,build51,MB30758,c6a67bcc6433546d8ede05ca6b05e089509d27ed,61c2291042151124f703bb567c32ab30fda22360,4,1.0
4859a52b0bff3cf46ac9f0c33402d2e1f2ea6541,build51,antique_furniture_item_18,c6a67bcc6433546d8ede05ca6b05e089509d27ed,bad9c53885fbc5be5a358b2ae742704b9f280dfa,9,1.0
4859a52b0bff3cf46ac9f0c33402d2e1f2ea6541,build51,calc01,c6a67bcc6433546d8ede05ca6b05e089509d27ed,1858def1a1ecf0e1de87fdbb649b8586cd9210fb,6,0.6666666666666666
4859a52b0bff3cf46ac9f0c33402d2e1f2ea6541,build51,dromedary,c6a67bcc6433546d8ede05ca6b05e089509d27ed,d47c3fb53513386e01d13c19f771ca5eb0f7da90,8,1.0
4859a52b0bff3cf46ac9f0c33402d2e1f2ea6541,build51,flarenut_spanner,c6a67bcc6433546d8ede05ca6b05e089509d27ed,3b87ec5ffc07c08a35116928a8b6ffb64390e0a4,7,1.0
4859a52b0bff3cf46ac9f0c33402d2e1f2ea6541,build51,interior_details_103_4,c6a67bcc6433546d8ede05ca6b05e089509d27ed,6c726f0ba025cab6490df5c05a6c436be87205ad,13,1.0
4859a52b0bff3cf46ac9f0c33402d2e1f2ea6541,build51,interior_details_130_2,c6a67bcc6433546d8ede05ca6b05e089509d27ed,f730e2fab41495e73bf0e665266a51a692d1ca54,18,0.9444444444444444
4859a52b0bff3cf46ac9f0c33402d2e1f2ea6541,build51,kitchen_equipment_knife2,c6a67bcc6433546d8ede05ca6b05e089509d27ed,4c406e5b2db8e63397199570ff59e65caeca5775,13,0.9230769230769231
4859a52b0bff3cf46ac9f0c33402d2e1f2ea6541,build51,lo_poly_animal_BEAR_BLK,c6a67bcc6433546d8ede05ca6b05e089509d27ed,3c6c194cc864f2a655446efa548eef153a393618,19,1.0
4859a52b0bff3cf46ac9f0c33402d2e1f2ea6541,build51,lo_poly_animal_CHICKDEE,c6a67bcc6433546d8ede05ca6b05e089509d27ed,b95b95002cc603d8b4aec4836d1edc6b1f129efb,4,1.0
4859a52b0bff3cf46ac9f0c33402d2e1f2ea6541,build51,lo_poly_animal_ELE_AS1,c6a67bcc6433546d8ede05ca6b05e089509d27ed,41313a938cb781cbd60a6870530e116a9d98e48c,10,1.0
4859a52b0bff3cf46ac9f0c33402d2e1f2ea6541,build51,lo_poly_animal_RHINO_2,c6a67bcc6433546d8ede05ca6b05e089509d27ed,b87e834ba5e263774477edc6fc956070795ab1b6,9,1.0
4859a52b0bff3cf46ac9f0c33402d2e1f2ea6541,build51,lo_poly_animal_TRANTULA,c6a67bcc6433546d8ede05ca6b05e089509d27ed,8f14ff8cf138e89d90211a7811968af08d4d7098,11,1.0
4859a52b0bff3cf46ac9f0c33402d2e1f2ea6541,build51,womens_shorts_01M,c6a67bcc6433546d8ede05ca6b05e089509d27ed,66c09717173c555eced9e7a167f405b7d08ab18f,18,1.0
4859a52b0bff3cf46ac9f0c33402d2e1f2ea6541,build51,womens_stockings_01M,c6a67bcc6433546d8ede05ca6b05e089509d27ed,7ed95b3ba88443ed63f25ffe0b5fb52d78dab676,12,1.0
4859a52b0bff3cf46ac9f0c33402d2e1f2ea6541,build51,zebra,c6a67bcc6433546d8ede05ca6b05e089509d27ed,21afbd503b5d4f9c399c4a66baef6bd6e894715f,11,0.9090909090909091
4941dff15138e830412e668e39b8576ddca5d13b,MB28699,22_acoustic_guitar,ee36e4d66958199793add93da479822f4d1164e6,b17c9b116f73af5e54e294b1362187bb666a1737,24,1.0
4941dff15138e830412e668e39b8576ddca5d13b,MB28699,Hanger_02,ee36e4d66958199793add93da479822f4d1164e6,2ef7b8f76464ac15cea9c2eaf23bfb992cfa8a20,15,1.0
4941dff15138e830412e668e39b8576ddca5d13b,MB28699,MB27346,ee36e4d66958199793add93da479822f4d1164e6,f3b1fb66463bf84b593dad9fd1028aa8db6f3720,12,1.0
4941dff15138e830412e668e39b8576ddca5d13b,MB28699,MB29874,ee36e4d66958199793add93da479822f4d1164e6,7cc042e01ac7e57de362ae777017d3e1b727c9f0,9,0.8888888888888888
4941dff15138e830412e668e39b8576ddca5d13b,MB28699,MB30203,ee36e4d66958199793add93da479822f4d1164e6,e6e0c7209f8a7908c49f803651f7382e3a2e75c5,12,1.0
4941dff15138e830412e668e39b8576ddca5d13b,MB28699,MB30758,ee36e4d66958199793add93da479822f4d1164e6,61c2291042151124f703bb567c32ab30fda22360,12,1.0
4941dff15138e830412e668e39b8576ddca5d13b,MB28699,antique_furniture_item_18,ee36e4d66958199793add93da479822f4d1164e6,bad9c53885fbc5be5a358b2ae742704b9f280dfa,11,1.0
4941dff15138e830412e668e39b8576ddca5d13b,MB28699,build51,ee36e4d66958199793add93da479822f4d1164e6,c6a67bcc6433546d8ede05ca6b05e089509d27ed,9,1.0
4941dff15138e830412e668e39b8576ddca5d13b,MB28699,calc01,ee36e4d66958199793add93da479822f4d1164e6,1858def1a1ecf0e1de87fdbb649b8586cd9210fb,15,1.0
4941dff15138e830412e668e39b8576ddca5d13b,MB28699,dromedary,ee36e4d66958199793add93da479822f4d1164e6,d47c3fb53513386e01d13c19f771ca5eb0f7da90,13,1.0
4941dff15138e830412e668e39b8576ddca5d13b,MB28699,flarenut_spanner,ee36e4d66958199793add93da479822f4d1164e6,3b87ec5ffc07c08a35116928a8b6ffb64390e0a4,17,0.8235294117647058
4941dff15138e830412e668e39b8576ddca5d13b,MB28699,interior_details_103_4,ee36e4d66958199793add93da479822f4d1164e6,6c726f0ba025cab6490df5c05a6c436be87205ad,9,0.8888888888888888
4941dff15138e830412e668e39b8576ddca5d13b,MB28699,interior_details_130_2,ee36e4d66958199793add93da479822f4d1164e6,f730e2fab41495e73bf0e665266a51a692d1ca54,8,0.875
4941dff15138e830412e668e39b8576ddca5d13b,MB28699,kitchen_equipment_knife2,ee36e4d66958199793add93da479822f4d1164e6,4c406e5b2db8e63397199570ff59e65caeca5775,6,1.0
4941dff15138e830412e668e39b8576ddca5d13b,MB28699,lo_poly_animal_BEAR_BLK,ee36e4d66958199793add93da479822f4d1164e6,3c6c194cc864f2a655446efa548eef153a393618,12,1.0
4941dff15138e830412e668e39b8576ddca5d13b,MB28699,lo_poly_animal_CHICKDEE,ee36e4d66958199793add93da479822f4d1164e6,b95b95002cc603d8b4aec4836d1edc6b1f129efb,10,0.8
4941dff15138e830412e668e39b8576ddca5d13b,MB28699,lo_poly_animal_ELE_AS1,ee36e4d66958199793add93da479822f4d1164e6,41313a938cb781cbd60a6870530e116a9d98e48c,32,1.0
4941dff15138e830412e668e39b8576ddca5d13b,MB28699,lo_poly_animal_RHINO_2,ee36e4d66958199793add93da479822f4d1164e6,b87e834ba5e263774477edc6fc956070795ab1b6,10,1.0
4941dff15138e830412e668e39b8576ddca5d13b,MB28699,lo_poly_animal_TRANTULA,ee36e4d66958199793add93da479822f4d1164e6,8f14ff8cf138e89d90211a7811968af08d4d7098,7,1.0
4941dff15138e830412e668e39b8576ddca5d13b,MB28699,weimaraner,ee36e4d66958199793add93da479822f4d1164e6,4f263a161cdd009ff7f9aa88ed9be2b852772142,10,1.0
4941dff15138e830412e668e39b8576ddca5d13b,MB28699,womens_shorts_01M,ee36e4d66958199793add93da479822f4d1164e6,66c09717173c555eced9e7a167f405b7d08ab18f,9,1.0
4941dff15138e830412e668e39b8576ddca5d13b,MB28699,womens_stockings_01M,ee36e4d66958199793add93da479822f4d1164e6,7ed95b3ba88443ed63f25ffe0b5fb52d78dab676,11,1.0
4941dff15138e830412e668e39b8576ddca5d13b,MB28699,zebra,ee36e4d66958199793add93da479822f4d1164e6,21afbd503b5d4f9c399c4a66baef6bd6e894715f,7,1.0
4a679ae666a9446ee506b7507577103de1805b7e,zebra,22_acoustic_guitar,21afbd503b5d4f9c399c4a66baef6bd6e894715f,b17c9b116f73af5e54e294b1362187bb666a1737,17,0.8823529411764706
4a679ae666a9446ee506b7507577103de1805b7e,zebra,Hanger_02,21afbd503b5d4f9c399c4a66baef6bd6e894715f,2ef7b8f76464ac15cea9c2eaf23bfb992cfa8a20,8,1.0
4a679ae666a9446ee506b7507577103de1805b7e,zebra,MB27346,21afbd503b5d4f9c399c4a66baef6bd6e894715f,f3b1fb66463bf84b593dad9fd1028aa8db6f3720,16,1.0
4a679ae666a9446ee506b7507577103de1805b7e,zebra,MB28699,21afbd503b5d4f9c399c4a66baef6bd6e894715f,ee36e4d66958199793add93da479822f4d1164e6,14,1.0
4a679ae666a9446ee506b7507577103de1805b7e,zebra,MB30203,21afbd503b5d4f9c399c4a66baef6bd6e894715f,e6e0c7209f8a7908c49f803651f7382e3a2e75c5,5,1.0
4a679ae666a9446ee506b7507577103de1805b7e,zebra,MB30758,21afbd503b5d4f9c399c4a66baef6bd6e894715f,61c2291042151124f703bb567c32ab30fda22360,15,1.0
4a679ae666a9446ee506b7507577103de1805b7e,zebra,antique_furniture_item_18,21afbd503b5d4f9c399c4a66baef6bd6e894715f,bad9c53885fbc5be5a358b2ae742704b9f280dfa,9,1.0
4a679ae666a9446ee506b7507577103de1805b7e,zebra,calc01,21afbd503b5d4f9c399c4a66baef6bd6e894715f,1858def1a1ecf0e1de87fdbb649b8586cd9210fb,4,1.0
4a679ae666a9446ee506b7507577103de1805b7e,zebra,dromedary,21afbd503b5d4f9c399c4a66baef6bd6e894715f,d47c3fb53513386e01d13c19f771ca5eb0f7da90,13,1.0
4a679ae666a9446ee506b7507577103de1805b7e,zebra,flarenut_spanner,21afbd503b5d4f9c399c4a66baef6bd6e894715f,3b87ec5ffc07c08a35116928a8b6ffb64390e0a4,6,1.0
4a679ae666a9446ee506b7507577103de1805b7e,zebra,interior_details_103_4,21afbd503b5d4f9c399c4a66baef6bd6e894715f,6c726f0ba025cab6490df5c05a6c436be87205ad,17,1.0
4a679ae666a9446ee506b7507577103de1805b7e,zebra,interior_details_130_2,21afbd503b5d4f9c399c4a66baef6bd6e894715f,f730e2fab41495e73bf0e665266a51a692d1ca54,11,1.0
4a679ae666a9446ee506b7507577103de1805b7e,zebra,lo_poly_animal_BEAR_BLK,21afbd503b5d4f9c399c4a66baef6bd6e894715f,3c6c194cc864f2a655446efa548eef153a393618,20,1.0
4a679ae666a9446ee506b7507577103de1805b7e,zebra,lo_poly_animal_CHICKDEE,21afbd503b5d4f9c399c4a66baef6bd6e894715f,b95b95002cc603d8b4aec4836d1edc6b1f129efb,6,1.0
4a679ae666a9446ee506b7507577103de1805b7e,zebra,lo_poly_animal_ELE_AS1,21afbd503b5d4f9c399c4a66baef6bd6e894715f,41313a938cb781cbd60a6870530e116a9d98e48c,11,0.9090909090909091
4a679ae666a9446ee506b7507577103de1805b7e,zebra,lo_poly_animal_RHINO_2,21afbd503b5d4f9c399c4a66baef6bd6e894715f,b87e834ba5e263774477edc6fc956070795ab1b6,12,1.0
4a679ae666a9446ee506b7507577103de1805b7e,zebra,lo_poly_animal_TRANTULA,21afbd503b5d4f9c399c4a66baef6bd6e894715f,8f14ff8cf138e89d90211a7811968af08d4d7098,9,1.0
4a679ae666a9446ee506b7507577103de1805b7e,zebra,weimaraner,21afbd503b5d4f9c399c4a66baef6bd6e894715f,4f263a161cdd009ff7f9aa88ed9be2b852772142,10,1.0
4a679ae666a9446ee506b7507577103de1805b7e,zebra,womens_stockings_01M,21afbd503b5d4f9c399c4a66baef6bd6e894715f,7ed95b3ba88443ed63f25ffe0b5fb52d78dab676,5,1.0
4b023cab504966bec626a5321600c13fcfcfc602,flarenut_spanner,Hanger_02,3b87ec5ffc07c08a35116928a8b6ffb64390e0a4,2ef7b8f76464ac15cea9c2eaf23bfb992cfa8a20,11,0.8181818181818182
4b023cab504966bec626a5321600c13fcfcfc602,flarenut_spanner,MB27346,3b87ec5ffc07c08a35116928a8b6ffb64390e0a4,f3b1fb66463bf84b593dad9fd1028aa8db6f3720,15,0.9333333333333333
4b023cab504966bec626a5321600c13fcfcfc602,flarenut_spanner,MB28699,3b87ec5ffc07c08a35116928a8b6ffb64390e0a4,ee36e4d66958199793add93da479822f4d1164e6,4,1.0
4b023cab504966bec626a5321600c13fcfcfc602,flarenut_spanner,MB29874,3b87ec5ffc07c08a35116928a8b6ffb64390e0a4,7cc042e01ac7e57de362ae777017d3e1b727c9f0,7,0.8571428571428571
4b023cab504966bec626a5321600c13fcfcfc602,flarenut_spanner,MB30203,3b87ec5ffc07c08a35116928a8b6ffb64390e0a4,e6e0c7209f8a7908c49f803651f7382e3a2e75c5,5,1.0
4b023cab504966bec626a5321600c13fcfcfc602,flarenut_spanner,calc01,3b87ec5ffc07c08a35116928a8b6ffb64390e0a4,1858def1a1ecf0e1de87fdbb649b8586cd9210fb,8,1.0
4b023cab504966bec626a5321600c13fcfcfc602,flarenut_spanner,dromedary,3b87ec5ffc07c08a35116928a8b6ffb64390e0a4,d47c3fb53513386e01d13c19f771ca5eb0f7da90,4,0.75
4b023cab504966bec626a5321600c13fcfcfc602,flarenut_spanner,interior_details_103_4,3b87ec5ffc07c08a35116928a8b6ffb64390e0a4,6c726f0ba025cab6490df5c05a6c436be87205ad,7,0.8571428571428571
4b023cab504966bec626a5321600c13fcfcfc602,flarenut_spanner,interior_details_130_2,3b87ec5ffc07c08a35116928a8b6ffb64390e0a4,f730e2fab41495e73bf0e665266a51a692d1ca54,11,1.0
4b023cab504966bec626a5321600c13fcfcfc602,flarenut_spanner,kitchen_equipment_knife2,3b87ec5ffc07c08a35116928a8b6ffb64390e0a4,4c406e5b2db8e63397199570ff59e65caeca5775,7,0.5714285714285714
4b023cab504966bec626a5321600c13fcfcfc602,flarenut_spanner,lo_poly_animal_BEAR_BLK,3b87ec5ffc07c08a35116928a8b6ffb64390e0a4,3c6c194cc864f2a655446efa548eef153a393618,9,0.8888888888888888
4b023cab504966bec626a5321600c13fcfcfc602,flarenut_spanner,lo_poly_animal_CHICKDEE,3b87ec5ffc07c08a35116928a8b6ffb64390e0a4,b95b95002cc603d8b4aec4836d1edc6b1f129efb,16,0.9375
4b023cab504966bec626a5321600c13fcfcfc602,flarenut_spanner,lo_poly_animal_ELE_AS1,3b87ec5ffc07c08a35116928a8b6ffb64390e0a4,41313a938cb781cbd60a6870530e116a9d98e48c,8,1.0
4b023cab504966bec626a5321600c13fcfcfc602,flarenut_spanner,lo_poly_animal_RHINO_2,3b87ec5ffc07c08a35116928a8b6ffb64390e0a4,b87e834ba5e263774477edc6fc956070795ab1b6,4,0.75
4b023cab504966bec626a5321600c13fcfcfc602,flarenut_spanner,lo_poly_animal_TRANTULA,3b87ec5ffc07c08a35116928a8b6ffb64390e0a4,8f14ff8cf138e89d90211a7811968af08d4d7098,10,0.8
4b023cab504966bec626a5321600c13fcfcfc602,flarenut_spanner,weimaraner,3b87ec5ffc07c08a35116928a8b6ffb64390e0a4,4f263a161cdd009ff7f9aa88ed9be2b852772142,5,1.0
4b023cab504966bec626a5321600c13fcfcfc602,flarenut_spanner,womens_shorts_01M,3b87ec5ffc07c08a35116928a8b6ffb64390e0a4,66c09717173c555eced9e7a167f405b7d08ab18f,15,0.8
4b023cab504966bec626a5321600c13fcfcfc602,flarenut_spanner,womens_stockings_01M,3b87ec5ffc07c08a35116928a8b6ffb64390e0a4,7ed95b3ba88443ed63f25ffe0b5fb52d78dab676,17,0.8823529411764706
4b023cab504966bec626a5321600c13fcfcfc602,flarenut_spanner,zebra,3b87ec5ffc07c08a35116928a8b6ffb64390e0a4,21afbd503b5d4f9c399c4a66baef6bd6e894715f,7,0.5714285714285714
4ce7a64ac6489656e0769f93f16fa8231678558a,lo_poly_animal_TRANTULA,22_acoustic_guitar,8f14ff8cf138e89d90211a7811968af08d4d7098,b17c9b116f73af5e54e294b1362187bb666a1737,4,1.0
4ce7a64ac6489656e0769f93f16fa8231678558a,lo_poly_animal_TRANTULA,MB27346,8f14ff8cf138e89d90211a7811968af08d4d7098,f3b1fb66463bf84b593dad9fd1028aa8db6f3720,5,1.0
4ce7a64ac6489656e0769f93f16fa8231678558a,lo_poly_animal_TRANTULA,MB28699,8f14ff8cf138e89d90211a7811968af08d4d7098,ee36e4d66958199793add93da479822f4d1164e6,11,1.0
4ce7a64ac6489656e0769f93f16fa8231678558a,lo_poly_animal_TRANTULA,MB29874,8f14ff8cf138e89d90211a7811968af08d4d7098,7cc042e01ac7e57de362ae777017d3e1b727c9f0,12,0.9166666666666666
4ce7a64ac6489656e0769f93f16fa8231678558a,lo_poly_animal_TRANTULA,MB30203,8f14ff8cf138e89d90211a7811968af08d4d7098,e6e0c7209f8a7908c49f803651f7382e3a2e75c5,5,1.0
4ce7a64ac6489656e0769f93f16fa8231678558a,lo_poly_animal_TRANTULA,MB30758,8f14ff8cf138e89d90211a7811968af08d4d7098,61c2291042151124f703bb567c32ab30fda22360,11,1.0
4ce7a64ac6489656e0769f93f16fa8231678558a,lo_poly_animal_TRANTULA,antique_furniture_item_18,8f14ff8cf138e89d90211a7811968af08d4d7098,bad9c53885fbc5be5a358b2ae742704b9f280dfa,16,0.9375
4ce7a64ac6489656e0769f93f16fa8231678558a,lo_poly_animal_TRANTULA,build51,8f14ff8cf138e89d90211a7811968af08d4d7098,c6a67bcc6433546d8ede05ca6b05e089509d27ed,6,1.0
4ce7a64ac6489656e0769f93f16fa8231678558a,lo_poly_animal_TRANTULA,calc01,8f14ff8cf138e89d90211a7811968af08d4d7098,1858def1a1ecf0e1de87fdbb649b8586cd9210fb,11,1.0
4ce7a64ac6489656e0769f93f16fa8231678558a,lo_poly_animal_TRANTULA,dromedary,8f14ff8cf138e89d90211a7811968af08d4d7098,d47c3fb53513386e01d13c19f771ca5eb0f7da90,9,1.0
4ce7a64ac6489656e0769f93f16fa8231678558a,lo_poly_animal_TRANTULA,flarenut_spanner,8f14ff8cf138e89d90211a7811968af08d4d7098,3b87ec5ffc07c08a35116928a8b6ffb64390e0a4,6,1.0
4ce7a64ac6489656e0769f93f16fa8231678558a,lo_poly_animal_TRANTULA,interior_details_103_4,8f14ff8cf138e89d90211a7811968af08d4d7098,6c726f0ba025cab6490df5c05a6c436be87205ad,7,1.0
4ce7a64ac6489656e0769f93f16fa8231678558a,lo_poly_animal_TRANTULA,interior_details_130_2,8f14ff8cf138e89d90211a7811968af08d4d7098,f730e2fab41495e73bf0e665266a51a692d1ca54,36,1.0
4ce7a64ac6489656e0769f93f16fa8231678558a,lo_poly_animal_TRANTULA,kitchen_equipment_knife2,8f14ff8cf138e89d90211a7811968af08d4d7098,4c406e5b2db8e63397199570ff59e65caeca5775,19,1.0
4ce7a64ac6489656e0769f93f16fa8231678558a,lo_poly_animal_TRANTULA,lo_poly_animal_BEAR_BLK,8f14ff8cf138e89d90211a7811968af08d4d7098,3c6c194cc864f2a655446efa548eef153a393618,15,1.0
4ce7a64ac6489656e0769f93f16fa8231678558a,lo_poly_animal_TRANTULA,lo_poly_animal_CHICKDEE,8f14ff8cf138e89d90211a7811968af08d4d7098,b95b95002cc603d8b4aec4836d1edc6b1f129efb,5,1.0
4ce7a64ac6489656e0769f93f16fa8231678558a,lo_poly_animal_TRANTULA,lo_poly_animal_ELE_AS1,8f14ff8cf138e89d90211a7811968af08d4d7098,41313a938cb781cbd60a6870530e116a9d98e48c,6,1.0
4ce7a64ac6489656e0769f93f16fa8231678558a,lo_poly_animal_TRANTULA,lo_poly_animal_RHINO_2,8f14ff8cf138e89d90211a7811968af08d4d7098,b87e834ba5e263774477edc6fc956070795ab1b6,4,1.0
4ce7a64ac6489656e0769f93f16fa8231678558a,lo_poly_animal_TRANTULA,weimaraner,8f14ff8cf138e89d90211a7811968af08d4d7098,4f263a161cdd009ff7f9aa88ed9be2b852772142,5,1.0
4ce7a64ac6489656e0769f93f16fa8231678558a,lo_poly_animal_TRANTULA,womens_shorts_01M,8f14ff8cf138e89d90211a7811968af08d4d7098,66c09717173c555eced9e7a167f405b7d08ab18f,7,1.0
4ce7a64ac6489656e0769f93f16fa8231678558a,lo_poly_animal_TRANTULA,zebra,8f14ff8cf138e89d90211a7811968af08d4d7098,21afbd503b5d4f9c399c4a66baef6bd6e894715f,7,1.0
4d509cc4c449812abfd873183317be30ae48007f,lo_poly_animal_BEAR_BLK,22_acoustic_guitar,3c6c194cc864f2a655446efa548eef153a393618,b17c9b116f73af5e54e294b1362187bb666a1737,8,0.75
4d509cc4c449812abfd873183317be30ae48007f,lo_poly_animal_BEAR_BLK,Hanger_02,3c6c194cc864f2a655446efa548eef153a393618,2ef7b8f76464ac15cea9c2eaf23bfb992cfa8a20,25,0.96
4d509cc4c449812abfd873183317be30ae48007f,lo_poly_animal_BEAR_BLK,MB27346,3c6c194cc864f2a655446efa548eef153a393618,f3b1fb66463bf84b593dad9fd1028aa8db6f3720,6,1.0
4d509cc4c449812abfd873183317be30ae48007f,lo_poly_animal_BEAR_BLK,MB28699,3c6c194cc864f2a655446efa548eef153a393618,ee36e4d66958199793add93da479822f4d1164e6,12,1.0
4d509cc4c449812abfd873183317be30ae48007f,lo_poly_animal_BEAR_BLK,MB29874,3c6c194cc864f2a655446efa548eef153a393618,7cc042e01ac7e57de362ae777017d3e1b727c9f0,20,1.0
4d509cc4c449812abfd873183317be30ae48007f,lo_poly_animal_BEAR_BLK,MB30203,3c6c194cc864f2a655446efa548eef153a393618,e6e0c7209f8a7908c49f803651f7382e3a2e75c5,7,1.0
4d509cc4c449812abfd873183317be30ae48007f,lo_poly_animal_BEAR_BLK,MB30758,3c6c194cc864f2a655446efa548eef153a393618,61c2291042151124f703bb567c32ab30fda22360,9,0.8888888888888888
4d509cc4c449812abfd873183317be30ae48007f,lo_poly_animal_BEAR_BLK,build51,3c6c194cc864f2a655446efa548eef153a393618,c6a67bcc6433546d8ede05ca6b05e089509d27ed,12,0.9166666666666666
4d509cc4c449812abfd873183317be30ae48007f,lo_poly_animal_BEAR_BLK,calc01,3c6c194cc864f2a655446efa548eef153a393618,1858def1a1ecf0e1de87fdbb649b8586cd9210fb,6,1.0
4d509cc4c449812abfd873183317be30ae48007f,lo_poly_animal_BEAR_BLK,dromedary,3c6c194cc864f2a655446efa548eef153a393618,d47c3fb53513386e01d13c19f771ca5eb0f7da90,8,1.0
4d509cc4c449812abfd873183317be30ae48007f,lo_poly_animal_BEAR_BLK,flarenut_spanner,3c6c194cc864f2a655446efa548eef153a393618,3b87ec5ffc07c08a35116928a8b6ffb64390e0a4,14,1.0
4d509cc4c449812abfd873183317be30ae48007f,lo_poly_animal_BEAR_BLK,interior_details_103_4,3c6c194cc864f2a655446efa548eef153a393618,6c726f0ba025cab6490df5c05a6c436be87205ad,14,1.0
4d509cc4c449812abfd873183317be30ae48007f,lo_poly_animal_BEAR_BLK,interior_details_130_2,3c6c194cc864f2a655446efa548eef153a393618,f730e2fab41495e73bf0e665266a51a692d1ca54,11,1.0
4d509cc4c449812abfd873183317be30ae48007f,lo_poly_animal_BEAR_BLK,kitchen_equipment_knife2,3c6c194cc864f2a655446efa548eef153a393618,4c406e5b2db8e63397199570ff59e65caeca5775,6,1.0
4d509cc4c449812abfd873183317be30ae48007f,lo_poly_animal_BEAR_BLK,lo_poly_animal_CHICKDEE,3c6c194cc864f2a655446efa548eef153a393618,b95b95002cc603d8b4aec4836d1edc6b1f129efb,14,1.0
4d509cc4c449812abfd873183317be30ae48007f,lo_poly_animal_BEAR_BLK,lo_poly_animal_ELE_AS1,3c6c194cc864f2a655446efa548eef153a393618,41313a938cb781cbd60a6870530e116a9d98e48c,12,0.9166666666666666
4d509cc4c449812abfd873183317be30ae48007f,lo_poly_animal_BEAR_BLK,lo_poly_animal_RHINO_2,3c6c194cc864f2a655446efa548eef153a393618,b87e834ba5e263774477edc6fc956070795ab1b6,13,0.6923076923076923
4d509cc4c449812abfd873183317be30ae48007f,lo_poly_animal_BEAR_BLK,lo_poly_animal_TRANTULA,3c6c194cc864f2a655446efa548eef153a393618,8f14ff8cf138e89d90211a7811968af08d4d7098,7,1.0
4d509cc4c449812abfd873183317be30ae48007f,lo_poly_animal_BEAR_BLK,weimaraner,3c6c194cc864f2a655446efa548eef153a393618,4f263a161cdd009ff7f9aa88ed9be2b852772142,4,0.75
4d509cc4c449812abfd873183317be30ae48007f,lo_poly_animal_BEAR_BLK,womens_shorts_01M,3c6c194cc864f2a655446efa548eef153a393618,66c09717173c555eced9e7a167f405b7d08ab18f,9,0.8888888888888888
4d509cc4c449812abfd873183317be30ae48007f,lo_poly_animal_BEAR_BLK,womens_stockings_01M,3c6c194cc864f2a655446efa548eef153a393618,7ed95b3ba88443ed63f25ffe0b5fb52d78dab676,13,1.0
4d509cc4c449812abfd873183317be30ae48007f,lo_poly_animal_BEAR_BLK,zebra,3c6c194cc864f2a655446efa548eef153a393618,21afbd503b5d4f9c399c4a66baef6bd6e894715f,19,1.0
4dc7ab6cb27176595065459f3eb3d7f067dd843b,MB29874,22_acoustic_guitar,7cc042e01ac7e57de362ae777017d3e1b727c9f0,b17c9b116f73af5e54e294b1362187bb666a1737,16,0.8125
4dc7ab6cb27176595065459f3eb3d7f067dd843b,MB29874,Hanger_02,7cc042e01ac7e57de362ae777017d3e1b727c9f0,2ef7b8f76464ac15cea9c2eaf23bfb992cfa8a20,5,1.0
4dc7ab6cb27176595065459f3eb3d7f067dd843b,MB29874,MB27346,7cc042e01ac7e57de362ae777017d3e1b727c9f0,f3b1fb66463bf84b593dad9fd1028aa8db6f3720,6,1.0
4dc7ab6cb27176595065459f3eb3d7f067dd843b,MB29874,MB28699,7cc042e01ac7e57de362ae777017d3e1b727c9f0,ee36e4d66958199793add93da479822f4d1164e6,9,1.0
4dc7ab6cb27176595065459f3eb3d7f067dd843b,MB29874,MB30203,7cc042e01ac7e57de362ae777017d3e1b727c9f0,e6e0c7209f8a7908c49f803651f7382e3a2e75c5,17,0.9411764705882353
4dc7ab6cb27176595065459f3eb3d7f067dd843b,MB29874,MB30758,7cc042e01ac7e57de362ae777017d3e1b727c9f0,61c2291042151124f703bb567c32ab30fda22360,15,0.5333333333333333
4dc7ab6cb27176595065459f3eb3d7f067dd843b,MB29874,antique_furniture_item_18,7cc042e01ac7e57de362ae777017d3e1b727c9f0,bad9c53885fbc5be5a358b2ae742704b9f280dfa,6,1.0
4dc7ab6cb27176595065459f3eb3d7f067dd843b,MB29874,build51,7cc042e01ac7e57de362ae777017d3e1b727c9f0,c6a67bcc6433546d8ede05ca6b05e089509d27ed,10,0.7
4dc7ab6cb27176595065459f3eb3d7f067dd843b,MB29874,calc01,7cc042e01ac7e57de362ae777017d3e1b727c9f0,1858def1a1ecf0e1de87fdbb649b8586cd9210fb,11,0.9090909090909091
4dc7ab6cb27176595065459f3eb3d7f067dd843b,MB29874,dromedary,7cc042e01ac7e57de362ae777017d3e1b727c9f0,d47c3fb53513386e01d13c19f771ca5eb0f7da90,20,0.95
4dc7ab6cb27176595065459f3eb3d7f067dd843b,MB29874,interior_details_103_4,7cc042e01ac7e57de362ae777017d3e1b727c9f0,6c726f0ba025cab6490df5c05a6c436be87205ad,5,1.0
4dc7ab6cb27176595065459f3eb3d7f067dd843b,MB29874,interior_details_130_2,7cc042e01ac7e57de362ae777017d3e1b727c9f0,f730e2fab41495e73bf0e665266a51a692d1ca54,15,1.0
4dc7ab6cb27176595065459f3eb3d7f067dd843b,MB29874,kitchen_equipment_knife2,7cc042e01ac7e57de362ae777017d3e1b727c9f0,4c406e5b2db8e63397199570ff59e65caeca5775,8,1.0
4dc7ab6cb27176595065459f3eb3d7f067dd843b,MB29874,lo_poly_animal_BEAR_BLK,7cc042e01ac7e57de362ae777017d3e1b727c9f0,3c6c194cc864f2a655446efa548eef153a393618,10,1.0
4dc7ab6cb27176595065459f3eb3d7f067dd843b,MB29874,lo_poly_animal_CHICKDEE,7cc042e01ac7e57de362ae777017d3e1b727c9f0,b95b95002cc603d8b4aec4836d1edc6b1f129efb,10,1.0
4dc7ab6cb27176595065459f3eb3d7f067dd843b,MB29874,lo_poly_animal_ELE_AS1,7cc042e01ac7e57de362ae777017d3e1b727c9f0,41313a938cb781cbd60a6870530e116a9d98e48c,7,1.0
4dc7ab6cb27176595065459f3eb3d7f067dd843b,MB29874,lo_poly_animal_RHINO_2,7cc042e01ac7e57de362ae777017d3e1b727c9f0,b87e834ba5e263774477edc6fc956070795ab1b6,11,1.0
4dc7ab6cb27176595065459f3eb3d7f067dd843b,MB29874,lo_poly_animal_TRANTULA,7cc042e01ac7e57de362ae777017d3e1b727c9f0,8f14ff8cf138e89d90211a7811968af08d4d7098,12,1.0
4dc7ab6cb27176595065459f3eb3d7f067dd843b,MB29874,weimaraner,7cc042e01ac7e57de362ae777017d3e1b727c9f0,4f263a161cdd009ff7f9aa88ed9be2b852772142,9,0.8888888888888888
4dc7ab6cb27176595065459f3eb3d7f067dd843b,MB29874,womens_shorts_01M,7cc042e01ac7e57de362ae777017d3e1b727c9f0,66c09717173c555eced9e7a167f405b7d08ab18f,6,1.0
4dc7ab6cb27176595065459f3eb3d7f067dd843b,MB29874,womens_stockings_01M,7cc042e01ac7e57de362ae777017d3e1b727c9f0,7ed95b3ba88443ed63f25ffe0b5fb52d78dab676,6,0.8333333333333334
4dc7ab6cb27176595065459f3eb3d7f067dd843b,MB29874,zebra,7cc042e01ac7e57de362ae777017d3e1b727c9f0,21afbd503b5d4f9c399c4a66baef6bd6e894715f,5,1.0
4effb8d29576ab125a76b8bbafbba9ebd015361c,Hanger_02,22_acoustic_guitar,2ef7b8f76464ac15cea9c2eaf23bfb992cfa8a20,b17c9b116f73af5e54e294b1362187bb666a1737,10,0.4
4effb8d29576ab125a76b8bbafbba9ebd015361c,Hanger_02,MB27346,2ef7b8f76464ac15cea9c2eaf23bfb992cfa8a20,f3b1fb66463bf84b593dad9fd1028aa8db6f3720,14,0.5
4effb8d29576ab125a76b8bbafbba9ebd015361c,Hanger_02,MB28699,2ef7b8f76464ac15cea9c2eaf23bfb992cfa8a20,ee36e4d66958199793add93da479822f4d1164e6,18,0.3888888888888889
4effb8d29576ab125a76b8bbafbba9ebd015361c,Hanger_02,MB29874,2ef7b8f76464ac15cea9c2eaf23bfb992cfa8a20,7cc042e01ac7e57de362ae777017d3e1b727c9f0,4,0.5
4effb8d29576ab125a76b8bbafbba9ebd015361c,Hanger_02,MB30203,2ef7b8f76464ac15cea9c2eaf23bfb992cfa8a20,e6e0c7209f8a7908c49f803651f7382e3a2e75c5,25,0.92
4effb8d29576ab125a76b8bbafbba9ebd015361c,Hanger_02,MB30758,2ef7b8f76464ac15cea9c2eaf23bfb992cfa8a20,61c2291042151124f703bb567c32ab30fda22360,9,0.4444444444444444
4effb8d29576ab125a76b8bbafbba9ebd015361c,Hanger_02,antique_furniture_item_18,2ef7b8f76464ac15cea9c2eaf23bfb992cfa8a20,bad9c53885fbc5be5a358b2ae742704b9f280dfa,21,1.0
4effb8d29576ab125a76b8bbafbba9ebd015361c,Hanger_02,build51,2ef7b8f76464ac15cea9c2eaf23bfb992cfa8a20,c6a67bcc6433546d8ede05ca6b05e089509d27ed,18,1.0
4effb8d29576ab125a76b8bbafbba9ebd015361c,Hanger_02,calc01,2ef7b8f76464ac15cea9c2eaf23bfb992cfa8a20,1858def1a1ecf0e1de87fdbb649b8586cd9210fb,10,0.9
4effb8d29576ab125a76b8bbafbba9ebd015361c,Hanger_02,dromedary,2ef7b8f76464ac15cea9c2eaf23bfb992cfa8a20,d47c3fb53513386e01d13c19f771ca5eb0f7da90,23,0.9130434782608695
4effb8d29576ab125a76b8bbafbba9ebd015361c,Hanger_02,interior_details_103_4,2ef7b8f76464ac15cea9c2eaf23bfb992cfa8a20,6c726f0ba025cab6490df5c05a6c436be87205ad,24,0.6666666666666666
4effb8d29576ab125a76b8bbafbba9ebd015361c,Hanger_02,interior_details_130_2,2ef7b8f76464ac15cea9c2eaf23bfb992cfa8a20,f730e2fab41495e73bf0e665266a51a692d1ca54,17,0.47058823529411764
4effb8d29576ab125a76b8bbafbba9ebd015361c,Hanger_02,kitchen_equipment_knife2,2ef7b8f76464ac15cea9c2eaf23bfb992cfa8a20,4c406e5b2db8e63397199570ff59e65caeca5775,9,0.5555555555555556
4effb8d29576ab125a76b8bbafbba9ebd015361c,Hanger_02,lo_poly_animal_BEAR_BLK,2ef7b8f76464ac15cea9c2eaf23bfb992cfa8a20,3c6c194cc864f2a655446efa548eef153a393618,21,0.9047619047619048
4effb8d29576ab125a76b8bbafbba9ebd015361c,Hanger_02,lo_poly_animal_CHICKDEE,2ef7b8f76464ac15cea9c2eaf23bfb992cfa8a20,b95b95002cc603d8b4aec4836d1edc6b1f129efb,9,1.0
4effb8d29576ab125a76b8bbafbba9ebd015361c,Hanger_02,lo_poly_animal_ELE_AS1,2ef7b8f76464ac15cea9c2eaf23bfb992cfa8a20,41313a938cb781cbd60a6870530e116a9d98e48c,28,0.8214285714285714
4effb8d29576ab125a76b8bbafbba9ebd015361c,Hanger_02,lo_poly_animal_RHINO_2,2ef7b8f76464ac15cea9c2eaf23bfb992cfa8a20,b87e834ba5e263774477edc6fc956070795ab1b6,21,0.9047619047619048
4effb8d29576ab125a76b8bbafbba9ebd015361c,Hanger_02,lo_poly_animal_TRANTULA,2ef7b8f76464ac15cea9c2eaf23bfb992cfa8a20,8f14ff8cf138e89d90211a7811968af08d4d7098,25,0.84
4effb8d29576ab125a76b8bbafbba9ebd015361c,Hanger_02,weimaraner,2ef7b8f76464ac15cea9c2eaf23bfb992cfa8a20,4f263a161cdd009ff7f9aa88ed9be2b852772142,18,0.8333333333333334
4effb8d29576ab125a76b8bbafbba9ebd015361c,Hanger_02,womens_shorts_01M,2ef7b8f76464ac15cea9c2eaf23bfb992cfa8a20,66c09717173c555eced9e7a167f405b7d08ab18f,23,0.8695652173913043
4effb8d29576ab125a76b8bbafbba9ebd015361c,Hanger_02,womens_stockings_01M,2ef7b8f76464ac15cea9c2eaf23bfb992cfa8a20,7ed95b3ba88443ed63f25ffe0b5fb52d78dab676,24,0.9166666666666666
4effb8d29576ab125a76b8bbafbba9ebd015361c,Hanger_02,zebra,2ef7b8f76464ac15cea9c2eaf23bfb992cfa8a20,21afbd503b5d4f9c399c4a66baef6bd6e894715f,11,0.9090909090909091
502a33001ddbbfaaf16eee3f0ac39d318a7bce04,Hanger_02,22_acoustic_guitar,2ef7b8f76464ac15cea9c2eaf23bfb992cfa8a20,b17c9b116f73af5e54e294b1362187bb666a1737,12,0.9166666666666666
502a33001ddbbfaaf16eee3f0ac39d318a7bce04,Hanger_02,MB27346,2ef7b8f76464ac15cea9c2eaf23bfb992cfa8a20,f3b1fb66463bf84b593dad9fd1028aa8db6f3720,7,1.0
502a33001ddbbfaaf16eee3f0ac39d318a7bce04,Hanger_02,MB28699,2ef7b8f76464ac15cea9c2eaf23bfb992cfa8a20,ee36e4d66958199793add93da479822f4d1164e6,5,1.0
502a33001ddbbfaaf16eee3f0ac39d318a7bce04,Hanger_02,MB29874,2ef7b8f76464ac15cea9c2eaf23bfb992cfa8a20,7cc042e01ac7e57de362ae777017d3e1b727c9f0,6,1.0
502a33001ddbbfaaf16eee3f0ac39d318a7bce04,Hanger_02,MB30203,2ef7b8f76464ac15cea9c2eaf23bfb992cfa8a20,e6e0c7209f8a7908c49f803651f7382e3a2e75c5,5,1.0
502a33001ddbbfaaf16eee3f0ac39d318a7bce04,Hanger_02,MB30758,2ef7b8f76464ac15cea9c2eaf23bfb992cfa8a20,61c2291042151124f703bb567c32ab30fda22360,11,0.9090909090909091
502a33001ddbbfaaf16eee3f0ac39d318a7bce04,Hanger_02,antique_furniture_item_18,2ef7b8f76464ac15cea9c2eaf23bfb992cfa8a20,bad9c53885fbc5be5a358b2ae742704b9f280dfa,12,1.0
502a33001ddbbfaaf16eee3f0ac39d318a7bce04,Hanger_02,build51,2ef7b8f76464ac15cea9c2eaf23bfb992cfa8a20,c6a67bcc6433546d8ede05ca6b05e089509d27ed,13,1.0
502a33001ddbbfaaf16eee3f0ac39d318a7bce04,Hanger_02,calc01,2ef7b8f76464ac15cea9c2eaf23bfb992cfa8a20,1858def1a1ecf0e1de87fdbb649b8586cd9210fb,4,1.0
502a33001ddbbfaaf16eee3f0ac39d318a7bce04,Hanger_02,dromedary,2ef7b8f76464ac15cea9c2eaf23bfb992cfa8a20,d47c3fb53513386e01d13c19f771ca5eb0f7da90,7,0.8571428571428571
502a33001ddbbfaaf16eee3f0ac39d318a7bce04,Hanger_02,flarenut_spanner,2ef7b8f76464ac15cea9c2eaf23bfb992cfa8a20,3b87ec5ffc07c08a35116928a8b6ffb64390e0a4,6,0.8333333333333334
502a33001ddbbfaaf16eee3f0ac39d318a7bce04,Hanger_02,interior_details_103_4,2ef7b8f76464ac15cea9c2eaf23bfb992cfa8a20,6c726f0ba025cab6490df5c05a6c436be87205ad,19,1.0
502a33001ddbbfaaf16eee3f0ac39d318a7bce04,Hanger_02,interior_details_130_2,2ef7b8f76464ac15cea9c2eaf23bfb992cfa8a20,f730e2fab41495e73bf0e665266a51a692d1ca54,8,1.0
502a33001ddbbfaaf16eee3f0ac39d318a7bce04,Hanger_02,kitchen_equipment_knife2,2ef7b8f76464ac15cea9c2eaf23bfb992cfa8a20,4c406e5b2db8e63397199570ff59e65caeca5775,4,1.0
502a33001ddbbfaaf16eee3f0ac39d318a7bce04,Hanger_02,lo_poly_animal_BEAR_BLK,2ef7b8f76464ac15cea9c2eaf23bfb992cfa8a20,3c6c194cc864f2a655446efa548eef153a393618,17,1.0
502a33001ddbbfaaf16eee3f0ac39d318a7bce04,Hanger_02,lo_poly_animal_ELE_AS1,2ef7b8f76464ac15cea9c2eaf23bfb992cfa8a20,41313a938cb781cbd60a6870530e116a9d98e48c,7,1.0
502a33001ddbbfaaf16eee3f0ac39d318a7bce04,Hanger_02,lo_poly_animal_RHINO_2,2ef7b8f76464ac15cea9c2eaf23bfb992cfa8a20,b87e834ba5e263774477edc6fc956070795ab1b6,9,1.0
502a33001ddbbfaaf16eee3f0ac39d318a7bce04,Hanger_02,lo_poly_animal_TRANTULA,2ef7b8f76464ac15cea9c2eaf23bfb992cfa8a20,8f14ff8cf138e89d90211a7811968af08d4d7098,11,1.0
502a33001ddbbfaaf16eee3f0ac39d318a7bce04,Hanger_02,weimaraner,2ef7b8f76464ac15cea9c2eaf23bfb992cfa8a20,4f263a161cdd009ff7f9aa88ed9be2b852772142,12,1.0
502a33001ddbbfaaf16eee3f0ac39d318a7bce04,Hanger_02,womens_shorts_01M,2ef7b8f76464ac15cea9c2eaf23bfb992cfa8a20,66c09717173c555eced9e7a167f405b7d08ab18f,22,0.9545454545454546
502a33001ddbbfaaf16eee3f0ac39d318a7bce04,Hanger_02,womens_stockings_01M,2ef7b8f76464ac15cea9c2eaf23bfb992cfa8a20,7ed95b3ba88443ed63f25ffe0b5fb52d78dab676,6,1.0
502a33001ddbbfaaf16eee3f0ac39d318a7bce04,Hanger_02,zebra,2ef7b8f76464ac15cea9c2eaf23bfb992cfa8a20,21afbd503b5d4f9c399c4a66baef6bd6e894715f,13,0.8461538461538461
5143a5c6b6df46e855eb559aeddcf5c0edb342d0,antique_furniture_item_18,22_acoustic_guitar,bad9c53885fbc5be5a358b2ae742704b9f280dfa,b17c9b116f73af5e54e294b1362187bb666a1737,26,1.0
5143a5c6b6df46e855eb559aeddcf5c0edb342d0,antique_furniture_item_18,Hanger_02,bad9c53885fbc5be5a358b2ae742704b9f280dfa,2ef7b8f76464ac15cea9c2eaf23bfb992cfa8a20,8,1.0
5143a5c6b6df46e855eb559aeddcf5c0edb342d0,antique_furniture_item_18,MB27346,bad9c53885fbc5be5a358b2ae742704b9f280dfa,f3b1fb66463bf84b593dad9fd1028aa8db6f3720,21,0.9523809523809523
5143a5c6b6df46e855eb559aeddcf5c0edb342d0,antique_furniture_item_18,MB28699,bad9c53885fbc5be5a358b2ae742704b9f280dfa,ee36e4d66958199793add93da479822f4d1164e6,16,0.9375
5143a5c6b6df46e855eb559aeddcf5c0edb342d0,antique_furniture_item_18,MB29874,bad9c53885fbc5be5a358b2ae742704b9f280dfa,7cc042e01ac7e57de362ae777017d3e1b727c9f0,15,1.0
5143a5c6b6df46e855eb559aeddcf5c0edb342d0,antique_furniture_item_18,MB30203,bad9c53885fbc5be5a358b2ae742704b9f280dfa,e6e0c7209f8a7908c49f803651f7382e3a2e75c5,23,1.0
5143a5c6b6df46e855eb559aeddcf5c0edb342d0,antique_furniture_item_18,build51,bad9c53885fbc5be5a358b2ae742704b9f280dfa,c6a67bcc6433546d8ede05ca6b05e089509d27ed,6,1.0
5143a5c6b6df46e855eb559aeddcf5c0edb342d0,antique_furniture_item_18,calc01,bad9c53885fbc5be5a358b2ae742704b9f280dfa,1858def1a1ecf0e1de87fdbb649b8586cd9210fb,7,1.0
5143a5c6b6df46e855eb559aeddcf5c0edb342d0,antique_furniture_item_18,dromedary,bad9c53885fbc5be5a358b2ae742704b9f280dfa,d47c3fb53513386e01d13c19f771ca5eb0f7da90,10,1.0
5143a5c6b6df46e855eb559aeddcf5c0edb342d0,antique_furniture_item_18,flarenut_spanner,bad9c53885fbc5be5a358b2ae742704b9f280dfa,3b87ec5ffc07c08a35116928a8b6ffb64390e0a4,17,1.0
5143a5c6b6df46e855eb559aeddcf5c0edb342d0,antique_furniture_item_18,interior_details_103_4,bad9c53885fbc5be5a358b2ae742704b9f280dfa,6c726f0ba025cab6490df5c05a6c436be87205ad,24,1.0
5143a5c6b6df46e855eb559aeddcf5c0edb342d0,antique_furniture_item_18,interior_details_130_2,bad9c53885fbc5be5a358b2ae742704b9f280dfa,f730e2fab41495e73bf0e665266a51a692d1ca54,9,1.0
5143a5c6b6df46e855eb559aeddcf5c0edb342d0,antique_furniture_item_18,kitchen_equipment_knife2,bad9c53885fbc5be5a358b2ae742704b9f280dfa,4c406e5b2db8e63397199570ff59e65caeca5775,13,0.9230769230769231
5143a5c6b6df46e855eb559aeddcf5c0edb342d0,antique_furniture_item_18,lo_poly_animal_BEAR_BLK,bad9c53885fbc5be5a358b2ae742704b9f280dfa,3c6c194cc864f2a655446efa548eef153a393618,27,0.9629629629629629
5143a5c6b6df46e855eb559aeddcf5c0edb342d0,antique_furniture_item_18,lo_poly_animal_CHICKDEE,bad9c53885fbc5be5a358b2ae742704b9f280dfa,b95b95002cc603d8b4aec4836d1edc6b1f129efb,10,1.0
5143a5c6b6df46e855eb559aeddcf5c0edb342d0,antique_furniture_item_18,lo_poly_animal_ELE_AS1,bad9c53885fbc5be5a358b2ae742704b9f280dfa,41313a938cb781cbd60a6870530e116a9d98e48c,24,1.0
5143a5c6b6df46e855eb559aeddcf5c0edb342d0,antique_furniture_item_18,lo_poly_animal_RHINO_2,bad9c53885fbc5be5a358b2ae742704b9f280dfa,b87e834ba5e263774477edc6fc956070795ab1b6,28,1.0
5143a5c6b6df46e855eb559aeddcf5c0edb342d0,antique_furniture_item_18,lo_poly_animal_TRANTULA,bad9c53885fbc5be5a358b2ae742704b9f280dfa,8f14ff8cf138e89d90211a7811968af08d4d7098,15,0.9333333333333333
5143a5c6b6df46e855eb559aeddcf5c0edb342d0,antique_furniture_item_18,weimaraner,bad9c53885fbc5be5a358b2ae742704b9f280dfa,4f263a161cdd009ff7f9aa88ed9be2b852772142,8,1.0
5143a5c6b6df46e855eb559aeddcf5c0edb342d0,antique_furniture_item_18,womens_shorts_01M,bad9c53885fbc5be5a358b2ae742704b9f280dfa,66c09717173c555eced9e7a167f405b7d08ab18f,16,1.0
5143a5c6b6df46e855eb559aeddcf5c0edb342d0,antique_furniture_item_18,zebra,bad9c53885fbc5be5a358b2ae742704b9f280dfa,21afbd503b5d4f9c399c4a66baef6bd6e894715f,22,1.0
540b26332531d92cf59e6a0134e7e4390904ed52,flarenut_spanner,22_acoustic_guitar,3b87ec5ffc07c08a35116928a8b6ffb64390e0a4,b17c9b116f73af5e54e294b1362187bb666a1737,10,0.3
540b26332531d92cf59e6a0134e7e4390904ed52,flarenut_spanner,Hanger_02,3b87ec5ffc07c08a35116928a8b6ffb64390e0a4,2ef7b8f76464ac15cea9c2eaf23bfb992cfa8a20,7,0.5714285714285714
540b26332531d92cf59e6a0134e7e4390904ed52,flarenut_spanner,MB27346,3b87ec5ffc07c08a35116928a8b6ffb64390e0a4,f3b1fb66463bf84b593dad9fd1028aa8db6f3720,6,0.5
540b26332531d92cf59e6a0134e7e4390904ed52,flarenut_spanner,MB28699,3b87ec5ffc07c08a35116928a8b6ffb64390e0a4,ee36e4d66958199793add93da479822f4d1164e6,14,0.5714285714285714
540b26332531d92cf59e6a0134e7e4390904ed52,flarenut_spanner,MB29874,3b87ec5ffc07c08a35116928a8b6ffb64390e0a4,7cc042e01ac7e57de362ae777017d3e1b727c9f0,4,0.0
540b26332531d92cf59e6a0134e7e4390904ed52,flarenut_spanner,MB30203,3b87ec5ffc07c08a35116928a8b6ffb64390e0a4,e6e0c7209f8a7908c49f803651f7382e3a2e75c5,22,0.5909090909090909
540b26332531d92cf59e6a0134e7e4390904ed52,flarenut_spanner,MB30758,3b87ec5ffc07c08a35116928a8b6ffb64390e0a4,61c2291042151124f703bb567c32ab30fda22360,25,0.12
540b26332531d92cf59e6a0134e7e4390904ed52,flarenut_spanner,antique_furniture_item_18,3b87ec5ffc07c08a35116928a8b6ffb64390e0a4,bad9c53885fbc5be5a358b2ae742704b9f280dfa,14,0.2857142857142857
540b26332531d92cf59e6a0134e7e4390904ed52,flarenut_spanner,build51,3b87ec5ffc07c08a35116928a8b6ffb64390e0a4,c6a67bcc6433546d8ede05ca6b05e089509d27ed,7,0.7142857142857143
540b26332531d92cf59e6a0134e7e4390904ed52,flarenut_spanner,calc01,3b87ec5ffc07c08a35116928a8b6ffb64390e0a4,1858def1a1ecf0e1de87fdbb649b8586cd9210fb,9,0.4444444444444444
540b26332531d92cf59e6a0134e7e4390904ed52,flarenut_spanner,dromedary,3b87ec5ffc07c08a35116928a8b6ffb64390e0a4,d47c3fb53513386e01d13c19f771ca5eb0f7da90,6,0.3333333333333333
540b26332531d92cf59e6a0134e7e4390904ed52,flarenut_spanner,interior_details_103_4,3b87ec5ffc07c08a35116928a8b6ffb64390e0a4,6c726f0ba025cab6490df5c05a6c436be87205ad,7,0.7142857142857143
540b26332531d92cf59e6a0134e7e4390904ed52,flarenut_spanner,interior_details_130_2,3b87ec5ffc07c08a35116928a8b6ffb64390e0a4,f730e2fab41495e73bf0e665266a51a692d1ca54,8,0.875
540b26332531d92cf59e6a0134e7e4390904ed52,flarenut_spanner,kitchen_equipment_knife2,3b87ec5ffc07c08a35116928a8b6ffb64390e0a4,4c406e5b2db8e63397199570ff59e65caeca5775,13,0.15384615384615385
540b26332531d92cf59e6a0134e7e4390904ed52,flarenut_spanner,lo_poly_animal_BEAR_BLK,3b87ec5ffc07c08a35116928a8b6ffb64390e0a4,3c6c194cc864f2a655446efa548eef153a393618,8,0.25
540b26332531d92cf59e6a0134e7e4390904ed52,flarenut_spanner,lo_poly_animal_CHICKDEE,3b87ec5ffc07c08a35116928a8b6ffb64390e0a4,b95b95002cc603d8b4aec4836d1edc6b1f129efb,13,0.15384615384615385
540b26332531d92cf59e6a0134e7e4390904ed52,flarenut_spanner,lo_poly_animal_ELE_AS1,3b87ec5ffc07c08a35116928a8b6ffb64390e0a4,41313a938cb781cbd60a6870530e116a9d98e48c,12,0.25
540b26332531d92cf59e6a0134e7e4390904ed52,flarenut_spanner,lo_poly_animal_RHINO_2,3b87ec5ffc07c08a35116928a8b6ffb64390e0a4,b87e834ba5e263774477edc6fc956070795ab1b6,4,0.0
540b26332531d92cf59e6a0134e7e4390904ed52,flarenut_spanner,lo_poly_animal_TRANTULA,3b87ec5ffc07c08a35116928a8b6ffb64390e0a4,8f14ff8cf138e89d90211a7811968af08d4d7098,10,0.2
540b26332531d92cf59e6a0134e7e4390904ed52,flarenut_spanner,womens_shorts_01M,3b87ec5ffc07c08a35116928a8b6ffb64390e0a4,66c09717173c555eced9e7a167f405b7d08ab18f,17,0.9411764705882353
540b26332531d92cf59e6a0134e7e4390904ed52,flarenut_spanner,womens_stockings_01M,3b87ec5ffc07c08a35116928a8b6ffb64390e0a4,7ed95b3ba88443ed63f25ffe0b5fb52d78dab676,10,0.0
540b26332531d92cf59e6a0134e7e4390904ed52,flarenut_spanner,zebra,3b87ec5ffc07c08a35116928a8b6ffb64390e0a4,21afbd503b5d4f9c399c4a66baef6bd6e894715f,16,0.0
5411a68a576c73fd1ed58c08f7c61db7f29fbb25,build51,22_acoustic_guitar,c6a67bcc6433546d8ede05ca6b05e089509d27ed,b17c9b116f73af5e54e294b1362187bb666a1737,8,1.0
5411a68a576c73fd1ed58c08f7c61db7f29fbb25,build51,Hanger_02,c6a67bcc6433546d8ede05ca6b05e089509d27ed,2ef7b8f76464ac15cea9c2eaf23bfb992cfa8a20,11,0.9090909090909091
5411a68a576c73fd1ed58c08f7c61db7f29fbb25,build51,MB27346,c6a67bcc6433546d8ede05ca6b05e089509d27ed,f3b1fb66463bf84b593dad9fd1028aa8db6f3720,11,1.0
5411a68a576c73fd1ed58c08f7c61db7f29fbb25,build51,MB28699,c6a67bcc6433546d8ede05ca6b05e089509d27ed,ee36e4d66958199793add93da479822f4d1164e6,11,1.0
5411a68a576c73fd1ed58c08f7c61db7f29fbb25,build51,MB29874,c6a67bcc6433546d8ede05ca6b05e089509d27ed,7cc042e01ac7e57de362ae777017d3e1b727c9f0,12,0.9166666666666666
5411a68a576c73fd1ed58c08f7c61db7f29fbb25,build51,MB30203,c6a67bcc6433546d8ede05ca6b05e089509d27ed,e6e0c7209f8a7908c49f803651f7382e3a2e75c5,14,1.0
5411a68a576c73fd1ed58c08f7c61db7f29fbb25,build51,MB30758,c6a67bcc6433546d8ede05ca6b05e089509d27ed,61c2291042151124f703bb567c32ab30fda22360,9,0.8888888888888888
5411a68a576c73fd1ed58c08f7c61db7f29fbb25,build51,antique_furniture_item_18,c6a67bcc6433546d8ede05ca6b05e089509d27ed,bad9c53885fbc5be5a358b2ae742704b9f280dfa,5,1.0
5411a68a576c73fd1ed58c08f7c61db7f29fbb25,build51,calc01,c6a67bcc6433546d8ede05ca6b05e089509d27ed,1858def1a1ecf0e1de87fdbb649b8586cd9210fb,14,1.0
5411a68a576c73fd1ed58c08f7c61db7f29fbb25,build51,dromedary,c6a67bcc6433546d8ede05ca6b05e089509d27ed,d47c3fb53513386e01d13c19f771ca5eb0f7da90,19,1.0
5411a68a576c73fd1ed58c08f7c61db7f29fbb25,build51,flarenut_spanner,c6a67bcc6433546d8ede05ca6b05e089509d27ed,3b87ec5ffc07c08a35116928a8b6ffb64390e0a4,20,1.0
5411a68a576c73fd1ed58c08f7c61db7f29fbb25,build51,interior_details_103_4,c6a67bcc6433546d8ede05ca6b05e089509d27ed,6c726f0ba025cab6490df5c05a6c436be87205ad,7,0.8571428571428571
5411a68a576c73fd1ed58c08f7c61db7f29fbb25,build51,interior_details_130_2,c6a67bcc6433546d8ede05ca6b05e089509d27ed,f730e2fab41495e73bf0e665266a51a692d1ca54,16,1.0
5411a68a576c73fd1ed58c08f7c61db7f29fbb25,build51,kitchen_equipment_knife2,c6a67bcc6433546d8ede05ca6b05e089509d27ed,4c406e5b2db8e63397199570ff59e65caeca5775,8,1.0
5411a68a576c73fd1ed58c08f7c61db7f29fbb25,build51,lo_poly_animal_BEAR_BLK,c6a67bcc6433546d8ede05ca6b05e089509d27ed,3c6c194cc864f2a655446efa548eef153a393618,13,1.0
5411a68a576c73fd1ed58c08f7c61db7f29fbb25,build51,lo_poly_animal_CHICKDEE,c6a67bcc6433546d8ede05ca6b05e089509d27ed,b95b95002cc603d8b4aec4836d1edc6b1f129efb,10,1.0
5411a68a576c73fd1ed58c08f7c61db7f29fbb25,build51,lo_poly_animal_ELE_AS1,c6a67bcc6433546d8ede05ca6b05e089509d27ed,41313a938cb781cbd60a6870530e116a9d98e48c,24,1.0
5411a68a576c73fd1ed58c08f7c61db7f29fbb25,build51,lo_poly_animal_RHINO_2,c6a67bcc6433546d8ede05ca6b05e089509d27ed,b87e834ba5e263774477edc6fc956070795ab1b6,11,1.0
5411a68a576c73fd1ed58c08f7c61db7f29fbb25,build51,lo_poly_animal_TRANTULA,c6a67bcc6433546d8ede05ca6b05e089509d27ed,8f14ff8cf138e89d90211a7811968af08d4d7098,9,1.0
5411a68a576c73fd1ed58c08f7c61db7f29fbb25,build51,weimaraner,c6a67bcc6433546d8ede05ca6b05e089509d27ed,4f263a161cdd009ff7f9aa88ed9be2b852772142,9,1.0
5411a68a576c73fd1ed58c08f7c61db7f29fbb25,build51,womens_stockings_01M,c6a67bcc6433546d8ede05ca6b05e089509d27ed,7ed95b3ba88443ed63f25ffe0b5fb52d78dab676,12,1.0
5411a68a576c73fd1ed58c08f7c61db7f29fbb25,build51,zebra,c6a67bcc6433546d8ede05ca6b05e089509d27ed,21afbd503b5d4f9c399c4a66baef6bd6e894715f,5,1.0
54d94981706110bb7f2e2403ed04706285cb7aef,interior_details_130_2,22_acoustic_guitar,f730e2fab41495e73bf0e665266a51a692d1ca54,b17c9b116f73af5e54e294b1362187bb666a1737,12,0.3333333333333333
54d94981706110bb7f2e2403ed04706285cb7aef,interior_details_130_2,Hanger_02,f730e2fab41495e73bf0e665266a51a692d1ca54,2ef7b8f76464ac15cea9c2eaf23bfb992cfa8a20,10,0.5
54d94981706110bb7f2e2403ed04706285cb7aef,interior_details_130_2,MB27346,f730e2fab41495e73bf0e665266a51a692d1ca54,f3b1fb66463bf84b593dad9fd1028aa8db6f3720,6,0.16666666666666666
54d94981706110bb7f2e2403ed04706285cb7aef,interior_details_130_2,MB28699,f730e2fab41495e73bf0e665266a51a692d1ca54,ee36e4d66958199793add93da479822f4d1164e6,7,0.2857142857142857
54d94981706110bb7f2e2403ed04706285cb7aef,interior_details_130_2,MB29874,f730e2fab41495e73bf0e665266a51a692d1ca54,7cc042e01ac7e57de362ae777017d3e1b727c9f0,7,0.42857142857142855
54d94981706110bb7f2e2403ed04706285cb7aef,interior_details_130_2,MB30203,f730e2fab41495e73bf0e665266a51a692d1ca54,e6e0c7209f8a7908c49f803651f7382e3a2e75c5,6,0.8333333333333334
54d94981706110bb7f2e2403ed04706285cb7aef,interior_details_130_2,MB30758,f730e2fab41495e73bf0e665266a51a692d1ca54,61c2291042151124f703bb567c32ab30fda22360,7,0.42857142857142855
54d94981706110bb7f2e2403ed04706285cb7aef,interior_details_130_2,antique_furniture_item_18,f730e2fab41495e73bf0e665266a51a692d1ca54,bad9c53885fbc5be5a358b2ae742704b9f280dfa,9,1.0
54d94981706110bb7f2e2403ed04706285cb7aef,interior_details_130_2,build51,f730e2fab41495e73bf0e665266a51a692d1ca54,c6a67bcc6433546d8ede05ca6b05e089509d27ed,11,0.6363636363636364
54d94981706110bb7f2e2403ed04706285cb7aef,interior_details_130_2,calc01,f730e2fab41495e73bf0e665266a51a692d1ca54,1858def1a1ecf0e1de87fdbb649b8586cd9210fb,5,0.6
54d94981706110bb7f2e2403ed04706285cb7aef,interior_details_130_2,flarenut_spanner,f730e2fab41495e73bf0e665266a51a692d1ca54,3b87ec5ffc07c08a35116928a8b6ffb64390e0a4,15,0.5333333333333333
54d94981706110bb7f2e2403ed04706285cb7aef,interior_details_130_2,interior_details_103_4,f730e2fab41495e73bf0e665266a51a692d1ca54,6c726f0ba025cab6490df5c05a6c436be87205ad,18,0.8888888888888888
54d94981706110bb7f2e2403ed04706285cb7aef,interior_details_130_2,kitchen_equipment_knife2,f730e2fab41495e73bf0e665266a51a692d1ca54,4c406e5b2db8e63397199570ff59e65caeca5775,5,0.8
54d94981706110bb7f2e2403ed04706285cb7aef,interior_details_130_2,lo_poly_animal_BEAR_BLK,f730e2fab41495e73bf0e665266a51a692d1ca54,3c6c194cc864f2a655446efa548eef153a393618,14,0.7142857142857143
54d94981706110bb7f2e2403ed04706285cb7aef,interior_details_130_2,lo_poly_animal_CHICKDEE,f730e2fab41495e73bf0e665266a51a692d1ca54,b95b95002cc603d8b4aec4836d1edc6b1f129efb,4,0.75
54d94981706110bb7f2e2403ed04706285cb7aef,interior_details_130_2,lo_poly_animal_ELE_AS1,f730e2fab41495e73bf0e665266a51a692d1ca54,41313a938cb781cbd60a6870530e116a9d98e48c,10,0.3
54d94981706110bb7f2e2403ed04706285cb7aef,interior_details_130_2,lo_poly_animal_RHINO_2,f730e2fab41495e73bf0e665266a51a692d1ca54,b87e834ba5e263774477edc6fc956070795ab1b6,8,0.5
54d94981706110bb7f2e2403ed04706285cb7aef,interior_details_130_2,lo_poly_animal_TRANTULA,f730e2fab41495e73bf0e665266a51a692d1ca54,8f14ff8cf138e89d90211a7811968af08d4d7098,7,0.2857142857142857
54d94981706110bb7f2e2403ed04706285cb7aef,interior_details_130_2,weimaraner,f730e2fab41495e73bf0e665266a51a692d1ca54,4f263a161cdd009ff7f9aa88ed9be2b852772142,7,0.0
54d94981706110bb7f2e2403ed04706285cb7aef,interior_details_130_2,womens_shorts_01M,f730e2fab41495e73bf0e665266a51a692d1ca54,66c09717173c555eced9e7a167f405b7d08ab18f,4,1.0
54d94981706110bb7f2e2403ed04706285cb7aef,interior_details_130_2,womens_stockings_01M,f730e2fab41495e73bf0e665266a51a692d1ca54,7ed95b3ba88443ed63f25ffe0b5fb52d78dab676,9,0.7777777777777778
54d94981706110bb7f2e2403ed04706285cb7aef,interior_details_130_2,zebra,f730e2fab41495e73bf0e665266a51a692d1ca54,21afbd503b5d4f9c399c4a66baef6bd6e894715f,11,0.36363636363636365
553e9029ad1f05b97105d3d1e7ad3d42fbde1c2f,womens_stockings_01M,22_acoustic_guitar,7ed95b3ba88443ed63f25ffe0b5fb52d78dab676,b17c9b116f73af5e54e294b1362187bb666a1737,6,1.0
553e9029ad1f05b97105d3d1e7ad3d42fbde1c2f,womens_stockings_01M,Hanger_02,7ed95b3ba88443ed63f25ffe0b5fb52d78dab676,2ef7b8f76464ac15cea9c2eaf23bfb992cfa8a20,26,1.0
553e9029ad1f05b97105d3d1e7ad3d42fbde1c2f,womens_stockings_01M,MB27346,7ed95b3ba88443ed63f25ffe0b5fb52d78dab676,f3b1fb66463bf84b593dad9fd1028aa8db6f3720,10,1.0
553e9029ad1f05b97105d3d1e7ad3d42fbde1c2f,womens_stockings_01M,MB28699,7ed95b3ba88443ed63f25ffe0b5fb52d78dab676,ee36e4d66958199793add93da479822f4d1164e6,14,1.0
553e9029ad1f05b97105d3d1e7ad3d42fbde1c2f,womens_stockings_01M,MB29874,7ed95b3ba88443ed63f25ffe0b5fb52d78dab676,7cc042e01ac7e57de362ae777017d3e1b727c9f0,9,1.0
553e9029ad1f05b97105d3d1e7ad3d42fbde1c2f,womens_stockings_01M,MB30203,7ed95b3ba88443ed63f25ffe0b5fb52d78dab676,e6e0c7209f8a7908c49f803651f7382e3a2e75c5,12,1.0
553e9029ad1f05b97105d3d1e7ad3d42fbde1c2f,womens_stockings_01M,MB30758,7ed95b3ba88443ed63f25ffe0b5fb52d78dab676,61c2291042151124f703bb567c32ab30fda22360,11,1.0
553e9029ad1f05b97105d3d1e7ad3d42fbde1c2f,womens_stockings_01M,antique_furniture_item_18,7ed95b3ba88443ed63f25ffe0b5fb52d78dab676,bad9c53885fbc5be5a358b2ae742704b9f280dfa,11,1.0
553e9029ad1f05b97105d3d1e7ad3d42fbde1c2f,womens_stockings_01M,build51,7ed95b3ba88443ed63f25ffe0b5fb52d78dab676,c6a67bcc6433546d8ede05ca6b05e089509d27ed,13,1.0
553e9029ad1f05b97105d3d1e7ad3d42fbde1c2f,womens_stockings_01M,calc01,7ed95b3ba88443ed63f25ffe0b5fb52d78dab676,1858def1a1ecf0e1de87fdbb649b8586cd9210fb,6,1.0
553e9029ad1f05b97105d3d1e7ad3d42fbde1c2f,womens_stockings_01M,dromedary,7ed95b3ba88443ed63f25ffe0b5fb52d78dab676,d47c3fb53513386e01d13c19f771ca5eb0f7da90,10,1.0
553e9029ad1f05b97105d3d1e7ad3d42fbde1c2f,womens_stockings_01M,flarenut_spanner,7ed95b3ba88443ed63f25ffe0b5fb52d78dab676,3b87ec5ffc07c08a35116928a8b6ffb64390e0a4,18,1.0
553e9029ad1f05b97105d3d1e7ad3d42fbde1c2f,womens_stockings_01M,interior_details_103_4,7ed95b3ba88443ed63f25ffe0b5fb52d78dab676,6c726f0ba025cab6490df5c05a6c436be87205ad,15,1.0
553e9029ad1f05b97105d3d1e7ad3d42fbde1c2f,womens_stockings_01M,interior_details_130_2,7ed95b3ba88443ed63f25ffe0b5fb52d78dab676,f730e2fab41495e73bf0e665266a51a692d1ca54,6,1.0
553e9029ad1f05b97105d3d1e7ad3d42fbde1c2f,womens_stockings_01M,kitchen_equipment_knife2,7ed95b3ba88443ed63f25ffe0b5fb52d78dab676,4c406e5b2db8e63397199570ff59e65caeca5775,13,1.0
553e9029ad1f05b97105d3d1e7ad3d42fbde1c2f,womens_stockings_01M,lo_poly_animal_BEAR_BLK,7ed95b3ba88443ed63f25ffe0b5fb52d78dab676,3c6c194cc864f2a655446efa548eef153a393618,12,1.0
553e9029ad1f05b97105d3d1e7ad3d42fbde1c2f,womens_stockings_01M,lo_poly_animal_CHICKDEE,7ed95b3ba88443ed63f25ffe0b5fb52d78dab676,b95b95002cc603d8b4aec4836d1edc6b1f129efb,23,1.0
553e9029ad1f05b97105d3d1e7ad3d42fbde1c2f,womens_stockings_01M,lo_poly_animal_ELE_AS1,7ed95b3ba88443ed63f25ffe0b5fb52d78dab676,41313a938cb781cbd60a6870530e116a9d98e48c,11,1.0
553e9029ad1f05b97105d3d1e7ad3d42fbde1c2f,womens_stockings_01M,lo_poly_animal_RHINO_2,7ed95b3ba88443ed63f25ffe0b5fb52d78dab676,b87e834ba5e263774477edc6fc956070795ab1b6,20,0.95
553e9029ad1f05b97105d3d1e7ad3d42fbde1c2f,womens_stockings_01M,lo_poly_animal_TRANTULA,7ed95b3ba88443ed63f25ffe0b5fb52d78dab676,8f14ff8cf138e89d90211a7811968af08d4d7098,33,1.0
553e9029ad1f05b97105d3d1e7ad3d42fbde1c2f,womens_stockings_01M,weimaraner,7ed95b3ba88443ed63f25ffe0b5fb52d78dab676,4f263a161cdd009ff7f9aa88ed9be2b852772142,18,1.0
553e9029ad1f05b97105d3d1e7ad3d42fbde1c2f,womens_stockings_01M,womens_shorts_01M,7ed95b3ba88443ed63f25ffe0b5fb52d78dab676,66c09717173c555eced9e7a167f405b7d08ab18f,14,1.0
553e9029ad1f05b97105d3d1e7ad3d42fbde1c2f,womens_stockings_01M,zebra,7ed95b3ba88443ed63f25ffe0b5fb52d78dab676,21afbd503b5d4f9c399c4a66baef6bd6e894715f,19,1.0
5656ed3ff0c772fe7ef4b1003a9f827e26864517,zebra,22_acoustic_guitar,21afbd503b5d4f9c399c4a66baef6bd6e894715f,b17c9b116f73af5e54e294b1362187bb666a1737,17,1.0
5656ed3ff0c772fe7ef4b1003a9f827e26864517,zebra,Hanger_02,21afbd503b5d4f9c399c4a66baef6bd6e894715f,2ef7b8f76464ac15cea9c2eaf23bfb992cfa8a20,13,1.0
5656ed3ff0c772fe7ef4b1003a9f827e26864517,zebra,MB28699,21afbd503b5d4f9c399c4a66baef6bd6e894715f,ee36e4d66958199793add93da479822f4d1164e6,12,1.0
5656ed3ff0c772fe7ef4b1003a9f827e26864517,zebra,MB29874,21afbd503b5d4f9c399c4a66baef6bd6e894715f,7cc042e01ac7e57de362ae777017d3e1b727c9f0,20,1.0
5656ed3ff0c772fe7ef4b1003a9f827e26864517,zebra,MB30203,21afbd503b5d4f9c399c4a66baef6bd6e894715f,e6e0c7209f8a7908c49f803651f7382e3a2e75c5,6,0.8333333333333334
5656ed3ff0c772fe7ef4b1003a9f827e26864517,zebra,MB30758,21afbd503b5d4f9c399c4a66baef6bd6e894715f,61c2291042151124f703bb567c32ab30fda22360,11,1.0
5656ed3ff0c772fe7ef4b1003a9f827e26864517,zebra,antique_furniture_item_18,21afbd503b5d4f9c399c4a66baef6bd6e894715f,bad9c53885fbc5be5a358b2ae742704b9f280dfa,11,1.0
5656ed3ff0c772fe7ef4b1003a9f827e26864517,zebra,build51,21afbd503b5d4f9c399c4a66baef6bd6e894715f,c6a67bcc6433546d8ede05ca6b05e089509d27ed,8,1.0
5656ed3ff0c772fe7ef4b1003a9f827e26864517,zebra,calc01,21afbd503b5d4f9c399c4a66baef6bd6e894715f,1858def1a1ecf0e1de87fdbb649b8586cd9210fb,7,0.8571428571428571
5656ed3ff0c772fe7ef4b1003a9f827e26864517,zebra,dromedary,21afbd503b5d4f9c399c4a66baef6bd6e894715f,d47c3fb53513386e01d13c19f771ca5eb0f7da90,14,1.0
5656ed3ff0c772fe7ef4b1003a9f827e26864517,zebra,flarenut_spanner,21afbd503b5d4f9c399c4a66baef6bd6e894715f,3b87ec5ffc07c08a35116928a8b6ffb64390e0a4,16,1.0
5656ed3ff0c772fe7ef4b1003a9f827e26864517,zebra,interior_details_103_4,21afbd503b5d4f9c399c4a66baef6bd6e894715f,6c726f0ba025cab6490df5c05a6c436be87205ad,12,1.0
5656ed3ff0c772fe7ef4b1003a9f827e26864517,zebra,interior_details_130_2,21afbd503b5d4f9c399c4a66baef6bd6e894715f,f730e2fab41495e73bf0e665266a51a692d1ca54,12,0.9166666666666666
5656ed3ff0c772fe7ef4b1003a9f827e26864517,zebra,kitchen_equipment_knife2,21afbd503b5d4f9c399c4a66baef6bd6e894715f,4c406e5b2db8e63397199570ff59e65caeca5775,8,0.875
5656ed3ff0c772fe7ef4b1003a9f827e26864517,zebra,lo_poly_animal_BEAR_BLK,21afbd503b5d4f9c399c4a66baef6bd6e894715f,3c6c194cc864f2a655446efa548eef153a393618,13,1.0
5656ed3ff0c772fe7ef4b1003a9f827e26864517,zebra,lo_poly_animal_CHICKDEE,21afbd503b5d4f9c399c4a66baef6bd6e894715f,b95b95002cc603d8b4aec4836d1edc6b1f129efb,9,0.8888888888888888
5656ed3ff0c772fe7ef4b1003a9f827e26864517,zebra,lo_poly_animal_RHINO_2,21afbd503b5d4f9c399c4a66baef6bd6e894715f,b87e834ba5e263774477edc6fc956070795ab1b6,11,1.0
5656ed3ff0c772fe7ef4b1003a9f827e26864517,zebra,lo_poly_animal_TRANTULA,21afbd503b5d4f9c399c4a66baef6bd6e894715f,8f14ff8cf138e89d90211a7811968af08d4d7098,12,1.0
5656ed3ff0c772fe7ef4b1003a9f827e26864517,zebra,weimaraner,21afbd503b5d4f9c399c4a66baef6bd6e894715f,4f263a161cdd009ff7f9aa88ed9be2b852772142,9,1.0
5656ed3ff0c772fe7ef4b1003a9f827e26864517,zebra,womens_shorts_01M,21afbd503b5d4f9c399c4a66baef6bd6e894715f,66c09717173c555eced9e7a167f405b7d08ab18f,6,1.0
5656ed3ff0c772fe7ef4b1003a9f827e26864517,zebra,womens_stockings_01M,21afbd503b5d4f9c399c4a66baef6bd6e894715f,7ed95b3ba88443ed63f25ffe0b5fb52d78dab676,4,1.0
56588c859999503ae2906d7986702dac4ac77277,MB27346,22_acoustic_guitar,f3b1fb66463bf84b593dad9fd1028aa8db6f3720,b17c9b116f73af5e54e294b1362187bb666a1737,10,1.0
56588c859999503ae2906d7986702dac4ac77277,MB27346,Hanger_02,f3b1fb66463bf84b593dad9fd1028aa8db6f3720,2ef7b8f76464ac15cea9c2eaf23bfb992cfa8a20,27,0.9629629629629629
56588c859999503ae2906d7986702dac4ac77277,MB27346,MB28699,f3b1fb66463bf84b593dad9fd1028aa8db6f3720,ee36e4d66958199793add93da479822f4d1164e6,15,1.0
56588c859999503ae2906d7986702dac4ac77277,MB27346,MB29874,f3b1fb66463bf84b593dad9fd1028aa8db6f3720,7cc042e01ac7e57de362ae777017d3e1b727c9f0,14,1.0
56588c859999503ae2906d7986702dac4ac77277,MB27346,MB30203,f3b1fb66463bf84b593dad9fd1028aa8db6f3720,e6e0c7209f8a7908c49f803651f7382e3a2e75c5,17,0.9411764705882353
56588c859999503ae2906d7986702dac4ac77277,MB27346,MB30758,f3b1fb66463bf84b593dad9fd1028aa8db6f3720,61c2291042151124f703bb567c32ab30fda22360,8,1.0
56588c859999503ae2906d7986702dac4ac77277,MB27346,antique_furniture_item_18,f3b1fb66463bf84b593dad9fd1028aa8db6f3720,bad9c53885fbc5be5a358b2ae742704b9f280dfa,10,1.0
56588c859999503ae2906d7986702dac4ac77277,MB27346,build51,f3b1fb66463bf84b593dad9fd1028aa8db6f3720,c6a67bcc6433546d8ede05ca6b05e089509d27ed,6,1.0
56588c859999503ae2906d7986702dac4ac77277,MB27346,calc01,f3b1fb66463bf84b593dad9fd1028aa8db6f3720,1858def1a1ecf0e1de87fdbb649b8586cd9210fb,11,0.9090909090909091
56588c859999503ae2906d7986702dac4ac77277,MB27346,dromedary,f3b1fb66463bf84b593dad9fd1028aa8db6f3720,d47c3fb53513386e01d13c19f771ca5eb0f7da90,5,0.8
56588c859999503ae2906d7986702dac4ac77277,MB27346,flarenut_spanner,f3b1fb66463bf84b593dad9fd1028aa8db6f3720,3b87ec5ffc07c08a35116928a8b6ffb64390e0a4,6,1.0
56588c859999503ae2906d7986702dac4ac77277,MB27346,interior_details_103_4,f3b1fb66463bf84b593dad9fd1028aa8db6f3720,6c726f0ba025cab6490df5c05a6c436be87205ad,17,1.0
56588c859999503ae2906d7986702dac4ac77277,MB27346,interior_details_130_2,f3b1fb66463bf84b593dad9fd1028aa8db6f3720,f730e2fab41495e73bf0e665266a51a692d1ca54,20,0.95
56588c859999503ae2906d7986702dac4ac77277,MB27346,kitchen_equipment_knife2,f3b1fb66463bf84b593dad9fd1028aa8db6f3720,4c406e5b2db8e63397199570ff59e65caeca5775,16,0.875
56588c859999503ae2906d7986702dac4ac77277,MB27346,lo_poly_animal_BEAR_BLK,f3b1fb66463bf84b593dad9fd1028aa8db6f3720,3c6c194cc864f2a655446efa548eef153a393618,15,0.9333333333333333
56588c859999503ae2906d7986702dac4ac77277,MB27346,lo_poly_animal_CHICKDEE,f3b1fb66463bf84b593dad9fd1028aa8db6f3720,b95b95002cc603d8b4aec4836d1edc6b1f129efb,22,0.9545454545454546
56588c859999503ae2906d7986702dac4ac77277,MB27346,lo_poly_animal_ELE_AS1,f3b1fb66463bf84b593dad9fd1028aa8db6f3720,41313a938cb781cbd60a6870530e116a9d98e48c,15,1.0
56588c859999503ae2906d7986702dac4ac77277,MB27346,lo_poly_animal_RHINO_2,f3b1fb66463bf84b593dad9fd1028aa8db6f3720,b87e834ba5e263774477edc6fc956070795ab1b6,4,1.0
56588c859999503ae2906d7986702dac4ac77277,MB27346,lo_poly_animal_TRANTULA,f3b1fb66463bf84b593dad9fd1028aa8db6f3720,8f14ff8cf138e89d90211a7811968af08d4d7098,9,1.0
56588c859999503ae2906d7986702dac4ac77277,MB27346,weimaraner,f3b1fb66463bf84b593dad9fd1028aa8db6f3720,4f263a161cdd009ff7f9aa88ed9be2b852772142,8,1.0
56588c859999503ae2906d7986702dac4ac77277,MB27346,womens_shorts_01M,f3b1fb66463bf84b593dad9fd1028aa8db6f3720,66c09717173c555eced9e7a167f405b7d08ab18f,13,1.0
56588c859999503ae2906d7986702dac4ac77277,MB27346,womens_stockings_01M,f3b1fb66463bf84b593dad9fd1028aa8db6f3720,7ed95b3ba88443ed63f25ffe0b5fb52d78dab676,10,1.0
56588c859999503ae2906d7986702dac4ac77277,MB27346,zebra,f3b1fb66463bf84b593dad9fd1028aa8db6f3720,21afbd503b5d4f9c399c4a66baef6bd6e894715f,9,1.0
5678723ebaa01456ff05eb1c374ed3955ea515aa,kitchen_equipment_knife2,22_acoustic_guitar,4c406e5b2db8e63397199570ff59e65caeca5775,b17c9b116f73af5e54e294b1362187bb666a1737,11,0.8181818181818182
5678723ebaa01456ff05eb1c374ed3955ea515aa,kitchen_equipment_knife2,Hanger_02,4c406e5b2db8e63397199570ff59e65caeca5775,2ef7b8f76464ac15cea9c2eaf23bfb992cfa8a20,15,0.8666666666666667
5678723ebaa01456ff05eb1c374ed3955ea515aa,kitchen_equipment_knife2,MB28699,4c406e5b2db8e63397199570ff59e65caeca5775,ee36e4d66958199793add93da479822f4d1164e6,9,0.6666666666666666
5678723ebaa01456ff05eb1c374ed3955ea515aa,kitchen_equipment_knife2,MB29874,4c406e5b2db8e63397199570ff59e65caeca5775,7cc042e01ac7e57de362ae777017d3e1b727c9f0,8,1.0
5678723ebaa01456ff05eb1c374ed3955ea515aa,kitchen_equipment_knife2,MB30758,4c406e5b2db8e63397199570ff59e65caeca5775,61c2291042151124f703bb567c32ab30fda22360,14,0.9285714285714286
5678723ebaa01456ff05eb1c374ed3955ea515aa,kitchen_equipment_knife2,antique_furniture_item_18,4c406e5b2db8e63397199570ff59e65caeca5775,bad9c53885fbc5be5a358b2ae742704b9f280dfa,9,0.8888888888888888
5678723ebaa01456ff05eb1c374ed3955ea515aa,kitchen_equipment_knife2,build51,4c406e5b2db8e63397199570ff59e65caeca5775,c6a67bcc6433546d8ede05ca6b05e089509d27ed,6,1.0
5678723ebaa01456ff05eb1c374ed3955ea515aa,kitchen_equipment_knife2,calc01,4c406e5b2db8e63397199570ff59e65caeca5775,1858def1a1ecf0e1de87fdbb649b8586cd9210fb,7,0.8571428571428571
5678723ebaa01456ff05eb1c374ed3955ea515aa,kitchen_equipment_knife2,dromedary,4c406e5b2db8e63397199570ff59e65caeca5775,d47c3fb53513386e01d13c19f771ca5eb0f7da90,5,1.0
5678723ebaa01456ff05eb1c374ed3955ea515aa,kitchen_equipment_knife2,flarenut_spanner,4c406e5b2db8e63397199570ff59e65caeca5775,3b87ec5ffc07c08a35116928a8b6ffb64390e0a4,5,1.0
5678723ebaa01456ff05eb1c374ed3955ea515aa,kitchen_equipment_knife2,interior_details_103_4,4c406e5b2db8e63397199570ff59e65caeca5775,6c726f0ba025cab6490df5c05a6c436be87205ad,12,1.0
5678723ebaa01456ff05eb1c374ed3955ea515aa,kitchen_equipment_knife2,interior_details_130_2,4c406e5b2db8e63397199570ff59e65caeca5775,f730e2fab41495e73bf0e665266a51a692d1ca54,4,1.0
5678723ebaa01456ff05eb1c374ed3955ea515aa,kitchen_equipment_knife2,lo_poly_animal_CHICKDEE,4c406e5b2db8e63397199570ff59e65caeca5775,b95b95002cc603d8b4aec4836d1edc6b1f129efb,9,1.0
5678723ebaa01456ff05eb1c374ed3955ea515aa,kitchen_equipment_knife2,lo_poly_animal_ELE_AS1,4c406e5b2db8e63397199570ff59e65caeca5775,41313a938cb781cbd60a6870530e116a9d98e48c,10,1.0
5678723ebaa01456ff05eb1c374ed3955ea515aa,kitchen_equipment_knife2,lo_poly_animal_RHINO_2,4c406e5b2db8e63397199570ff59e65caeca5775,b87e834ba5e263774477edc6fc956070795ab1b6,4,1.0
5678723ebaa01456ff05eb1c374ed3955ea515aa,kitchen_equipment_knife2,lo_poly_animal_TRANTULA,4c406e5b2db8e63397199570ff59e65caeca5775,8f14ff8cf138e89d90211a7811968af08d4d7098,16,0.9375
5678723ebaa01456ff05eb1c374ed3955ea515aa,kitchen_equipment_knife2,weimaraner,4c406e5b2db8e63397199570ff59e65caeca5775,4f263a161cdd009ff7f9aa88ed9be2b852772142,12,0.9166666666666666
5678723ebaa01456ff05eb1c374ed3955ea515aa,kitchen_equipment_knife2,womens_shorts_01M,4c406e5b2db8e63397199570ff59e65caeca5775,66c09717173c555eced9e7a167f405b7d08ab18f,16,1.0
5678723ebaa01456ff05eb1c374ed3955ea515aa,kitchen_equipment_knife2,womens_stockings_01M,4c406e5b2db8e63397199570ff59e65caeca5775,7ed95b3ba88443ed63f25ffe0b5fb52d78dab676,4,0.75
5678723ebaa01456ff05eb1c374ed3955ea515aa,kitchen_equipment_knife2,zebra,4c406e5b2db8e63397199570ff59e65caeca5775,21afbd503b5d4f9c399c4a66baef6bd6e894715f,6,1.0
57b43bfa0a7b94be1e400c03750bf3e784ef0812,Hanger_02,22_acoustic_guitar,2ef7b8f76464ac15cea9c2eaf23bfb992cfa8a20,b17c9b116f73af5e54e294b1362187bb666a1737,8,0.875
57b43bfa0a7b94be1e400c03750bf3e784ef0812,Hanger_02,MB27346,2ef7b8f76464ac15cea9c2eaf23bfb992cfa8a20,f3b1fb66463bf84b593dad9fd1028aa8db6f3720,14,1.0
57b43bfa0a7b94be1e400c03750bf3e784ef0812,Hanger_02,MB28699,2ef7b8f76464ac15cea9c2eaf23bfb992cfa8a20,ee36e4d66958199793add93da479822f4d1164e6,8,0.875
57b43bfa0a7b94be1e400c03750bf3e784ef0812,Hanger_02,MB29874,2ef7b8f76464ac15cea9c2eaf23bfb992cfa8a20,7cc042e01ac7e57de362ae777017d3e1b727c9f0,12,0.9166666666666666
57b43bfa0a7b94be1e400c03750bf3e784ef0812,Hanger_02,MB30758,2ef7b8f76464ac15cea9c2eaf23bfb992cfa8a20,61c2291042151124f703bb567c32ab30fda22360,4,1.0
57b43bfa0a7b94be1e400c03750bf3e784ef0812,Hanger_02,antique_furniture_item_18,2ef7b8f76464ac15cea9c2eaf23bfb992cfa8a20,bad9c53885fbc5be5a358b2ae742704b9f280dfa,10,1.0
57b43bfa0a7b94be1e400c03750bf3e784ef0812,Hanger_02,build51,2ef7b8f76464ac15cea9c2eaf23bfb992cfa8a20,c6a67bcc6433546d8ede05ca6b05e089509d27ed,9,0.8888888888888888
57b43bfa0a7b94be1e400c03750bf3e784ef0812,Hanger_02,calc01,2ef7b8f76464ac15cea9c2eaf23bfb992cfa8a20,1858def1a1ecf0e1de87fdbb649b8586cd9210fb,4,1.0
57b43bfa0a7b94be1e400c03750bf3e784ef0812,Hanger_02,dromedary,2ef7b8f76464ac15cea9c2eaf23bfb992cfa8a20,d47c3fb53513386e01d13c19f771ca5eb0f7da90,6,1.0
57b43bfa0a7b94be1e400c03750bf3e784ef0812,Hanger_02,flarenut_spanner,2ef7b8f76464ac15cea9c2eaf23bfb992cfa8a20,3b87ec5ffc07c08a35116928a8b6ffb64390e0a4,4,1.0
57b43bfa0a7b94be1e400c03750bf3e784ef0812,Hanger_02,interior_details_103_4,2ef7b8f76464ac15cea9c2eaf23bfb992cfa8a20,6c726f0ba025cab6490df5c05a6c436be87205ad,16,0.875
57b43bfa0a7b94be1e400c03750bf3e784ef0812,Hanger_02,interior_details_130_2,2ef7b8f76464ac15cea9c2eaf23bfb992cfa8a20,f730e2fab41495e73bf0e665266a51a692d1ca54,15,1.0
57b43bfa0a7b94be1e400c03750bf3e784ef0812,Hanger_02,kitchen_equipment_knife2,2ef7b8f76464ac15cea9c2eaf23bfb992cfa8a20,4c406e5b2db8e63397199570ff59e65caeca5775,11,1.0
57b43bfa0a7b94be1e400c03750bf3e784ef0812,Hanger_02,lo_poly_animal_BEAR_BLK,2ef7b8f76464ac15cea9c2eaf23bfb992cfa8a20,3c6c194cc864f2a655446efa548eef153a393618,11,1.0
57b43bfa0a7b94be1e400c03750bf3e784ef0812,Hanger_02,lo_poly_animal_CHICKDEE,2ef7b8f76464ac15cea9c2eaf23bfb992cfa8a20,b95b95002cc603d8b4aec4836d1edc6b1f129efb,11,0.9090909090909091
57b43bfa0a7b94be1e400c03750bf3e784ef0812,Hanger_02,lo_poly_animal_ELE_AS1,2ef7b8f76464ac15cea9c2eaf23bfb992cfa8a20,41313a938cb781cbd60a6870530e116a9d98e48c,13,1.0
57b43bfa0a7b94be1e400c03750bf3e784ef0812,Hanger_02,lo_poly_animal_RHINO_2,2ef7b8f76464ac15cea9c2eaf23bfb992cfa8a20,b87e834ba5e263774477edc6fc956070795ab1b6,10,0.9
57b43bfa0a7b94be1e400c03750bf3e784ef0812,Hanger_02,lo_poly_animal_TRANTULA,2ef7b8f76464ac15cea9c2eaf23bfb992cfa8a20,8f14ff8cf138e89d90211a7811968af08d4d7098,19,0.9473684210526315
57b43bfa0a7b94be1e400c03750bf3e784ef0812,Hanger_02,weimaraner,2ef7b8f76464ac15cea9c2eaf23bfb992cfa8a20,4f263a161cdd009ff7f9aa88ed9be2b852772142,9,1.0
57b43bfa0a7b94be1e400c03750bf3e784ef0812,Hanger_02,womens_shorts_01M,2ef7b8f76464ac15cea9c2eaf23bfb992cfa8a20,66c09717173c555eced9e7a167f405b7d08ab18f,15,0.9333333333333333
57b43bfa0a7b94be1e400c03750bf3e784ef0812,Hanger_02,zebra,2ef7b8f76464ac15cea9c2eaf23bfb992cfa8a20,21afbd503b5d4f9c399c4a66baef6bd6e894715f,13,1.0
57cb6689a028fa3cfd11a9451be8a4dea74c1a55,interior_details_103_4,22_acoustic_guitar,6c726f0ba025cab6490df5c05a6c436be87205ad,b17c9b116f73af5e54e294b1362187bb666a1737,14,1.0
57cb6689a028fa3cfd11a9451be8a4dea74c1a55,interior_details_103_4,Hanger_02,6c726f0ba025cab6490df5c05a6c436be87205ad,2ef7b8f76464ac15cea9c2eaf23bfb992cfa8a20,19,1.0
57cb6689a028fa3cfd11a9451be8a4dea74c1a55,interior_details_103_4,MB27346,6c726f0ba025cab6490df5c05a6c436be87205ad,f3b1fb66463bf84b593dad9fd1028aa8db6f3720,20,1.0
57cb6689a028fa3cfd11a9451be8a4dea74c1a55,interior_details_103_4,MB28699,6c726f0ba025cab6490df5c05a6c436be87205ad,ee36e4d66958199793add93da479822f4d1164e6,12,1.0
57cb6689a028fa3cfd11a9451be8a4dea74c1a55,interior_details_103_4,MB29874,6c726f0ba025cab6490df5c05a6c436be87205ad,7cc042e01ac7e57de362ae777017d3e1b727c9f0,7,1.0
57cb6689a028fa3cfd11a9451be8a4dea74c1a55,interior_details_103_4,MB30758,6c726f0ba025cab6490df5c05a6c436be87205ad,61c2291042151124f703bb567c32ab30fda22360,33,1.0
57cb6689a028fa3cfd11a9451be8a4dea74c1a55,interior_details_103_4,antique_furniture_item_18,6c726f0ba025cab6490df5c05a6c436be87205ad,bad9c53885fbc5be5a358b2ae742704b9f280dfa,8,1.0
57cb6689a028fa3cfd11a9451be8a4dea74c1a55,interior_details_103_4,build51,6c726f0ba025cab6490df5c05a6c436be87205ad,c6a67bcc6433546d8ede05ca6b05e089509d27ed,10,1.0
57cb6689a028fa3cfd11a9451be8a4dea74c1a55,interior_details_103_4,calc01,6c726f0ba025cab6490df5c05a6c436be87205ad,1858def1a1ecf0e1de87fdbb649b8586cd9210fb,9,1.0
57cb6689a028fa3cfd11a9451be8a4dea74c1a55,interior_details_103_4,interior_details_130_2,6c726f0ba025cab6490df5c05a6c436be87205ad,f730e2fab41495e73bf0e665266a51a692d1ca54,13,1.0
57cb6689a028fa3cfd11a9451be8a4dea74c1a55,interior_details_103_4,kitchen_equipment_knife2,6c726f0ba025cab6490df5c05a6c436be87205ad,4c406e5b2db8e63397199570ff59e65caeca5775,13,1.0
57cb6689a028fa3cfd11a9451be8a4dea74c1a55,interior_details_103_4,lo_poly_animal_BEAR_BLK,6c726f0ba025cab6490df5c05a6c436be87205ad,3c6c194cc864f2a655446efa548eef153a393618,26,1.0
57cb6689a028fa3cfd11a9451be8a4dea74c1a55,interior_details_103_4,lo_poly_animal_CHICKDEE,6c726f0ba025cab6490df5c05a6c436be87205ad,b95b95002cc603d8b4aec4836d1edc6b1f129efb,12,1.0
57cb6689a028fa3cfd11a9451be8a4dea74c1a55,interior_details_103_4,lo_poly_animal_ELE_AS1,6c726f0ba025cab6490df5c05a6c436be87205ad,41313a938cb781cbd60a6870530e116a9d98e48c,11,1.0
57cb6689a028fa3cfd11a9451be8a4dea74c1a55,interior_details_103_4,lo_poly_animal_RHINO_2,6c726f0ba025cab6490df5c05a6c436be87205ad,b87e834ba5e263774477edc6fc956070795ab1b6,10,1.0
57cb6689a028fa3cfd11a9451be8a4dea74c1a55,interior_details_103_4,lo_poly_animal_TRANTULA,6c726f0ba025cab6490df5c05a6c436be87205ad,8f14ff8cf138e89d90211a7811968af08d4d7098,12,0.9166666666666666
57cb6689a028fa3cfd11a9451be8a4dea74c1a55,interior_details_103_4,womens_stockings_01M,6c726f0ba025cab6490df5c05a6c436be87205ad,7ed95b3ba88443ed63f25ffe0b5fb52d78dab676,4,1.0
57cb6689a028fa3cfd11a9451be8a4dea74c1a55,interior_details_103_4,zebra,6c726f0ba025cab6490df5c05a6c436be87205ad,21afbd503b5d4f9c399c4a66baef6bd6e894715f,8,1.0
58fcf0876809b578e794f3b25006d631088be885,antique_furniture_item_18,22_acoustic_guitar,bad9c53885fbc5be5a358b2ae742704b9f280dfa,b17c9b116f73af5e54e294b1362187bb666a1737,12,0.9166666666666666
58fcf0876809b578e794f3b25006d631088be885,antique_furniture_item_18,Hanger_02,bad9c53885fbc5be5a358b2ae742704b9f280dfa,2ef7b8f76464ac15cea9c2eaf23bfb992cfa8a20,18,1.0
58fcf0876809b578e794f3b25006d631088be885,antique_furniture_item_18,MB27346,bad9c53885fbc5be5a358b2ae742704b9f280dfa,f3b1fb66463bf84b593dad9fd1028aa8db6f3720,10,1.0
58fcf0876809b578e794f3b25006d631088be885,antique_furniture_item_18,MB28699,bad9c53885fbc5be5a358b2ae742704b9f280dfa,ee36e4d66958199793add93da479822f4d1164e6,9,1.0
58fcf0876809b578e794f3b25006d631088be885,antique_furniture_item_18,MB29874,bad9c53885fbc5be5a358b2ae742704b9f280dfa,7cc042e01ac7e57de362ae777017d3e1b727c9f0,4,0.75
58fcf0876809b578e794f3b25006d631088be885,antique_furniture_item_18,MB30203,bad9c53885fbc5be5a358b2ae742704b9f280dfa,e6e0c7209f8a7908c49f803651f7382e3a2e75c5,9,1.0
58fcf0876809b578e794f3b25006d631088be885,antique_furniture_item_18,build51,bad9c53885fbc5be5a358b2ae742704b9f280dfa,c6a67bcc6433546d8ede05ca6b05e089509d27ed,9,1.0
58fcf0876809b578e794f3b25006d631088be885,antique_furniture_item_18,calc01,bad9c53885fbc5be5a358b2ae742704b9f280dfa,1858def1a1ecf0e1de87fdbb649b8586cd9210fb,5,0.8
58fcf0876809b578e794f3b25006d631088be885,antique_furniture_item_18,flarenut_spanner,bad9c53885fbc5be5a358b2ae742704b9f280dfa,3b87ec5ffc07c08a35116928a8b6ffb64390e0a4,5,1.0
58fcf0876809b578e794f3b25006d631088be885,antique_furniture_item_18,interior_details_103_4,bad9c53885fbc5be5a358b2ae742704b9f280dfa,6c726f0ba025cab6490df5c05a6c436be87205ad,7,1.0
58fcf0876809b578e794f3b25006d631088be885,antique_furniture_item_18,interior_details_130_2,bad9c53885fbc5be5a358b2ae742704b9f280dfa,f730e2fab41495e73bf0e665266a51a692d1ca54,5,1.0
58fcf0876809b578e794f3b25006d631088be885,antique_furniture_item_18,kitchen_equipment_knife2,bad9c53885fbc5be5a358b2ae742704b9f280dfa,4c406e5b2db8e63397199570ff59e65caeca5775,10,1.0
58fcf0876809b578e794f3b25006d631088be885,antique_furniture_item_18,lo_poly_animal_BEAR_BLK,bad9c53885fbc5be5a358b2ae742704b9f280dfa,3c6c194cc864f2a655446efa548eef153a393618,4,1.0
58fcf0876809b578e794f3b25006d631088be885,antique_furniture_item_18,lo_poly_animal_CHICKDEE,bad9c53885fbc5be5a358b2ae742704b9f280dfa,b95b95002cc603d8b4aec4836d1edc6b1f129efb,11,1.0
58fcf0876809b578e794f3b25006d631088be885,antique_furniture_item_18,lo_poly_animal_ELE_AS1,bad9c53885fbc5be5a358b2ae742704b9f280dfa,41313a938cb781cbd60a6870530e116a9d98e48c,6,1.0
58fcf0876809b578e794f3b25006d631088be885,antique_furniture_item_18,lo_poly_animal_TRANTULA,bad9c53885fbc5be5a358b2ae742704b9f280dfa,8f14ff8cf138e89d90211a7811968af08d4d7098,19,0.9473684210526315
58fcf0876809b578e794f3b25006d631088be885,antique_furniture_item_18,weimaraner,bad9c53885fbc5be5a358b2ae742704b9f280dfa,4f263a161cdd009ff7f9aa88ed9be2b852772142,15,1.0
58fcf0876809b578e794f3b25006d631088be885,antique_furniture_item_18,womens_shorts_01M,bad9c53885fbc5be5a358b2ae742704b9f280dfa,66c09717173c555eced9e7a167f405b7d08ab18f,10,1.0
58fcf0876809b578e794f3b25006d631088be885,antique_furniture_item_18,womens_stockings_01M,bad9c53885fbc5be5a358b2ae742704b9f280dfa,7ed95b3ba88443ed63f25ffe0b5fb52d78dab676,11,0.9090909090909091
58fcf0876809b578e794f3b25006d631088be885,antique_furniture_item_18,zebra,bad9c53885fbc5be5a358b2ae742704b9f280dfa,21afbd503b5d4f9c399c4a66baef6bd6e894715f,4,1.0
5a68afa37ec5a09385d65a18dd0ab5e83e16e2be,build51,22_acoustic_guitar,c6a67bcc6433546d8ede05ca6b05e089509d27ed,b17c9b116f73af5e54e294b1362187bb666a1737,12,1.0
5a68afa37ec5a09385d65a18dd0ab5e83e16e2be,build51,Hanger_02,c6a67bcc6433546d8ede05ca6b05e089509d27ed,2ef7b8f76464ac15cea9c2eaf23bfb992cfa8a20,11,1.0
5a68afa37ec5a09385d65a18dd0ab5e83e16e2be,build51,MB27346,c6a67bcc6433546d8ede05ca6b05e089509d27ed,f3b1fb66463bf84b593dad9fd1028aa8db6f3720,13,1.0
5a68afa37ec5a09385d65a18dd0ab5e83e16e2be,build51,MB28699,c6a67bcc6433546d8ede05ca6b05e089509d27ed,ee36e4d66958199793add93da479822f4d1164e6,9,1.0
5a68afa37ec5a09385d65a18dd0ab5e83e16e2be,build51,MB29874,c6a67bcc6433546d8ede05ca6b05e089509d27ed,7cc042e01ac7e57de362ae777017d3e1b727c9f0,12,0.9166666666666666
5a68afa37ec5a09385d65a18dd0ab5e83e16e2be,build51,MB30203,c6a67bcc6433546d8ede05ca6b05e089509d27ed,e6e0c7209f8a7908c49f803651f7382e3a2e75c5,7,1.0
5a68afa37ec5a09385d65a18dd0ab5e83e16e2be,build51,MB30758,c6a67bcc6433546d8ede05ca6b05e089509d27ed,61c2291042151124f703bb567c32ab30fda22360,6,1.0
5a68afa37ec5a09385d65a18dd0ab5e83e16e2be,build51,antique_furniture_item_18,c6a67bcc6433546d8ede05ca6b05e089509d27ed,bad9c53885fbc5be5a358b2ae742704b9f280dfa,12,1.0
5a68afa37ec5a09385d65a18dd0ab5e83e16e2be,build51,dromedary,c6a67bcc6433546d8ede05ca6b05e089509d27ed,d47c3fb53513386e01d13c19f771ca5eb0f7da90,12,1.0
5a68afa37ec5a09385d65a18dd0ab5e83e16e2be,build51,flarenut_spanner,c6a67bcc6433546d8ede05ca6b05e089509d27ed,3b87ec5ffc07c08a35116928a8b6ffb64390e0a4,14,1.0
5a68afa37ec5a09385d65a18dd0ab5e83e16e2be,build51,interior_details_103_4,c6a67bcc6433546d8ede05ca6b05e089509d27ed,6c726f0ba025cab6490df5c05a6c436be87205ad,7,1.0
5a68afa37ec5a09385d65a18dd0ab5e83e16e2be,build51,interior_details_130_2,c6a67bcc6433546d8ede05ca6b05e089509d27ed,f730e2fab41495e73bf0e665266a51a692d1ca54,6,1.0
5a68afa37ec5a09385d65a18dd0ab5e83e16e2be,build51,kitchen_equipment_knife2,c6a67bcc6433546d8ede05ca6b05e089509d27ed,4c406e5b2db8e63397199570ff59e65caeca5775,4,1.0
5a68afa37ec5a09385d65a18dd0ab5e83e16e2be,build51,lo_poly_animal_BEAR_BLK,c6a67bcc6433546d8ede05ca6b05e089509d27ed,3c6c194cc864f2a655446efa548eef153a393618,14,1.0
5a68afa37ec5a09385d65a18dd0ab5e83e16e2be,build51,lo_poly_animal_CHICKDEE,c6a67bcc6433546d8ede05ca6b05e089509d27ed,b95b95002cc603d8b4aec4836d1edc6b1f129efb,9,1.0
5a68afa37ec5a09385d65a18dd0ab5e83e16e2be,build51,lo_poly_animal_ELE_AS1,c6a67bcc6433546d8ede05ca6b05e089509d27ed,41313a938cb781cbd60a6870530e116a9d98e48c,8,1.0
5a68afa37ec5a09385d65a18dd0ab5e83e16e2be,build51,womens_stockings_01M,c6a67bcc6433546d8ede05ca6b05e089509d27ed,7ed95b3ba88443ed63f25ffe0b5fb52d78dab676,18,1.0
5a68afa37ec5a09385d65a18dd0ab5e83e16e2be,build51,zebra,c6a67bcc6433546d8ede05ca6b05e089509d27ed,21afbd503b5d4f9c399c4a66baef6bd6e894715f,11,1.0
5b060701730c1e327b501f7e415107c659e4bb39,Hanger_02,22_acoustic_guitar,2ef7b8f76464ac15cea9c2eaf23bfb992cfa8a20,b17c9b116f73af5e54e294b1362187bb666a1737,16,0.875
5b060701730c1e327b501f7e415107c659e4bb39,Hanger_02,MB27346,2ef7b8f76464ac15cea9c2eaf23bfb992cfa8a20,f3b1fb66463bf84b593dad9fd1028aa8db6f3720,9,0.6666666666666666
5b060701730c1e327b501f7e415107c659e4bb39,Hanger_02,MB28699,2ef7b8f76464ac15cea9c2eaf23bfb992cfa8a20,ee36e4d66958199793add93da479822f4d1164e6,10,0.5
5b060701730c1e327b501f7e415107c659e4bb39,Hanger_02,MB29874,2ef7b8f76464ac15cea9c2eaf23bfb992cfa8a20,7cc042e01ac7e57de362ae777017d3e1b727c9f0,10,0.9
5b060701730c1e327b501f7e415107c659e4bb39,Hanger_02,MB30203,2ef7b8f76464ac15cea9c2eaf23bfb992cfa8a20,e6e0c7209f8a7908c49f803651f7382e3a2e75c5,4,1.0
5b060701730c1e327b501f7e415107c659e4bb39,Hanger_02,MB30758,2ef7b8f76464ac15cea9c2eaf23bfb992cfa8a20,61c2291042151124f703bb567c32ab30fda22360,5,1.0
5b060701730c1e327b501f7e415107c659e4bb39,Hanger_02,antique_furniture_item_18,2ef7b8f76464ac15cea9c2eaf23bfb992cfa8a20,bad9c53885fbc5be5a358b2ae742704b9f280dfa,5,1.0
5b060701730c1e327b501f7e415107c659e4bb39,Hanger_02,build51,2ef7b8f76464ac15cea9c2eaf23bfb992cfa8a20,c6a67bcc6433546d8ede05ca6b05e089509d27ed,8,1.0
5b060701730c1e327b501f7e415107c659e4bb39,Hanger_02,calc01,2ef7b8f76464ac15cea9c2eaf23bfb992cfa8a20,1858def1a1ecf0e1de87fdbb649b8586cd9210fb,17,1.0
5b060701730c1e327b501f7e415107c659e4bb39,Hanger_02,flarenut_spanner,2ef7b8f76464ac15cea9c2eaf23bfb992cfa8a20,3b87ec5ffc07c08a35116928a8b6ffb64390e0a4,8,0.875
5b060701730c1e327b501f7e415107c659e4bb39,Hanger_02,interior_details_103_4,2ef7b8f76464ac15cea9c2eaf23bfb992cfa8a20,6c726f0ba025cab6490df5c05a6c436be87205ad,8,0.625
5b060701730c1e327b501f7e415107c659e4bb39,Hanger_02,interior_details_130_2,2ef7b8f76464ac15cea9c2eaf23bfb992cfa8a20,f730e2fab41495e73bf0e665266a51a692d1ca54,7,1.0
5b060701730c1e327b501f7e415107c659e4bb39,Hanger_02,kitchen_equipment_knife2,2ef7b8f76464ac15cea9c2eaf23bfb992cfa8a20,4c406e5b2db8e63397199570ff59e65caeca5775,16,0.8125
5b060701730c1e327b501f7e415107c659e4bb39,Hanger_02,lo_poly_animal_BEAR_BLK,2ef7b8f76464ac15cea9c2eaf23bfb992cfa8a20,3c6c194cc864f2a655446efa548eef153a393618,12,0.8333333333333334
5b060701730c1e327b501f7e415107c659e4bb39,Hanger_02,lo_poly_animal_CHICKDEE,2ef7b8f76464ac15cea9c2eaf23bfb992cfa8a20,b95b95002cc603d8b4aec4836d1edc6b1f129efb,17,1.0
5b060701730c1e327b501f7e415107c659e4bb39,Hanger_02,lo_poly_animal_ELE_AS1,2ef7b8f76464ac15cea9c2eaf23bfb992cfa8a20,41313a938cb781cbd60a6870530e116a9d98e48c,10,1.0
5b060701730c1e327b501f7e415107c659e4bb39,Hanger_02,lo_poly_animal_RHINO_2,2ef7b8f76464ac15cea9c2eaf23bfb992cfa8a20,b87e834ba5e263774477edc6fc956070795ab1b6,5,0.8
5b060701730c1e327b501f7e415107c659e4bb39,Hanger_02,lo_poly_animal_TRANTULA,2ef7b8f76464ac15cea9c2eaf23bfb992cfa8a20,8f14ff8cf138e89d90211a7811968af08d4d7098,9,1.0
5b060701730c1e327b501f7e415107c659e4bb39,Hanger_02,weimaraner,2ef7b8f76464ac15cea9c2eaf23bfb992cfa8a20,4f263a161cdd009ff7f9aa88ed9be2b852772142,11,1.0
5b060701730c1e327b501f7e415107c659e4bb39,Hanger_02,womens_shorts_01M,2ef7b8f76464ac15cea9c2eaf23bfb992cfa8a20,66c09717173c555eced9e7a167f405b7d08ab18f,11,0.7272727272727273
5b060701730c1e327b501f7e415107c659e4bb39,Hanger_02,womens_stockings_01M,2ef7b8f76464ac15cea9c2eaf23bfb992cfa8a20,7ed95b3ba88443ed63f25ffe0b5fb52d78dab676,9,1.0
5b060701730c1e327b501f7e415107c659e4bb39,Hanger_02,zebra,2ef7b8f76464ac15cea9c2eaf23bfb992cfa8a20,21afbd503b5d4f9c399c4a66baef6bd6e894715f,12,1.0
5c65183429191c7b42dffdbfe8634248ded032f1,calc01,22_acoustic_guitar,1858def1a1ecf0e1de87fdbb649b8586cd9210fb,b17c9b116f73af5e54e294b1362187bb666a1737,17,0.8235294117647058
5c65183429191c7b42dffdbfe8634248ded032f1,calc01,Hanger_02,1858def1a1ecf0e1de87fdbb649b8586cd9210fb,2ef7b8f76464ac15cea9c2eaf23bfb992cfa8a20,36,1.0
5c65183429191c7b42dffdbfe8634248ded032f1,calc01,MB27346,1858def1a1ecf0e1de87fdbb649b8586cd9210fb,f3b1fb66463bf84b593dad9fd1028aa8db6f3720,19,1.0
5c65183429191c7b42dffdbfe8634248ded032f1,calc01,MB28699,1858def1a1ecf0e1de87fdbb649b8586cd9210fb,ee36e4d66958199793add93da479822f4d1164e6,20,1.0
5c65183429191c7b42dffdbfe8634248ded032f1,calc01,MB29874,1858def1a1ecf0e1de87fdbb649b8586cd9210fb,7cc042e01ac7e57de362ae777017d3e1b727c9f0,24,1.0
5c65183429191c7b42dffdbfe8634248ded032f1,calc01,MB30203,1858def1a1ecf0e1de87fdbb649b8586cd9210fb,e6e0c7209f8a7908c49f803651f7382e3a2e75c5,27,0.9629629629629629
5c65183429191c7b42dffdbfe8634248ded032f1,calc01,MB30758,1858def1a1ecf0e1de87fdbb649b8586cd9210fb,61c2291042151124f703bb567c32ab30fda22360,29,0.9310344827586207
5c65183429191c7b42dffdbfe8634248ded032f1,calc01,antique_furniture_item_18,1858def1a1ecf0e1de87fdbb649b8586cd9210fb,bad9c53885fbc5be5a358b2ae742704b9f280dfa,22,1.0
5c65183429191c7b42dffdbfe8634248ded032f1,calc01,build51,1858def1a1ecf0e1de87fdbb649b8586cd9210fb,c6a67bcc6433546d8ede05ca6b05e089509d27ed,7,1.0
5c65183429191c7b42dffdbfe8634248ded032f1,calc01,dromedary,1858def1a1ecf0e1de87fdbb649b8586cd9210fb,d47c3fb53513386e01d13c19f771ca5eb0f7da90,19,1.0
5c65183429191c7b42dffdbfe8634248ded032f1,calc01,flarenut_spanner,1858def1a1ecf0e1de87fdbb649b8586cd9210fb,3b87ec5ffc07c08a35116928a8b6ffb64390e0a4,18,1.0
5c65183429191c7b42dffdbfe8634248ded032f1,calc01,interior_details_103_4,1858def1a1ecf0e1de87fdbb649b8586cd9210fb,6c726f0ba025cab6490df5c05a6c436be87205ad,21,1.0
5c65183429191c7b42dffdbfe8634248ded032f1,calc01,interior_details_130_2,1858def1a1ecf0e1de87fdbb649b8586cd9210fb,f730e2fab41495e73bf0e665266a51a692d1ca54,21,0.9523809523809523
5c65183429191c7b42dffdbfe8634248ded032f1,calc01,kitchen_equipment_knife2,1858def1a1ecf0e1de87fdbb649b8586cd9210fb,4c406e5b2db8e63397199570ff59e65caeca5775,22,0.9545454545454546
5c65183429191c7b42dffdbfe8634248ded032f1,calc01,lo_poly_animal_BEAR_BLK,1858def1a1ecf0e1de87fdbb649b8586cd9210fb,3c6c194cc864f2a655446efa548eef153a393618,34,1.0
5c65183429191c7b42dffdbfe8634248ded032f1,calc01,lo_poly_animal_ELE_AS1,1858def1a1ecf0e1de87fdbb649b8586cd9210fb,41313a938cb781cbd60a6870530e116a9d98e48c,19,1.0
5c65183429191c7b42dffdbfe8634248ded032f1,calc01,lo_poly_animal_RHINO_2,1858def1a1ecf0e1de87fdbb649b8586cd9210fb,b87e834ba5e263774477edc6fc956070795ab1b6,15,1.0
5c65183429191c7b42dffdbfe8634248ded032f1,calc01,lo_poly_animal_TRANTULA,1858def1a1ecf0e1de87fdbb649b8586cd9210fb,8f14ff8cf138e89d90211a7811968af08d4d7098,5,1.0
5c65183429191c7b42dffdbfe8634248ded032f1,calc01,weimaraner,1858def1a1ecf0e1de87fdbb649b8586cd9210fb,4f263a161cdd009ff7f9aa88ed9be2b852772142,32,1.0
5c65183429191c7b42dffdbfe8634248ded032f1,calc01,womens_shorts_01M,1858def1a1ecf0e1de87fdbb649b8586cd9210fb,66c09717173c555eced9e7a167f405b7d08ab18f,13,0.9230769230769231
5c65183429191c7b42dffdbfe8634248ded032f1,calc01,zebra,1858def1a1ecf0e1de87fdbb649b8586cd9210fb,21afbd503b5d4f9c399c4a66baef6bd6e894715f,13,1.0
5d7f43d4df53da7dd286ec76e89b14f612533b13,22_acoustic_guitar,Hanger_02,b17c9b116f73af5e54e294b1362187bb666a1737,2ef7b8f76464ac15cea9c2eaf23bfb992cfa8a20,9,1.0
5d7f43d4df53da7dd286ec76e89b14f612533b13,22_acoustic_guitar,MB27346,b17c9b116f73af5e54e294b1362187bb666a1737,f3b1fb66463bf84b593dad9fd1028aa8db6f3720,7,0.7142857142857143
5d7f43d4df53da7dd286ec76e89b14f612533b13,22_acoustic_guitar,MB28699,b17c9b116f73af5e54e294b1362187bb666a1737,ee36e4d66958199793add93da479822f4d1164e6,16,0.8125
5d7f43d4df53da7dd286ec76e89b14f612533b13,22_acoustic_guitar,MB29874,b17c9b116f73af5e54e294b1362187bb666a1737,7cc042e01ac7e57de362ae777017d3e1b727c9f0,6,0.8333333333333334
5d7f43d4df53da7dd286ec76e89b14f612533b13,22_acoustic_guitar,MB30203,b17c9b116f73af5e54e294b1362187bb666a1737,e6e0c7209f8a7908c49f803651f7382e3a2e75c5,6,1.0
5d7f43d4df53da7dd286ec76e89b14f612533b13,22_acoustic_guitar,MB30758,b17c9b116f73af5e54e294b1362187bb666a1737,61c2291042151124f703bb567c32ab30fda22360,16,1.0
5d7f43d4df53da7dd286ec76e89b14f612533b13,22_acoustic_guitar,antique_furniture_item_18,b17c9b116f73af5e54e294b1362187bb666a1737,bad9c53885fbc5be5a358b2ae742704b9f280dfa,4,1.0
5d7f43d4df53da7dd286ec76e89b14f612533b13,22_acoustic_guitar,build51,b17c9b116f73af5e54e294b1362187bb666a1737,c6a67bcc6433546d8ede05ca6b05e089509d27ed,11,1.0
5d7f43d4df53da7dd286ec76e89b14f612533b13,22_acoustic_guitar,calc01,b17c9b116f73af5e54e294b1362187bb666a1737,1858def1a1ecf0e1de87fdbb649b8586cd9210fb,5,1.0
5d7f43d4df53da7dd286ec76e89b14f612533b13,22_acoustic_guitar,dromedary,b17c9b116f73af5e54e294b1362187bb666a1737,d47c3fb53513386e01d13c19f771ca5eb0f7da90,18,1.0
5d7f43d4df53da7dd286ec76e89b14f612533b13,22_acoustic_guitar,flarenut_spanner,b17c9b116f73af5e54e294b1362187bb666a1737,3b87ec5ffc07c08a35116928a8b6ffb64390e0a4,11,1.0
5d7f43d4df53da7dd286ec76e89b14f612533b13,22_acoustic_guitar,interior_details_103_4,b17c9b116f73af5e54e294b1362187bb666a1737,6c726f0ba025cab6490df5c05a6c436be87205ad,16,0.9375
5d7f43d4df53da7dd286ec76e89b14f612533b13,22_acoustic_guitar,interior_details_130_2,b17c9b116f73af5e54e294b1362187bb666a1737,f730e2fab41495e73bf0e665266a51a692d1ca54,14,1.0
5d7f43d4df53da7dd286ec76e89b14f612533b13,22_acoustic_guitar,kitchen_equipment_knife2,b17c9b116f73af5e54e294b1362187bb666a1737,4c406e5b2db8e63397199570ff59e65caeca5775,12,1.0
5d7f43d4df53da7dd286ec76e89b14f612533b13,22_acoustic_guitar,lo_poly_animal_BEAR_BLK,b17c9b116f73af5e54e294b1362187bb666a1737,3c6c194cc864f2a655446efa548eef153a393618,22,1.0
5d7f43d4df53da7dd286ec76e89b14f612533b13,22_acoustic_guitar,lo_poly_animal_CHICKDEE,b17c9b116f73af5e54e294b1362187bb666a1737,b95b95002cc603d8b4aec4836d1edc6b1f129efb,5,1.0
5d7f43d4df53da7dd286ec76e89b14f612533b13,22_acoustic_guitar,lo_poly_animal_ELE_AS1,b17c9b116f73af5e54e294b1362187bb666a1737,41313a938cb781cbd60a6870530e116a9d98e48c,6,1.0
5d7f43d4df53da7dd286ec76e89b14f612533b13,22_acoustic_guitar,lo_poly_animal_RHINO_2,b17c9b116f73af5e54e294b1362187bb666a1737,b87e834ba5e263774477edc6fc956070795ab1b6,8,1.0
5d7f43d4df53da7dd286ec76e89b14f612533b13,22_acoustic_guitar,lo_poly_animal_TRANTULA,b17c9b116f73af5e54e294b1362187bb666a1737,8f14ff8cf138e89d90211a7811968af08d4d7098,4,1.0
5d7f43d4df53da7dd286ec76e89b14f612533b13,22_acoustic_guitar,weimaraner,b17c9b116f73af5e54e294b1362187bb666a1737,4f263a161cdd009ff7f9aa88ed9be2b852772142,12,1.0
5d7f43d4df53da7dd286ec76e89b14f612533b13,22_acoustic_guitar,womens_shorts_01M,b17c9b116f73af5e54e294b1362187bb666a1737,66c09717173c555eced9e7a167f405b7d08ab18f,14,1.0
5d7f43d4df53da7dd286ec76e89b14f612533b13,22_acoustic_guitar,zebra,b17c9b116f73af5e54e294b1362187bb666a1737,21afbd503b5d4f9c399c4a66baef6bd6e894715f,15,1.0
5f15adb04f1584aa6f3cd191f88fcab42e8794bb,womens_shorts_01M,22_acoustic_guitar,66c09717173c555eced9e7a167f405b7d08ab18f,b17c9b116f73af5e54e294b1362187bb666a1737,10,0.7
5f15adb04f1584aa6f3cd191f88fcab42e8794bb,womens_shorts_01M,Hanger_02,66c09717173c555eced9e7a167f405b7d08ab18f,2ef7b8f76464ac15cea9c2eaf23bfb992cfa8a20,6,0.5
5f15adb04f1584aa6f3cd191f88fcab42e8794bb,womens_shorts_01M,MB27346,66c09717173c555eced9e7a167f405b7d08ab18f,f3b1fb66463bf84b593dad9fd1028aa8db6f3720,12,0.9166666666666666
5f15adb04f1584aa6f3cd191f88fcab42e8794bb,womens_shorts_01M,MB28699,66c09717173c555eced9e7a167f405b7d08ab18f,ee36e4d66958199793add93da479822f4d1164e6,10,0.8
5f15adb04f1584aa6f3cd191f88fcab42e8794bb,womens_shorts_01M,MB29874,66c09717173c555eced9e7a167f405b7d08ab18f,7cc042e01ac7e57de362ae777017d3e1b727c9f0,13,0.6923076923076923
5f15adb04f1584aa6f3cd191f88fcab42e8794bb,womens_shorts_01M,MB30203,66c09717173c555eced9e7a167f405b7d08ab18f,e6e0c7209f8a7908c49f803651f7382e3a2e75c5,10,0.7
5f15adb04f1584aa6f3cd191f88fcab42e8794bb,womens_shorts_01M,MB30758,66c09717173c555eced9e7a167f405b7d08ab18f,61c2291042151124f703bb567c32ab30fda22360,5,0.6
5f15adb04f1584aa6f3cd191f88fcab42e8794bb,womens_shorts_01M,antique_furniture_item_18,66c09717173c555eced9e7a167f405b7d08ab18f,bad9c53885fbc5be5a358b2ae742704b9f280dfa,4,0.75
5f15adb04f1584aa6f3cd191f88fcab42e8794bb,womens_shorts_01M,build51,66c09717173c555eced9e7a167f405b7d08ab18f,c6a67bcc6433546d8ede05ca6b05e089509d27ed,11,0.6363636363636364
5f15adb04f1584aa6f3cd191f88fcab42e8794bb,womens_shorts_01M,calc01,66c09717173c555eced9e7a167f405b7d08ab18f,1858def1a1ecf0e1de87fdbb649b8586cd9210fb,7,0.7142857142857143
5f15adb04f1584aa6f3cd191f88fcab42e8794bb,womens_shorts_01M,dromedary,66c09717173c555eced9e7a167f405b7d08ab18f,d47c3fb53513386e01d13c19f771ca5eb0f7da90,10,0.9
5f15adb04f1584aa6f3cd191f88fcab42e8794bb,womens_shorts_01M,flarenut_spanner,66c09717173c555eced9e7a167f405b7d08ab18f,3b87ec5ffc07c08a35116928a8b6ffb64390e0a4,17,0.8235294117647058
5f15adb04f1584aa6f3cd191f88fcab42e8794bb,womens_shorts_01M,interior_details_103_4,66c09717173c555eced9e7a167f405b7d08ab18f,6c726f0ba025cab6490df5c05a6c436be87205ad,9,0.6666666666666666
5f15adb04f1584aa6f3cd191f88fcab42e8794bb,womens_shorts_01M,interior_details_130_2,66c09717173c555eced9e7a167f405b7d08ab18f,f730e2fab41495e73bf0e665266a51a692d1ca54,11,1.0
5f15adb04f1584aa6f3cd191f88fcab42e8794bb,womens_shorts_01M,kitchen_equipment_knife2,66c09717173c555eced9e7a167f405b7d08ab18f,4c406e5b2db8e63397199570ff59e65caeca5775,10,0.6
5f15adb04f1584aa6f3cd191f88fcab42e8794bb,womens_shorts_01M,lo_poly_animal_BEAR_BLK,66c09717173c555eced9e7a167f405b7d08ab18f,3c6c194cc864f2a655446efa548eef153a393618,5,0.6
5f15adb04f1584aa6f3cd191f88fcab42e8794bb,womens_shorts_01M,lo_poly_animal_CHICKDEE,66c09717173c555eced9e7a167f405b7d08ab18f,b95b95002cc603d8b4aec4836d1edc6b1f129efb,9,0.7777777777777778
5f15adb04f1584aa6f3cd191f88fcab42e8794bb,womens_shorts_01M,lo_poly_animal_RHINO_2,66c09717173c555eced9e7a167f405b7d08ab18f,b87e834ba5e263774477edc6fc956070795ab1b6,4,0.5
5f15adb04f1584aa6f3cd191f88fcab42e8794bb,womens_shorts_01M,lo_poly_animal_TRANTULA,66c09717173c555eced9e7a167f405b7d08ab18f,8f14ff8cf138e89d90211a7811968af08d4d7098,11,0.5454545454545454
5f15adb04f1584aa6f3cd191f88fcab42e8794bb,womens_shorts_01M,weimaraner,66c09717173c555eced9e7a167f405b7d08ab18f,4f263a161cdd009ff7f9aa88ed9be2b852772142,8,0.75
5f15adb04f1584aa6f3cd191f88fcab42e8794bb,womens_shorts_01M,womens_stockings_01M,66c09717173c555eced9e7a167f405b7d08ab18f,7ed95b3ba88443ed63f25ffe0b5fb52d78dab676,9,0.6666666666666666
5f15adb04f1584aa6f3cd191f88fcab42e8794bb,womens_shorts_01M,zebra,66c09717173c555eced9e7a167f405b7d08ab18f,21afbd503b5d4f9c399c4a66baef6bd6e894715f,5,1.0
5fe303f041ea8817f282130150eb38f56a41c66f,womens_shorts_01M,22_acoustic_guitar,66c09717173c555eced9e7a167f405b7d08ab18f,b17c9b116f73af5e54e294b1362187bb666a1737,17,1.0
5fe303f041ea8817f282130150eb38f56a41c66f,womens_shorts_01M,Hanger_02,66c09717173c555eced9e7a167f405b7d08ab18f,2ef7b8f76464ac15cea9c2eaf23bfb992cfa8a20,11,1.0
5fe303f041ea8817f282130150eb38f56a41c66f,womens_shorts_01M,MB27346,66c09717173c555eced9e7a167f405b7d08ab18f,f3b1fb66463bf84b593dad9fd1028aa8db6f3720,27,1.0
5fe303f041ea8817f282130150eb38f56a41c66f,womens_shorts_01M,MB28699,66c09717173c555eced9e7a167f405b7d08ab18f,ee36e4d66958199793add93da479822f4d1164e6,13,1.0
5fe303f041ea8817f282130150eb38f56a41c66f,womens_shorts_01M,MB29874,66c09717173c555eced9e7a167f405b7d08ab18f,7cc042e01ac7e57de362ae777017d3e1b727c9f0,15,1.0
5fe303f041ea8817f282130150eb38f56a41c66f,womens_shorts_01M,MB30203,66c09717173c555eced9e7a167f405b7d08ab18f,e6e0c7209f8a7908c49f803651f7382e3a2e75c5,8,1.0
5fe303f041ea8817f282130150eb38f56a41c66f,womens_shorts_01M,MB30758,66c09717173c555eced9e7a167f405b7d08ab18f,61c2291042151124f703bb567c32ab30fda22360,14,0.9285714285714286
5fe303f041ea8817f282130150eb38f56a41c66f,womens_shorts_01M,build51,66c09717173c555eced9e7a167f405b7d08ab18f,c6a67bcc6433546d8ede05ca6b05e089509d27ed,9,1.0
5fe303f041ea8817f282130150eb38f56a41c66f,womens_shorts_01M,calc01,66c09717173c555eced9e7a167f405b7d08ab18f,1858def1a1ecf0e1de87fdbb649b8586cd9210fb,19,1.0
5fe303f041ea8817f282130150eb38f56a41c66f,womens_shorts_01M,dromedary,66c09717173c555eced9e7a167f405b7d08ab18f,d47c3fb53513386e01d13c19f771ca5eb0f7da90,13,1.0
5fe303f041ea8817f282130150eb38f56a41c66f,womens_shorts_01M,flarenut_spanner,66c09717173c555eced9e7a167f405b7d08ab18f,3b87ec5ffc07c08a35116928a8b6ffb64390e0a4,56,1.0
5fe303f041ea8817f282130150eb38f56a41c66f,womens_shorts_01M,interior_details_103_4,66c09717173c555eced9e7a167f405b7d08ab18f,6c726f0ba025cab6490df5c05a6c436be87205ad,5,1.0
5fe303f041ea8817f282130150eb38f56a41c66f,womens_shorts_01M,interior_details_130_2,66c09717173c555eced9e7a167f405b7d08ab18f,f730e2fab41495e73bf0e665266a51a692d1ca54,6,1.0
5fe303f041ea8817f282130150eb38f56a41c66f,womens_shorts_01M,kitchen_equipment_knife2,66c09717173c555eced9e7a167f405b7d08ab18f,4c406e5b2db8e63397199570ff59e65caeca5775,16,0.9375
5fe303f041ea8817f282130150eb38f56a41c66f,womens_shorts_01M,lo_poly_animal_BEAR_BLK,66c09717173c555eced9e7a167f405b7d08ab18f,3c6c194cc864f2a655446efa548eef153a393618,7,1.0
5fe303f041ea8817f282130150eb38f56a41c66f,womens_shorts_01M,lo_poly_animal_CHICKDEE,66c09717173c555eced9e7a167f405b7d08ab18f,b95b95002cc603d8b4aec4836d1edc6b1f129efb,21,1.0
5fe303f041ea8817f282130150eb38f56a41c66f,womens_shorts_01M,lo_poly_animal_ELE_AS1,66c09717173c555eced9e7a167f405b7d08ab18f,41313a938cb781cbd60a6870530e116a9d98e48c,11,0.9090909090909091
5fe303f041ea8817f282130150eb38f56a41c66f,womens_shorts_01M,lo_poly_animal_RHINO_2,66c09717173c555eced9e7a167f405b7d08ab18f,b87e834ba5e263774477edc6fc956070795ab1b6,12,0.9166666666666666
5fe303f041ea8817f282130150eb38f56a41c66f,womens_shorts_01M,lo_poly_animal_TRANTULA,66c09717173c555eced9e7a167f405b7d08ab18f,8f14ff8cf138e89d90211a7811968af08d4d7098,9,1.0
5fe303f041ea8817f282130150eb38f56a41c66f,womens_shorts_01M,weimaraner,66c09717173c555eced9e7a167f405b7d08ab18f,4f263a161cdd009ff7f9aa88ed9be2b852772142,20,1.0
5fe303f041ea8817f282130150eb38f56a41c66f,womens_shorts_01M,womens_stockings_01M,66c09717173c555eced9e7a167f405b7d08ab18f,7ed95b3ba88443ed63f25ffe0b5fb52d78dab676,9,0.8888888888888888
5fe303f041ea8817f282130150eb38f56a41c66f,womens_shorts_01M,zebra,66c09717173c555eced9e7a167f405b7d08ab18f,21afbd503b5d4f9c399c4a66baef6bd6e894715f,13,1.0
6138a465b73636683d96a6c3e4ac8e91684611a6,MB30203,22_acoustic_guitar,e6e0c7209f8a7908c49f803651f7382e3a2e75c5,b17c9b116f73af5e54e294b1362187bb666a1737,8,1.0
6138a465b73636683d96a6c3e4ac8e91684611a6,MB30203,Hanger_02,e6e0c7209f8a7908c49f803651f7382e3a2e75c5,2ef7b8f76464ac15cea9c2eaf23bfb992cfa8a20,7,0.8571428571428571
6138a465b73636683d96a6c3e4ac8e91684611a6,MB30203,MB27346,e6e0c7209f8a7908c49f803651f7382e3a2e75c5,f3b1fb66463bf84b593dad9fd1028aa8db6f3720,8,1.0
6138a465b73636683d96a6c3e4ac8e91684611a6,MB30203,MB28699,e6e0c7209f8a7908c49f803651f7382e3a2e75c5,ee36e4d66958199793add93da479822f4d1164e6,13,1.0
6138a465b73636683d96a6c3e4ac8e91684611a6,MB30203,MB29874,e6e0c7209f8a7908c49f803651f7382e3a2e75c5,7cc042e01ac7e57de362ae777017d3e1b727c9f0,5,1.0
6138a465b73636683d96a6c3e4ac8e91684611a6,MB30203,MB30758,e6e0c7209f8a7908c49f803651f7382e3a2e75c5,61c2291042151124f703bb567c32ab30fda22360,8,1.0
6138a465b73636683d96a6c3e4ac8e91684611a6,MB30203,build51,e6e0c7209f8a7908c49f803651f7382e3a2e75c5,c6a67bcc6433546d8ede05ca6b05e089509d27ed,10,1.0
6138a465b73636683d96a6c3e4ac8e91684611a6,MB30203,calc01,e6e0c7209f8a7908c49f803651f7382e3a2e75c5,1858def1a1ecf0e1de87fdbb649b8586cd9210fb,14,0.9285714285714286
6138a465b73636683d96a6c3e4ac8e91684611a6,MB30203,flarenut_spanner,e6e0c7209f8a7908c49f803651f7382e3a2e75c5,3b87ec5ffc07c08a35116928a8b6ffb64390e0a4,8,1.0
6138a465b73636683d96a6c3e4ac8e91684611a6,MB30203,interior_details_103_4,e6e0c7209f8a7908c49f803651f7382e3a2e75c5,6c726f0ba025cab6490df5c05a6c436be87205ad,10,1.0
6138a465b73636683d96a6c3e4ac8e91684611a6,MB30203,interior_details_130_2,e6e0c7209f8a7908c49f803651f7382e3a2e75c5,f730e2fab41495e73bf0e665266a51a692d1ca54,8,0.875
6138a465b73636683d96a6c3e4ac8e91684611a6,MB30203,kitchen_equipment_knife2,e6e0c7209f8a7908c49f803651f7382e3a2e75c5,4c406e5b2db8e63397199570ff59e65caeca5775,11,0.9090909090909091
6138a465b73636683d96a6c3e4ac8e91684611a6,MB30203,lo_poly_animal_BEAR_BLK,e6e0c7209f8a7908c49f803651f7382e3a2e75c5,3c6c194cc864f2a655446efa548eef153a393618,12,1.0
6138a465b73636683d96a6c3e4ac8e91684611a6,MB30203,lo_poly_animal_CHICKDEE,e6e0c7209f8a7908c49f803651f7382e3a2e75c5,b95b95002cc603d8b4aec4836d1edc6b1f129efb,13,0.8461538461538461
6138a465b73636683d96a6c3e4ac8e91684611a6,MB30203,lo_poly_animal_ELE_AS1,e6e0c7209f8a7908c49f803651f7382e3a2e75c5,41313a938cb781cbd60a6870530e116a9d98e48c,4,1.0
6138a465b73636683d96a6c3e4ac8e91684611a6,MB30203,lo_poly_animal_RHINO_2,e6e0c7209f8a7908c49f803651f7382e3a2e75c5,b87e834ba5e263774477edc6fc956070795ab1b6,7,1.0
6138a465b73636683d96a6c3e4ac8e91684611a6,MB30203,lo_poly_animal_TRANTULA,e6e0c7209f8a7908c49f803651f7382e3a2e75c5,8f14ff8cf138e89d90211a7811968af08d4d7098,15,1.0
6138a465b73636683d96a6c3e4ac8e91684611a6,MB30203,weimaraner,e6e0c7209f8a7908c49f803651f7382e3a2e75c5,4f263a161cdd009ff7f9aa88ed9be2b852772142,7,1.0
6138a465b73636683d96a6c3e4ac8e91684611a6,MB30203,womens_stockings_01M,e6e0c7209f8a7908c49f803651f7382e3a2e75c5,7ed95b3ba88443ed63f25ffe0b5fb52d78dab676,10,1.0
6138a465b73636683d96a6c3e4ac8e91684611a6,MB30203,zebra,e6e0c7209f8a7908c49f803651f7382e3a2e75c5,21afbd503b5d4f9c399c4a66baef6bd6e894715f,10,1.0
618d43e29f97df98807653ad874b754232eb28a0,22_acoustic_guitar,Hanger_02,b17c9b116f73af5e54e294b1362187bb666a1737,2ef7b8f76464ac15cea9c2eaf23bfb992cfa8a20,8,1.0
618d43e29f97df98807653ad874b754232eb28a0,22_acoustic_guitar,MB27346,b17c9b116f73af5e54e294b1362187bb666a1737,f3b1fb66463bf84b593dad9fd1028aa8db6f3720,10,1.0
618d43e29f97df98807653ad874b754232eb28a0,22_acoustic_guitar,MB28699,b17c9b116f73af5e54e294b1362187bb666a1737,ee36e4d66958199793add93da479822f4d1164e6,15,0.8666666666666667
618d43e29f97df98807653ad874b754232eb28a0,22_acoustic_guitar,MB30203,b17c9b116f73af5e54e294b1362187bb666a1737,e6e0c7209f8a7908c49f803651f7382e3a2e75c5,5,1.0
618d43e29f97df98807653ad874b754232eb28a0,22_acoustic_guitar,antique_furniture_item_18,b17c9b116f73af5e54e294b1362187bb666a1737,bad9c53885fbc5be5a358b2ae742704b9f280dfa,7,1.0
618d43e29f97df98807653ad874b754232eb28a0,22_acoustic_guitar,build51,b17c9b116f73af5e54e294b1362187bb666a1737,c6a67bcc6433546d8ede05ca6b05e089509d27ed,5,1.0
618d43e29f97df98807653ad874b754232eb28a0,22_acoustic_guitar,calc01,b17c9b116f73af5e54e294b1362187bb666a1737,1858def1a1ecf0e1de87fdbb649b8586cd9210fb,11,1.0
618d43e29f97df98807653ad874b754232eb28a0,22_acoustic_guitar,dromedary,b17c9b116f73af5e54e294b1362187bb666a1737,d47c3fb53513386e01d13c19f771ca5eb0f7da90,12,1.0
618d43e29f97df98807653ad874b754232eb28a0,22_acoustic_guitar,interior_details_103_4,b17c9b116f73af5e54e294b1362187bb666a1737,6c726f0ba025cab6490df5c05a6c436be87205ad,16,0.8125
618d43e29f97df98807653ad874b754232eb28a0,22_acoustic_guitar,interior_details_130_2,b17c9b116f73af5e54e294b1362187bb666a1737,f730e2fab41495e73bf0e665266a51a692d1ca54,6,1.0
618d43e29f97df98807653ad874b754232eb28a0,22_acoustic_guitar,kitchen_equipment_knife2,b17c9b116f73af5e54e294b1362187bb666a1737,4c406e5b2db8e63397199570ff59e65caeca5775,18,0.8888888888888888
618d43e29f97df98807653ad874b754232eb28a0,22_acoustic_guitar,lo_poly_animal_BEAR_BLK,b17c9b116f73af5e54e294b1362187bb666a1737,3c6c194cc864f2a655446efa548eef153a393618,7,1.0
618d43e29f97df98807653ad874b754232eb28a0,22_acoustic_guitar,lo_poly_animal_CHICKDEE,b17c9b116f73af5e54e294b1362187bb666a1737,b95b95002cc603d8b4aec4836d1edc6b1f129efb,6,1.0
618d43e29f97df98807653ad874b754232eb28a0,22_acoustic_guitar,lo_poly_animal_ELE_AS1,b17c9b116f73af5e54e294b1362187bb666a1737,41313a938cb781cbd60a6870530e116a9d98e48c,13,0.9230769230769231
618d43e29f97df98807653ad874b754232eb28a0,22_acoustic_guitar,lo_poly_animal_RHINO_2,b17c9b116f73af5e54e294b1362187bb666a1737,b87e834ba5e263774477edc6fc956070795ab1b6,9,0.8888888888888888
618d43e29f97df98807653ad874b754232eb28a0,22_acoustic_guitar,weimaraner,b17c9b116f73af5e54e294b1362187bb666a1737,4f263a161cdd009ff7f9aa88ed9be2b852772142,6,1.0
618d43e29f97df98807653ad874b754232eb28a0,22_acoustic_guitar,womens_shorts_01M,b17c9b116f73af5e54e294b1362187bb666a1737,66c09717173c555eced9e7a167f405b7d08ab18f,12,0.9166666666666666
618d43e29f97df98807653ad874b754232eb28a0,22_acoustic_guitar,zebra,b17c9b116f73af5e54e294b1362187bb666a1737,21afbd503b5d4f9c399c4a66baef6bd6e894715f,6,1.0
6469e19c5fe15afbde2bf0c3637203c39e186ee5,flarenut_spanner,22_acoustic_guitar,3b87ec5ffc07c08a35116928a8b6ffb64390e0a4,b17c9b116f73af5e54e294b1362187bb666a1737,7,1.0
6469e19c5fe15afbde2bf0c3637203c39e186ee5,flarenut_spanner,MB27346,3b87ec5ffc07c08a35116928a8b6ffb64390e0a4,f3b1fb66463bf84b593dad9fd1028aa8db6f3720,4,1.0
6469e19c5fe15afbde2bf0c3637203c39e186ee5,flarenut_spanner,MB28699,3b87ec5ffc07c08a35116928a8b6ffb64390e0a4,ee36e4d66958199793add93da479822f4d1164e6,9,0.8888888888888888
6469e19c5fe15afbde2bf0c3637203c39e186ee5,flarenut_spanner,MB29874,3b87ec5ffc07c08a35116928a8b6ffb64390e0a4,7cc042e01ac7e57de362ae777017d3e1b727c9f0,5,1.0
6469e19c5fe15afbde2bf0c3637203c39e186ee5,flarenut_spanner,MB30203,3b87ec5ffc07c08a35116928a8b6ffb64390e0a4,e6e0c7209f8a7908c49f803651f7382e3a2e75c5,6,1.0
6469e19c5fe15afbde2bf0c3637203c39e186ee5,flarenut_spanner,MB30758,3b87ec5ffc07c08a35116928a8b6ffb64390e0a4,61c2291042151124f703bb567c32ab30fda22360,16,0.9375
6469e19c5fe15afbde2bf0c3637203c39e186ee5,flarenut_spanner,antique_furniture_item_18,3b87ec5ffc07c08a35116928a8b6ffb64390e0a4,bad9c53885fbc5be5a358b2ae742704b9f280dfa,12,0.9166666666666666
6469e19c5fe15afbde2bf0c3637203c39e186ee5,flarenut_spanner,build51,3b87ec5ffc07c08a35116928a8b6ffb64390e0a4,c6a67bcc6433546d8ede05ca6b05e089509d27ed,13,1.0
6469e19c5fe15afbde2bf0c3637203c39e186ee5,flarenut_spanner,calc01,3b87ec5ffc07c08a35116928a8b6ffb64390e0a4,1858def1a1ecf0e1de87fdbb649b8586cd9210fb,7,1.0
6469e19c5fe15afbde2bf0c3637203c39e186ee5,flarenut_spanner,dromedary,3b87ec5ffc07c08a35116928a8b6ffb64390e0a4,d47c3fb53513386e01d13c19f771ca5eb0f7da90,7,1.0
6469e19c5fe15afbde2bf0c3637203c39e186ee5,flarenut_spanner,interior_details_103_4,3b87ec5ffc07c08a35116928a8b6ffb64390e0a4,6c726f0ba025cab6490df5c05a6c436be87205ad,30,0.9666666666666667
6469e19c5fe15afbde2bf0c3637203c39e186ee5,flarenut_spanner,interior_details_130_2,3b87ec5ffc07c08a35116928a8b6ffb64390e0a4,f730e2fab41495e73bf0e665266a51a692d1ca54,10,1.0
6469e19c5fe15afbde2bf0c3637203c39e186ee5,flarenut_spanner,kitchen_equipment_knife2,3b87ec5ffc07c08a35116928a8b6ffb64390e0a4,4c406e5b2db8e63397199570ff59e65caeca5775,17,1.0
6469e19c5fe15afbde2bf0c3637203c39e186ee5,flarenut_spanner,lo_poly_animal_BEAR_BLK,3b87ec5ffc07c08a35116928a8b6ffb64390e0a4,3c6c194cc864f2a655446efa548eef153a393618,15,0.9333333333333333
6469e19c5fe15afbde2bf0c3637203c39e186ee5,flarenut_spanner,lo_poly_animal_CHICKDEE,3b87ec5ffc07c08a35116928a8b6ffb64390e0a4,b95b95002cc603d8b4aec4836d1edc6b1f129efb,15,1.0
6469e19c5fe15afbde2bf0c3637203c39e186ee5,flarenut_spanner,lo_poly_animal_ELE_AS1,3b87ec5ffc07c08a35116928a8b6ffb64390e0a4,41313a938cb781cbd60a6870530e116a9d98e48c,11,1.0
6469e19c5fe15afbde2bf0c3637203c39e186ee5,flarenut_spanner,lo_poly_animal_RHINO_2,3b87ec5ffc07c08a35116928a8b6ffb64390e0a4,b87e834ba5e263774477edc6fc956070795ab1b6,11,1.0
6469e19c5fe15afbde2bf0c3637203c39e186ee5,flarenut_spanner,lo_poly_animal_TRANTULA,3b87ec5ffc07c08a35116928a8b6ffb64390e0a4,8f14ff8cf138e89d90211a7811968af08d4d7098,5,1.0
6469e19c5fe15afbde2bf0c3637203c39e186ee5,flarenut_spanner,weimaraner,3b87ec5ffc07c08a35116928a8b6ffb64390e0a4,4f263a161cdd009ff7f9aa88ed9be2b852772142,10,1.0
6469e19c5fe15afbde2bf0c3637203c39e186ee5,flarenut_spanner,womens_shorts_01M,3b87ec5ffc07c08a35116928a8b6ffb64390e0a4,66c09717173c555eced9e7a167f405b7d08ab18f,11,1.0
6469e19c5fe15afbde2bf0c3637203c39e186ee5,flarenut_spanner,womens_stockings_01M,3b87ec5ffc07c08a35116928a8b6ffb64390e0a4,7ed95b3ba88443ed63f25ffe0b5fb52d78dab676,22,0.9545454545454546
65e85a0f6801ad819dc75f863c045485b3fa8fa0,womens_stockings_01M,22_acoustic_guitar,7ed95b3ba88443ed63f25ffe0b5fb52d78dab676,b17c9b116f73af5e54e294b1362187bb666a1737,12,1.0
65e85a0f6801ad819dc75f863c045485b3fa8fa0,womens_stockings_01M,Hanger_02,7ed95b3ba88443ed63f25ffe0b5fb52d78dab676,2ef7b8f76464ac15cea9c2eaf23bfb992cfa8a20,5,1.0
65e85a0f6801ad819dc75f863c045485b3fa8fa0,womens_stockings_01M,MB27346,7ed95b3ba88443ed63f25ffe0b5fb52d78dab676,f3b1fb66463bf84b593dad9fd1028aa8db6f3720,7,1.0
65e85a0f6801ad819dc75f863c045485b3fa8fa0,womens_stockings_01M,MB28699,7ed95b3ba88443ed63f25ffe0b5fb52d78dab676,ee36e4d66958199793add93da479822f4d1164e6,11,1.0
65e85a0f6801ad819dc75f863c045485b3fa8fa0,womens_stockings_01M,MB30203,7ed95b3ba88443ed63f25ffe0b5fb52d78dab676,e6e0c7209f8a7908c49f803651f7382e3a2e75c5,8,0.875
65e85a0f6801ad819dc75f863c045485b3fa8fa0,womens_stockings_01M,antique_furniture_item_18,7ed95b3ba88443ed63f25ffe0b5fb52d78dab676,bad9c53885fbc5be5a358b2ae742704b9f280dfa,5,1.0
65e85a0f6801ad819dc75f863c045485b3fa8fa0,womens_stockings_01M,build51,7ed95b3ba88443ed63f25ffe0b5fb52d78dab676,c6a67bcc6433546d8ede05ca6b05e089509d27ed,10,1.0
65e85a0f6801ad819dc75f863c045485b3fa8fa0,womens_stockings_01M,calc01,7ed95b3ba88443ed63f25ffe0b5fb52d78dab676,1858def1a1ecf0e1de87fdbb649b8586cd9210fb,8,1.0
65e85a0f6801ad819dc75f863c045485b3fa8fa0,womens_stockings_01M,dromedary,7ed95b3ba88443ed63f25ffe0b5fb52d78dab676,d47c3fb53513386e01d13c19f771ca5eb0f7da90,8,1.0
65e85a0f6801ad819dc75f863c045485b3fa8fa0,womens_stockings_01M,flarenut_spanner,7ed95b3ba88443ed63f25ffe0b5fb52d78dab676,3b87ec5ffc07c08a35116928a8b6ffb64390e0a4,19,1.0
65e85a0f6801ad819dc75f863c045485b3fa8fa0,womens_stockings_01M,interior_details_103_4,7ed95b3ba88443ed63f25ffe0b5fb52d78dab676,6c726f0ba025cab6490df5c05a6c436be87205ad,4,1.0
65e85a0f6801ad819dc75f863c045485b3fa8fa0,womens_stockings_01M,interior_details_130_2,7ed95b3ba88443ed63f25ffe0b5fb52d78dab676,f730e2fab41495e73bf0e665266a51a692d1ca54,5,1.0
65e85a0f6801ad819dc75f863c045485b3fa8fa0,womens_stockings_01M,kitchen_equipment_knife2,7ed95b3ba88443ed63f25ffe0b5fb52d78dab676,4c406e5b2db8e63397199570ff59e65caeca5775,12,1.0
65e85a0f6801ad819dc75f863c045485b3fa8fa0,womens_stockings_01M,lo_poly_animal_BEAR_BLK,7ed95b3ba88443ed63f25ffe0b5fb52d78dab676,3c6c194cc864f2a655446efa548eef153a393618,4,1.0
65e85a0f6801ad819dc75f863c045485b3fa8fa0,womens_stockings_01M,lo_poly_animal_CHICKDEE,7ed95b3ba88443ed63f25ffe0b5fb52d78dab676,b95b95002cc603d8b4aec4836d1edc6b1f129efb,12,1.0
65e85a0f6801ad819dc75f863c045485b3fa8fa0,womens_stockings_01M,lo_poly_animal_ELE_AS1,7ed95b3ba88443ed63f25ffe0b5fb52d78dab676,41313a938cb781cbd60a6870530e116a9d98e48c,11,1.0
65e85a0f6801ad819dc75f863c045485b3fa8fa0,womens_stockings_01M,lo_poly_animal_RHINO_2,7ed95b3ba88443ed63f25ffe0b5fb52d78dab676,b87e834ba5e263774477edc6fc956070795ab1b6,5,1.0
65e85a0f6801ad819dc75f863c045485b3fa8fa0,womens_stockings_01M,lo_poly_animal_TRANTULA,7ed95b3ba88443ed63f25ffe0b5fb52d78dab676,8f14ff8cf138e89d90211a7811968af08d4d7098,7,1.0
65e85a0f6801ad819dc75f863c045485b3fa8fa0,womens_stockings_01M,weimaraner,7ed95b3ba88443ed63f25ffe0b5fb52d78dab676,4f263a161cdd009ff7f9aa88ed9be2b852772142,22,0.9545454545454546
65e85a0f6801ad819dc75f863c045485b3fa8fa0,womens_stockings_01M,womens_shorts_01M,7ed95b3ba88443ed63f25ffe0b5fb52d78dab676,66c09717173c555eced9e7a167f405b7d08ab18f,4,1.0
65e85a0f6801ad819dc75f863c045485b3fa8fa0,womens_stockings_01M,zebra,7ed95b3ba88443ed63f25ffe0b5fb52d78dab676,21afbd503b5d4f9c399c4a66baef6bd6e894715f,4,1.0
664c4d26b2630d80d6f6a3809f97bbf0973a210d,lo_poly_animal_TRANTULA,22_acoustic_guitar,8f14ff8cf138e89d90211a7811968af08d4d7098,b17c9b116f73af5e54e294b1362187bb666a1737,16,0.9375
664c4d26b2630d80d6f6a3809f97bbf0973a210d,lo_poly_animal_TRANTULA,Hanger_02,8f14ff8cf138e89d90211a7811968af08d4d7098,2ef7b8f76464ac15cea9c2eaf23bfb992cfa8a20,16,1.0
664c4d26b2630d80d6f6a3809f97bbf0973a210d,lo_poly_animal_TRANTULA,MB27346,8f14ff8cf138e89d90211a7811968af08d4d7098,f3b1fb66463bf84b593dad9fd1028aa8db6f3720,6,0.8333333333333334
664c4d26b2630d80d6f6a3809f97bbf0973a210d,lo_poly_animal_TRANTULA,MB28699,8f14ff8cf138e89d90211a7811968af08d4d7098,ee36e4d66958199793add93da479822f4d1164e6,14,1.0
664c4d26b2630d80d6f6a3809f97bbf0973a210d,lo_poly_animal_TRANTULA,MB29874,8f14ff8cf138e89d90211a7811968af08d4d7098,7cc042e01ac7e57de362ae777017d3e1b727c9f0,21,1.0
664c4d26b2630d80d6f6a3809f97bbf0973a210d,lo_poly_animal_TRANTULA,MB30203,8f14ff8cf138e89d90211a7811968af08d4d7098,e6e0c7209f8a7908c49f803651f7382e3a2e75c5,17,0.9411764705882353
664c4d26b2630d80d6f6a3809f97bbf0973a210d,lo_poly_animal_TRANTULA,antique_furniture_item_18,8f14ff8cf138e89d90211a7811968af08d4d7098,bad9c53885fbc5be5a358b2ae742704b9f280dfa,5,1.0
664c4d26b2630d80d6f6a3809f97bbf0973a210d,lo_poly_animal_TRANTULA,build51,8f14ff8cf138e89d90211a7811968af08d4d7098,c6a67bcc6433546d8ede05ca6b05e089509d27ed,28,1.0
664c4d26b2630d80d6f6a3809f97bbf0973a210d,lo_poly_animal_TRANTULA,calc01,8f14ff8cf138e89d90211a7811968af08d4d7098,1858def1a1ecf0e1de87fdbb649b8586cd9210fb,12,1.0
664c4d26b2630d80d6f6a3809f97bbf0973a210d,lo_poly_animal_TRANTULA,dromedary,8f14ff8cf138e89d90211a7811968af08d4d7098,d47c3fb53513386e01d13c19f771ca5eb0f7da90,16,1.0
664c4d26b2630d80d6f6a3809f97bbf0973a210d,lo_poly_animal_TRANTULA,flarenut_spanner,8f14ff8cf138e89d90211a7811968af08d4d7098,3b87ec5ffc07c08a35116928a8b6ffb64390e0a4,8,0.875
664c4d26b2630d80d6f6a3809f97bbf0973a210d,lo_poly_animal_TRANTULA,interior_details_103_4,8f14ff8cf138e89d90211a7811968af08d4d7098,6c726f0ba025cab6490df5c05a6c436be87205ad,16,1.0
664c4d26b2630d80d6f6a3809f97bbf0973a210d,lo_poly_animal_TRANTULA,interior_details_130_2,8f14ff8cf138e89d90211a7811968af08d4d7098,f730e2fab41495e73bf0e665266a51a692d1ca54,15,1.0
664c4d26b2630d80d6f6a3809f97bbf0973a210d,lo_poly_animal_TRANTULA,kitchen_equipment_knife2,8f14ff8cf138e89d90211a7811968af08d4d7098,4c406e5b2db8e63397199570ff59e65caeca5775,7,1.0
664c4d26b2630d80d6f6a3809f97bbf0973a210d,lo_poly_animal_TRANTULA,lo_poly_animal_BEAR_BLK,8f14ff8cf138e89d90211a7811968af08d4d7098,3c6c194cc864f2a655446efa548eef153a393618,14,1.0
664c4d26b2630d80d6f6a3809f97bbf0973a210d,lo_poly_animal_TRANTULA,lo_poly_animal_CHICKDEE,8f14ff8cf138e89d90211a7811968af08d4d7098,b95b95002cc603d8b4aec4836d1edc6b1f129efb,17,1.0
664c4d26b2630d80d6f6a3809f97bbf0973a210d,lo_poly_animal_TRANTULA,lo_poly_animal_ELE_AS1,8f14ff8cf138e89d90211a7811968af08d4d7098,41313a938cb781cbd60a6870530e116a9d98e48c,14,1.0
664c4d26b2630d80d6f6a3809f97bbf0973a210d,lo_poly_animal_TRANTULA,lo_poly_animal_RHINO_2,8f14ff8cf138e89d90211a7811968af08d4d7098,b87e834ba5e263774477edc6fc956070795ab1b6,11,0.9090909090909091
664c4d26b2630d80d6f6a3809f97bbf0973a210d,lo_poly_animal_TRANTULA,weimaraner,8f14ff8cf138e89d90211a7811968af08d4d7098,4f263a161cdd009ff7f9aa88ed9be2b852772142,26,0.9615384615384616
664c4d26b2630d80d6f6a3809f97bbf0973a210d,lo_poly_animal_TRANTULA,womens_stockings_01M,8f14ff8cf138e89d90211a7811968af08d4d7098,7ed95b3ba88443ed63f25ffe0b5fb52d78dab676,11,1.0
664c4d26b2630d80d6f6a3809f97bbf0973a210d,lo_poly_animal_TRANTULA,zebra,8f14ff8cf138e89d90211a7811968af08d4d7098,21afbd503b5d4f9c399c4a66baef6bd6e894715f,16,1.0
668cdc50e58e4eaf41c19e5019ce3756f2fddfc5,MB29874,22_acoustic_guitar,7cc042e01ac7e57de362ae777017d3e1b727c9f0,b17c9b116f73af5e54e294b1362187bb666a1737,19,0.9473684210526315
668cdc50e58e4eaf41c19e5019ce3756f2fddfc5,MB29874,Hanger_02,7cc042e01ac7e57de362ae777017d3e1b727c9f0,2ef7b8f76464ac15cea9c2eaf23bfb992cfa8a20,8,1.0
668cdc50e58e4eaf41c19e5019ce3756f2fddfc5,MB29874,MB27346,7cc042e01ac7e57de362ae777017d3e1b727c9f0,f3b1fb66463bf84b593dad9fd1028aa8db6f3720,7,0.8571428571428571
668cdc50e58e4eaf41c19e5019ce3756f2fddfc5,MB29874,MB28699,7cc042e01ac7e57de362ae777017d3e1b727c9f0,ee36e4d66958199793add93da479822f4d1164e6,8,1.0
668cdc50e58e4eaf41c19e5019ce3756f2fddfc5,MB29874,MB30203,7cc042e01ac7e57de362ae777017d3e1b727c9f0,e6e0c7209f8a7908c49f803651f7382e3a2e75c5,17,0.9411764705882353
668cdc50e58e4eaf41c19e5019ce3756f2fddfc5,MB29874,MB30758,7cc042e01ac7e57de362ae777017d3e1b727c9f0,61c2291042151124f703bb567c32ab30fda22360,8,0.5
668cdc50e58e4eaf41c19e5019ce3756f2fddfc5,MB29874,antique_furniture_item_18,7cc042e01ac7e57de362ae777017d3e1b727c9f0,bad9c53885fbc5be5a358b2ae742704b9f280dfa,12,1.0
668cdc50e58e4eaf41c19e5019ce3756f2fddfc5,MB29874,build51,7cc042e01ac7e57de362ae777017d3e1b727c9f0,c6a67bcc6433546d8ede05ca6b05e089509d27ed,10,1.0
668cdc50e58e4eaf41c19e5019ce3756f2fddfc5,MB29874,calc01,7cc042e01ac7e57de362ae777017d3e1b727c9f0,1858def1a1ecf0e1de87fdbb649b8586cd9210fb,14,1.0
668cdc50e58e4eaf41c19e5019ce3756f2fddfc5,MB29874,flarenut_spanner,7cc042e01ac7e57de362ae777017d3e1b727c9f0,3b87ec5ffc07c08a35116928a8b6ffb64390e0a4,10,1.0
668cdc50e58e4eaf41c19e5019ce3756f2fddfc5,MB29874,interior_details_103_4,7cc042e01ac7e57de362ae777017d3e1b727c9f0,6c726f0ba025cab6490df5c05a6c436be87205ad,19,1.0
668cdc50e58e4eaf41c19e5019ce3756f2fddfc5,MB29874,lo_poly_animal_BEAR_BLK,7cc042e01ac7e57de362ae777017d3e1b727c9f0,3c6c194cc864f2a655446efa548eef153a393618,8,1.0
668cdc50e58e4eaf41c19e5019ce3756f2fddfc5,MB29874,lo_poly_animal_CHICKDEE,7cc042e01ac7e57de362ae777017d3e1b727c9f0,b95b95002cc603d8b4aec4836d1edc6b1f129efb,4,1.0
668cdc50e58e4eaf41c19e5019ce3756f2fddfc5,MB29874,lo_poly_animal_ELE_AS1,7cc042e01ac7e57de362ae777017d3e1b727c9f0,41313a938cb781cbd60a6870530e116a9d98e48c,6,0.8333333333333334
668cdc50e58e4eaf41c19e5019ce3756f2fddfc5,MB29874,lo_poly_animal_RHINO_2,7cc042e01ac7e57de362ae777017d3e1b727c9f0,b87e834ba5e263774477edc6fc956070795ab1b6,8,1.0
668cdc50e58e4eaf41c19e5019ce3756f2fddfc5,MB29874,lo_poly_animal_TRANTULA,7cc042e01ac7e57de362ae777017d3e1b727c9f0,8f14ff8cf138e89d90211a7811968af08d4d7098,10,1.0
668cdc50e58e4eaf41c19e5019ce3756f2fddfc5,MB29874,weimaraner,7cc042e01ac7e57de362ae777017d3e1b727c9f0,4f263a161cdd009ff7f9aa88ed9be2b852772142,15,1.0
668cdc50e58e4eaf41c19e5019ce3756f2fddfc5,MB29874,womens_stockings_01M,7cc042e01ac7e57de362ae777017d3e1b727c9f0,7ed95b3ba88443ed63f25ffe0b5fb52d78dab676,5,1.0
668cdc50e58e4eaf41c19e5019ce3756f2fddfc5,MB29874,zebra,7cc042e01ac7e57de362ae777017d3e1b727c9f0,21afbd503b5d4f9c399c4a66baef6bd6e894715f,4,1.0
684e072a9fe10de2403eb3a1382d23a522d7bef4,MB30203,MB27346,e6e0c7209f8a7908c49f803651f7382e3a2e75c5,f3b1fb66463bf84b593dad9fd1028aa8db6f3720,7,1.0
684e072a9fe10de2403eb3a1382d23a522d7bef4,MB30203,MB28699,e6e0c7209f8a7908c49f803651f7382e3a2e75c5,ee36e4d66958199793add93da479822f4d1164e6,9,1.0
684e072a9fe10de2403eb3a1382d23a522d7bef4,MB30203,MB29874,e6e0c7209f8a7908c49f803651f7382e3a2e75c5,7cc042e01ac7e57de362ae777017d3e1b727c9f0,4,1.0
684e072a9fe10de2403eb3a1382d23a522d7bef4,MB30203,MB30758,e6e0c7209f8a7908c49f803651f7382e3a2e75c5,61c2291042151124f703bb567c32ab30fda22360,12,1.0
684e072a9fe10de2403eb3a1382d23a522d7bef4,MB30203,antique_furniture_item_18,e6e0c7209f8a7908c49f803651f7382e3a2e75c5,bad9c53885fbc5be5a358b2ae742704b9f280dfa,12,1.0
684e072a9fe10de2403eb3a1382d23a522d7bef4,MB30203,build51,e6e0c7209f8a7908c49f803651f7382e3a2e75c5,c6a67bcc6433546d8ede05ca6b05e089509d27ed,14,1.0
684e072a9fe10de2403eb3a1382d23a522d7bef4,MB30203,calc01,e6e0c7209f8a7908c49f803651f7382e3a2e75c5,1858def1a1ecf0e1de87fdbb649b8586cd9210fb,8,1.0
684e072a9fe10de2403eb3a1382d23a522d7bef4,MB30203,dromedary,e6e0c7209f8a7908c49f803651f7382e3a2e75c5,d47c3fb53513386e01d13c19f771ca5eb0f7da90,12,1.0
684e072a9fe10de2403eb3a1382d23a522d7bef4,MB30203,flarenut_spanner,e6e0c7209f8a7908c49f803651f7382e3a2e75c5,3b87ec5ffc07c08a35116928a8b6ffb64390e0a4,11,1.0
684e072a9fe10de2403eb3a1382d23a522d7bef4,MB30203,interior_details_103_4,e6e0c7209f8a7908c49f803651f7382e3a2e75c5,6c726f0ba025cab6490df5c05a6c436be87205ad,5,1.0
684e072a9fe10de2403eb3a1382d23a522d7bef4,MB30203,interior_details_130_2,e6e0c7209f8a7908c49f803651f7382e3a2e75c5,f730e2fab41495e73bf0e665266a51a692d1ca54,8,1.0
684e072a9fe10de2403eb3a1382d23a522d7bef4,MB30203,kitchen_equipment_knife2,e6e0c7209f8a7908c49f803651f7382e3a2e75c5,4c406e5b2db8e63397199570ff59e65caeca5775,9,1.0
684e072a9fe10de2403eb3a1382d23a522d7bef4,MB30203,lo_poly_animal_ELE_AS1,e6e0c7209f8a7908c49f803651f7382e3a2e75c5,41313a938cb781cbd60a6870530e116a9d98e48c,12,1.0
684e072a9fe10de2403eb3a1382d23a522d7bef4,MB30203,lo_poly_animal_RHINO_2,e6e0c7209f8a7908c49f803651f7382e3a2e75c5,b87e834ba5e263774477edc6fc956070795ab1b6,10,1.0
684e072a9fe10de2403eb3a1382d23a522d7bef4,MB30203,lo_poly_animal_TRANTULA,e6e0c7209f8a7908c49f803651f7382e3a2e75c5,8f14ff8cf138e89d90211a7811968af08d4d7098,10,1.0
684e072a9fe10de2403eb3a1382d23a522d7bef4,MB30203,womens_shorts_01M,e6e0c7209f8a7908c49f803651f7382e3a2e75c5,66c09717173c555eced9e7a167f405b7d08ab18f,14,1.0
684e072a9fe10de2403eb3a1382d23a522d7bef4,MB30203,womens_stockings_01M,e6e0c7209f8a7908c49f803651f7382e3a2e75c5,7ed95b3ba88443ed63f25ffe0b5fb52d78dab676,9,1.0
684e072a9fe10de2403eb3a1382d23a522d7bef4,MB30203,zebra,e6e0c7209f8a7908c49f803651f7382e3a2e75c5,21afbd503b5d4f9c399c4a66baef6bd6e894715f,5,1.0
68ecfbff0018208871c568cfc8a4204b8abc0d8a,weimaraner,22_acoustic_guitar,4f263a161cdd009ff7f9aa88ed9be2b852772142,b17c9b116f73af5e54e294b1362187bb666a1737,17,1.0
68ecfbff0018208871c568cfc8a4204b8abc0d8a,weimaraner,Hanger_02,4f263a161cdd009ff7f9aa88ed9be2b852772142,2ef7b8f76464ac15cea9c2eaf23bfb992cfa8a20,6,0.6666666666666666
68ecfbff0018208871c568cfc8a4204b8abc0d8a,weimaraner,MB27346,4f263a161cdd009ff7f9aa88ed9be2b852772142,f3b1fb66463bf84b593dad9fd1028aa8db6f3720,14,1.0
68ecfbff0018208871c568cfc8a4204b8abc0d8a,weimaraner,MB28699,4f263a161cdd009ff7f9aa88ed9be2b852772142,ee36e4d66958199793add93da479822f4d1164e6,8,1.0
68ecfbff0018208871c568cfc8a4204b8abc0d8a,weimaraner,MB29874,4f263a161cdd009ff7f9aa88ed9be2b852772142,7cc042e01ac7e57de362ae777017d3e1b727c9f0,10,0.8
68ecfbff0018208871c568cfc8a4204b8abc0d8a,weimaraner,MB30203,4f263a161cdd009ff7f9aa88ed9be2b852772142,e6e0c7209f8a7908c49f803651f7382e3a2e75c5,22,0.8636363636363636
68ecfbff0018208871c568cfc8a4204b8abc0d8a,weimaraner,MB30758,4f263a161cdd009ff7f9aa88ed9be2b852772142,61c2291042151124f703bb567c32ab30fda22360,18,1.0
68ecfbff0018208871c568cfc8a4204b8abc0d8a,weimaraner,antique_furniture_item_18,4f263a161cdd009ff7f9aa88ed9be2b852772142,bad9c53885fbc5be5a358b2ae742704b9f280dfa,12,1.0
68ecfbff0018208871c568cfc8a4204b8abc0d8a,weimaraner,build51,4f263a161cdd009ff7f9aa88ed9be2b852772142,c6a67bcc6433546d8ede05ca6b05e089509d27ed,21,0.9523809523809523
68ecfbff0018208871c568cfc8a4204b8abc0d8a,weimaraner,calc01,4f263a161cdd009ff7f9aa88ed9be2b852772142,1858def1a1ecf0e1de87fdbb649b8586cd9210fb,12,1.0
68ecfbff0018208871c568cfc8a4204b8abc0d8a,weimaraner,dromedary,4f263a161cdd009ff7f9aa88ed9be2b852772142,d47c3fb53513386e01d13c19f771ca5eb0f7da90,13,0.46153846153846156
68ecfbff0018208871c568cfc8a4204b8abc0d8a,weimaraner,flarenut_spanner,4f263a161cdd009ff7f9aa88ed9be2b852772142,3b87ec5ffc07c08a35116928a8b6ffb64390e0a4,5,0.6
68ecfbff0018208871c568cfc8a4204b8abc0d8a,weimaraner,interior_details_103_4,4f263a161cdd009ff7f9aa88ed9be2b852772142,6c726f0ba025cab6490df5c05a6c436be87205ad,14,1.0
68ecfbff0018208871c568cfc8a4204b8abc0d8a,weimaraner,interior_details_130_2,4f263a161cdd009ff7f9aa88ed9be2b852772142,f730e2fab41495e73bf0e665266a51a692d1ca54,5,1.0
68ecfbff0018208871c568cfc8a4204b8abc0d8a,weimaraner,kitchen_equipment_knife2,4f263a161cdd009ff7f9aa88ed9be2b852772142,4c406e5b2db8e63397199570ff59e65caeca5775,6,0.8333333333333334
68ecfbff0018208871c568cfc8a4204b8abc0d8a,weimaraner,lo_poly_animal_BEAR_BLK,4f263a161cdd009ff7f9aa88ed9be2b852772142,3c6c194cc864f2a655446efa548eef153a393618,8,0.875
68ecfbff0018208871c568cfc8a4204b8abc0d8a,weimaraner,lo_poly_animal_CHICKDEE,4f263a161cdd009ff7f9aa88ed9be2b852772142,b95b95002cc603d8b4aec4836d1edc6b1f129efb,15,0.8666666666666667
68ecfbff0018208871c568cfc8a4204b8abc0d8a,weimaraner,lo_poly_animal_ELE_AS1,4f263a161cdd009ff7f9aa88ed9be2b852772142,41313a938cb781cbd60a6870530e116a9d98e48c,16,0.9375
68ecfbff0018208871c568cfc8a4204b8abc0d8a,weimaraner,lo_poly_animal_TRANTULA,4f263a161cdd009ff7f9aa88ed9be2b852772142,8f14ff8cf138e89d90211a7811968af08d4d7098,4,1.0
68ecfbff0018208871c568cfc8a4204b8abc0d8a,weimaraner,womens_shorts_01M,4f263a161cdd009ff7f9aa88ed9be2b852772142,66c09717173c555eced9e7a167f405b7d08ab18f,19,1.0
68ecfbff0018208871c568cfc8a4204b8abc0d8a,weimaraner,womens_stockings_01M,4f263a161cdd009ff7f9aa88ed9be2b852772142,7ed95b3ba88443ed63f25ffe0b5fb52d78dab676,16,1.0
68ecfbff0018208871c568cfc8a4204b8abc0d8a,weimaraner,zebra,4f263a161cdd009ff7f9aa88ed9be2b852772142,21afbd503b5d4f9c399c4a66baef6bd6e894715f,15,0.9333333333333333
6a88694df1938f5443139e565cbb378da183f3e3,build51,22_acoustic_guitar,c6a67bcc6433546d8ede05ca6b05e089509d27ed,b17c9b116f73af5e54e294b1362187bb666a1737,20,1.0
6a88694df1938f5443139e565cbb378da183f3e3,build51,Hanger_02,c6a67bcc6433546d8ede05ca6b05e089509d27ed,2ef7b8f76464ac15cea9c2eaf23bfb992cfa8a20,9,1.0
6a88694df1938f5443139e565cbb378da183f3e3,build51,MB27346,c6a67bcc6433546d8ede05ca6b05e089509d27ed,f3b1fb66463bf84b593dad9fd1028aa8db6f3720,11,1.0
6a88694df1938f5443139e565cbb378da183f3e3,build51,MB28699,c6a67bcc6433546d8ede05ca6b05e089509d27ed,ee36e4d66958199793add93da479822f4d1164e6,4,1.0
6a88694df1938f5443139e565cbb378da183f3e3,build51,MB29874,c6a67bcc6433546d8ede05ca6b05e089509d27ed,7cc042e01ac7e57de362ae777017d3e1b727c9f0,13,1.0
6a88694df1938f5443139e565cbb378da183f3e3,build51,MB30203,c6a67bcc6433546d8ede05ca6b05e089509d27ed,e6e0c7209f8a7908c49f803651f7382e3a2e75c5,9,1.0
6a88694df1938f5443139e565cbb378da183f3e3,build51,antique_furniture_item_18,c6a67bcc6433546d8ede05ca6b05e089509d27ed,bad9c53885fbc5be5a358b2ae742704b9f280dfa,7,0.5714285714285714
6a88694df1938f5443139e565cbb378da183f3e3,build51,calc01,c6a67bcc6433546d8ede05ca6b05e089509d27ed,1858def1a1ecf0e1de87fdbb649b8586cd9210fb,17,0.7058823529411765
6a88694df1938f5443139e565cbb378da183f3e3,build51,flarenut_spanner,c6a67bcc6433546d8ede05ca6b05e089509d27ed,3b87ec5ffc07c08a35116928a8b6ffb64390e0a4,9,1.0
6a88694df1938f5443139e565cbb378da183f3e3,build51,interior_details_103_4,c6a67bcc6433546d8ede05ca6b05e089509d27ed,6c726f0ba025cab6490df5c05a6c436be87205ad,9,1.0
6a88694df1938f5443139e565cbb378da183f3e3,build51,interior_details_130_2,c6a67bcc6433546d8ede05ca6b05e089509d27ed,f730e2fab41495e73bf0e665266a51a692d1ca54,22,1.0
6a88694df1938f5443139e565cbb378da183f3e3,build51,kitchen_equipment_knife2,c6a67bcc6433546d8ede05ca6b05e089509d27ed,4c406e5b2db8e63397199570ff59e65caeca5775,11,1.0
6a88694df1938f5443139e565cbb378da183f3e3,build51,lo_poly_animal_BEAR_BLK,c6a67bcc6433546d8ede05ca6b05e089509d27ed,3c6c194cc864f2a655446efa548eef153a393618,18,1.0
6a88694df1938f5443139e565cbb378da183f3e3,build51,lo_poly_animal_CHICKDEE,c6a67bcc6433546d8ede05ca6b05e089509d27ed,b95b95002cc603d8b4aec4836d1edc6b1f129efb,7,0.8571428571428571
6a88694df1938f5443139e565cbb378da183f3e3,build51,lo_poly_animal_ELE_AS1,c6a67bcc6433546d8ede05ca6b05e089509d27ed,41313a938cb781cbd60a6870530e116a9d98e48c,11,1.0
6a88694df1938f5443139e565cbb378da183f3e3,build51,lo_poly_animal_RHINO_2,c6a67bcc6433546d8ede05ca6b05e089509d27ed,b87e834ba5e263774477edc6fc956070795ab1b6,6,1.0
6a88694df1938f5443139e565cbb378da183f3e3,build51,lo_poly_animal_TRANTULA,c6a67bcc6433546d8ede05ca6b05e089509d27ed,8f14ff8cf138e89d90211a7811968af08d4d7098,10,1.0
6a88694df1938f5443139e565cbb378da183f3e3,build51,weimaraner,c6a67bcc6433546d8ede05ca6b05e089509d27ed,4f263a161cdd009ff7f9aa88ed9be2b852772142,7,1.0
6a88694df1938f5443139e565cbb378da183f3e3,build51,womens_shorts_01M,c6a67bcc6433546d8ede05ca6b05e089509d27ed,66c09717173c555eced9e7a167f405b7d08ab18f,5,1.0
6a88694df1938f5443139e565cbb378da183f3e3,build51,zebra,c6a67bcc6433546d8ede05ca6b05e089509d27ed,21afbd503b5d4f9c399c4a66baef6bd6e894715f,5,1.0
6aa716c99609d095d21250729204e0f01aa8a259,zebra,22_acoustic_guitar,21afbd503b5d4f9c399c4a66baef6bd6e894715f,b17c9b116f73af5e54e294b1362187bb666a1737,10,0.9
6aa716c99609d095d21250729204e0f01aa8a259,zebra,Hanger_02,21afbd503b5d4f9c399c4a66baef6bd6e894715f,2ef7b8f76464ac15cea9c2eaf23bfb992cfa8a20,12,0.9166666666666666
6aa716c99609d095d21250729204e0f01aa8a259,zebra,MB27346,21afbd503b5d4f9c399c4a66baef6bd6e894715f,f3b1fb66463bf84b593dad9fd1028aa8db6f3720,11,0.9090909090909091
6aa716c99609d095d21250729204e0f01aa8a259,zebra,MB29874,21afbd503b5d4f9c399c4a66baef6bd6e894715f,7cc042e01ac7e57de362ae777017d3e1b727c9f0,11,0.8181818181818182
6aa716c99609d095d21250729204e0f01aa8a259,zebra,MB30203,21afbd503b5d4f9c399c4a66baef6bd6e894715f,e6e0c7209f8a7908c49f803651f7382e3a2e75c5,23,0.9130434782608695
6aa716c99609d095d21250729204e0f01aa8a259,zebra,MB30758,21afbd503b5d4f9c399c4a66baef6bd6e894715f,61c2291042151124f703bb567c32ab30fda22360,13,0.8461538461538461
6aa716c99609d095d21250729204e0f01aa8a259,zebra,antique_furniture_item_18,21afbd503b5d4f9c399c4a66baef6bd6e894715f,bad9c53885fbc5be5a358b2ae742704b9f280dfa,6,1.0
6aa716c99609d095d21250729204e0f01aa8a259,zebra,calc01,21afbd503b5d4f9c399c4a66baef6bd6e894715f,1858def1a1ecf0e1de87fdbb649b8586cd9210fb,5,0.6
6aa716c99609d095d21250729204e0f01aa8a259,zebra,dromedary,21afbd503b5d4f9c399c4a66baef6bd6e894715f,d47c3fb53513386e01d13c19f771ca5eb0f7da90,9,1.0
6aa716c99609d095d21250729204e0f01aa8a259,zebra,flarenut_spanner,21afbd503b5d4f9c399c4a66baef6bd6e894715f,3b87ec5ffc07c08a35116928a8b6ffb64390e0a4,10,1.0
6aa716c99609d095d21250729204e0f01aa8a259,zebra,interior_details_103_4,21afbd503b5d4f9c399c4a66baef6bd6e894715f,6c726f0ba025cab6490df5c05a6c436be87205ad,12,0.9166666666666666
6aa716c99609d095d21250729204e0f01aa8a259,zebra,interior_details_130_2,21afbd503b5d4f9c399c4a66baef6bd6e894715f,f730e2fab41495e73bf0e665266a51a692d1ca54,6,0.8333333333333334
6aa716c99609d095d21250729204e0f01aa8a259,zebra,kitchen_equipment_knife2,21afbd503b5d4f9c399c4a66baef6bd6e894715f,4c406e5b2db8e63397199570ff59e65caeca5775,6,0.8333333333333334
6aa716c99609d095d21250729204e0f01aa8a259,zebra,lo_poly_animal_BEAR_BLK,21afbd503b5d4f9c399c4a66baef6bd6e894715f,3c6c194cc864f2a655446efa548eef153a393618,12,1.0
6aa716c99609d095d21250729204e0f01aa8a259,zebra,lo_poly_animal_CHICKDEE,21afbd503b5d4f9c399c4a66baef6bd6e894715f,b95b95002cc603d8b4aec4836d1edc6b1f129efb,15,1.0
6aa716c99609d095d21250729204e0f01aa8a259,zebra,lo_poly_animal_RHINO_2,21afbd503b5d4f9c399c4a66baef6bd6e894715f,b87e834ba5e263774477edc6fc956070795ab1b6,4,1.0
6aa716c99609d095d21250729204e0f01aa8a259,zebra,lo_poly_animal_TRANTULA,21afbd503b5d4f9c399c4a66baef6bd6e894715f,8f14ff8cf138e89d90211a7811968af08d4d7098,4,0.75
6aa716c99609d095d21250729204e0f01aa8a259,zebra,weimaraner,21afbd503b5d4f9c399c4a66baef6bd6e894715f,4f263a161cdd009ff7f9aa88ed9be2b852772142,5,1.0
6aa716c99609d095d21250729204e0f01aa8a259,zebra,womens_shorts_01M,21afbd503b5d4f9c399c4a66baef6bd6e894715f,66c09717173c555eced9e7a167f405b7d08ab18f,11,1.0
6aa716c99609d095d21250729204e0f01aa8a259,zebra,womens_stockings_01M,21afbd503b5d4f9c399c4a66baef6bd6e894715f,7ed95b3ba88443ed63f25ffe0b5fb52d78dab676,4,1.0
6af1d49949f611b27a7f18a626b794c0879a7ca0,dromedary,22_acoustic_guitar,d47c3fb53513386e01d13c19f771ca5eb0f7da90,b17c9b116f73af5e54e294b1362187bb666a1737,5,1.0
6af1d49949f611b27a7f18a626b794c0879a7ca0,dromedary,MB28699,d47c3fb53513386e01d13c19f771ca5eb0f7da90,ee36e4d66958199793add93da479822f4d1164e6,8,1.0
6af1d49949f611b27a7f18a626b794c0879a7ca0,dromedary,MB29874,d47c3fb53513386e01d13c19f771ca5eb0f7da90,7cc042e01ac7e57de362ae777017d3e1b727c9f0,4,1.0
6af1d49949f611b27a7f18a626b794c0879a7ca0,dromedary,MB30203,d47c3fb53513386e01d13c19f771ca5eb0f7da90,e6e0c7209f8a7908c49f803651f7382e3a2e75c5,6,1.0
6af1d49949f611b27a7f18a626b794c0879a7ca0,dromedary,MB30758,d47c3fb53513386e01d13c19f771ca5eb0f7da90,61c2291042151124f703bb567c32ab30fda22360,5,1.0
6af1d49949f611b27a7f18a626b794c0879a7ca0,dromedary,antique_furniture_item_18,d47c3fb53513386e01d13c19f771ca5eb0f7da90,bad9c53885fbc5be5a358b2ae742704b9f280dfa,10,1.0
6af1d49949f611b27a7f18a626b794c0879a7ca0,dromedary,build51,d47c3fb53513386e01d13c19f771ca5eb0f7da90,c6a67bcc6433546d8ede05ca6b05e089509d27ed,11,1.0
6af1d49949f611b27a7f18a626b794c0879a7ca0,dromedary,calc01,d47c3fb53513386e01d13c19f771ca5eb0f7da90,1858def1a1ecf0e1de87fdbb649b8586cd9210fb,5,1.0
6af1d49949f611b27a7f18a626b794c0879a7ca0,dromedary,flarenut_spanner,d47c3fb53513386e01d13c19f771ca5eb0f7da90,3b87ec5ffc07c08a35116928a8b6ffb64390e0a4,5,1.0
6af1d49949f611b27a7f18a626b794c0879a7ca0,dromedary,interior_details_103_4,d47c3fb53513386e01d13c19f771ca5eb0f7da90,6c726f0ba025cab6490df5c05a6c436be87205ad,8,1.0
6af1d49949f611b27a7f18a626b794c0879a7ca0,dromedary,interior_details_130_2,d47c3fb53513386e01d13c19f771ca5eb0f7da90,f730e2fab41495e73bf0e665266a51a692d1ca54,10,1.0
6af1d49949f611b27a7f18a626b794c0879a7ca0,dromedary,kitchen_equipment_knife2,d47c3fb53513386e01d13c19f771ca5eb0f7da90,4c406e5b2db8e63397199570ff59e65caeca5775,6,1.0
6af1d49949f611b27a7f18a626b794c0879a7ca0,dromedary,lo_poly_animal_BEAR_BLK,d47c3fb53513386e01d13c19f771ca5eb0f7da90,3c6c194cc864f2a655446efa548eef153a393618,8,1.0
6af1d49949f611b27a7f18a626b794c0879a7ca0,dromedary,lo_poly_animal_ELE_AS1,d47c3fb53513386e01d13c19f771ca5eb0f7da90,41313a938cb781cbd60a6870530e116a9d98e48c,5,0.8
6af1d49949f611b27a7f18a626b794c0879a7ca0,dromedary,lo_poly_animal_RHINO_2,d47c3fb53513386e01d13c19f771ca5eb0f7da90,b87e834ba5e263774477edc6fc956070795ab1b6,14,0.7142857142857143
6af1d49949f611b27a7f18a626b794c0879a7ca0,dromedary,womens_shorts_01M,d47c3fb53513386e01d13c19f771ca5eb0f7da90,66c09717173c555eced9e7a167f405b7d08ab18f,22,0.9545454545454546
6af1d49949f611b27a7f18a626b794c0879a7ca0,dromedary,womens_stockings_01M,d47c3fb53513386e01d13c19f771ca5eb0f7da90,7ed95b3ba88443ed63f25ffe0b5fb52d78dab676,17,1.0
6af1d49949f611b27a7f18a626b794c0879a7ca0,dromedary,zebra,d47c3fb53513386e01d13c19f771ca5eb0f7da90,21afbd503b5d4f9c399c4a66baef6bd6e894715f,4,1.0
6b04e42144d0855a9e06166a2b8868b59468e77e,antique_furniture_item_18,22_acoustic_guitar,bad9c53885fbc5be5a358b2ae742704b9f280dfa,b17c9b116f73af5e54e294b1362187bb666a1737,4,1.0
6b04e42144d0855a9e06166a2b8868b59468e77e,antique_furniture_item_18,MB27346,bad9c53885fbc5be5a358b2ae742704b9f280dfa,f3b1fb66463bf84b593dad9fd1028aa8db6f3720,7,1.0
6b04e42144d0855a9e06166a2b8868b59468e77e,antique_furniture_item_18,MB28699,bad9c53885fbc5be5a358b2ae742704b9f280dfa,ee36e4d66958199793add93da479822f4d1164e6,44,0.9772727272727273
6b04e42144d0855a9e06166a2b8868b59468e77e,antique_furniture_item_18,MB30203,bad9c53885fbc5be5a358b2ae742704b9f280dfa,e6e0c7209f8a7908c49f803651f7382e3a2e75c5,9,1.0
6b04e42144d0855a9e06166a2b8868b59468e77e,antique_furniture_item_18,MB30758,bad9c53885fbc5be5a358b2ae742704b9f280dfa,61c2291042151124f703bb567c32ab30fda22360,11,0.9090909090909091
6b04e42144d0855a9e06166a2b8868b59468e77e,antique_furniture_item_18,calc01,bad9c53885fbc5be5a358b2ae742704b9f280dfa,1858def1a1ecf0e1de87fdbb649b8586cd9210fb,9,1.0
6b04e42144d0855a9e06166a2b8868b59468e77e,antique_furniture_item_18,dromedary,bad9c53885fbc5be5a358b2ae742704b9f280dfa,d47c3fb53513386e01d13c19f771ca5eb0f7da90,9,1.0
6b04e42144d0855a9e06166a2b8868b59468e77e,antique_furniture_item_18,flarenut_spanner,bad9c53885fbc5be5a358b2ae742704b9f280dfa,3b87ec5ffc07c08a35116928a8b6ffb64390e0a4,6,1.0
6b04e42144d0855a9e06166a2b8868b59468e77e,antique_furniture_item_18,interior_details_103_4,bad9c53885fbc5be5a358b2ae742704b9f280dfa,6c726f0ba025cab6490df5c05a6c436be87205ad,17,0.9411764705882353
6b04e42144d0855a9e06166a2b8868b59468e77e,antique_furniture_item_18,interior_details_130_2,bad9c53885fbc5be5a358b2ae742704b9f280dfa,f730e2fab41495e73bf0e665266a51a692d1ca54,9,1.0
6b04e42144d0855a9e06166a2b8868b59468e77e,antique_furniture_item_18,kitchen_equipment_knife2,bad9c53885fbc5be5a358b2ae742704b9f280dfa,4c406e5b2db8e63397199570ff59e65caeca5775,4,1.0
6b04e42144d0855a9e06166a2b8868b59468e77e,antique_furniture_item_18,lo_poly_animal_BEAR_BLK,bad9c53885fbc5be5a358b2ae742704b9f280dfa,3c6c194cc864f2a655446efa548eef153a393618,4,1.0
6b04e42144d0855a9e06166a2b8868b59468e77e,antique_furniture_item_18,lo_poly_animal_ELE_AS1,bad9c53885fbc5be5a358b2ae742704b9f280dfa,41313a938cb781cbd60a6870530e116a9d98e48c,7,1.0
6b04e42144d0855a9e06166a2b8868b59468e77e,antique_furniture_item_18,lo_poly_animal_RHINO_2,bad9c53885fbc5be5a358b2ae742704b9f280dfa,b87e834ba5e263774477edc6fc956070795ab1b6,6,1.0
6b04e42144d0855a9e06166a2b8868b59468e77e,antique_furniture_item_18,lo_poly_animal_TRANTULA,bad9c53885fbc5be5a358b2ae742704b9f280dfa,8f14ff8cf138e89d90211a7811968af08d4d7098,11,0.8181818181818182
6b04e42144d0855a9e06166a2b8868b59468e77e,antique_furniture_item_18,weimaraner,bad9c53885fbc5be5a358b2ae742704b9f280dfa,4f263a161cdd009ff7f9aa88ed9be2b852772142,10,1.0
6b04e42144d0855a9e06166a2b8868b59468e77e,antique_furniture_item_18,womens_shorts_01M,bad9c53885fbc5be5a358b2ae742704b9f280dfa,66c09717173c555eced9e7a167f405b7d08ab18f,24,1.0
6b04e42144d0855a9e06166a2b8868b59468e77e,antique_furniture_item_18,womens_stockings_01M,bad9c53885fbc5be5a358b2ae742704b9f280dfa,7ed95b3ba88443ed63f25ffe0b5fb52d78dab676,10,1.0
6b04e42144d0855a9e06166a2b8868b59468e77e,antique_furniture_item_18,zebra,bad9c53885fbc5be5a358b2ae742704b9f280dfa,21afbd503b5d4f9c399c4a66baef6bd6e894715f,15,1.0
6c945d3cc9bf23ec911077157784a9a3220336e7,calc01,22_acoustic_guitar,1858def1a1ecf0e1de87fdbb649b8586cd9210fb,b17c9b116f73af5e54e294b1362187bb666a1737,14,1.0
6c945d3cc9bf23ec911077157784a9a3220336e7,calc01,Hanger_02,1858def1a1ecf0e1de87fdbb649b8586cd9210fb,2ef7b8f76464ac15cea9c2eaf23bfb992cfa8a20,9,1.0
6c945d3cc9bf23ec911077157784a9a3220336e7,calc01,MB27346,1858def1a1ecf0e1de87fdbb649b8586cd9210fb,f3b1fb66463bf84b593dad9fd1028aa8db6f3720,11,0.9090909090909091
6c945d3cc9bf23ec911077157784a9a3220336e7,calc01,MB28699,1858def1a1ecf0e1de87fdbb649b8586cd9210fb,ee36e4d66958199793add93da479822f4d1164e6,14,1.0
6c945d3cc9bf23ec911077157784a9a3220336e7,calc01,MB29874,1858def1a1ecf0e1de87fdbb649b8586cd9210fb,7cc042e01ac7e57de362ae777017d3e1b727c9f0,10,1.0
6c945d3cc9bf23ec911077157784a9a3220336e7,calc01,MB30203,1858def1a1ecf0e1de87fdbb649b8586cd9210fb,e6e0c7209f8a7908c49f803651f7382e3a2e75c5,6,1.0
6c945d3cc9bf23ec911077157784a9a3220336e7,calc01,MB30758,1858def1a1ecf0e1de87fdbb649b8586cd9210fb,61c2291042151124f703bb567c32ab30fda22360,6,1.0
6c945d3cc9bf23ec911077157784a9a3220336e7,calc01,antique_furniture_item_18,1858def1a1ecf0e1de87fdbb649b8586cd9210fb,bad9c53885fbc5be5a358b2ae742704b9f280dfa,7,1.0
6c945d3cc9bf23ec911077157784a9a3220336e7,calc01,dromedary,1858def1a1ecf0e1de87fdbb649b8586cd9210fb,d47c3fb53513386e01d13c19f771ca5eb0f7da90,5,1.0
6c945d3cc9bf23ec911077157784a9a3220336e7,calc01,flarenut_spanner,1858def1a1ecf0e1de87fdbb649b8586cd9210fb,3b87ec5ffc07c08a35116928a8b6ffb64390e0a4,6,1.0
6c945d3cc9bf23ec911077157784a9a3220336e7,calc01,interior_details_103_4,1858def1a1ecf0e1de87fdbb649b8586cd9210fb,6c726f0ba025cab6490df5c05a6c436be87205ad,4,1.0
6c945d3cc9bf23ec911077157784a9a3220336e7,calc01,interior_details_130_2,1858def1a1ecf0e1de87fdbb649b8586cd9210fb,f730e2fab41495e73bf0e665266a51a692d1ca54,9,1.0
6c945d3cc9bf23ec911077157784a9a3220336e7,calc01,kitchen_equipment_knife2,1858def1a1ecf0e1de87fdbb649b8586cd9210fb,4c406e5b2db8e63397199570ff59e65caeca5775,8,1.0
6c945d3cc9bf23ec911077157784a9a3220336e7,calc01,lo_poly_animal_BEAR_BLK,1858def1a1ecf0e1de87fdbb649b8586cd9210fb,3c6c194cc864f2a655446efa548eef153a393618,8,1.0
6c945d3cc9bf23ec911077157784a9a3220336e7,calc01,lo_poly_animal_CHICKDEE,1858def1a1ecf0e1de87fdbb649b8586cd9210fb,b95b95002cc603d8b4aec4836d1edc6b1f129efb,17,1.0
6c945d3cc9bf23ec911077157784a9a3220336e7,calc01,lo_poly_animal_ELE_AS1,1858def1a1ecf0e1de87fdbb649b8586cd9210fb,41313a938cb781cbd60a6870530e116a9d98e48c,18,1.0
6c945d3cc9bf23ec911077157784a9a3220336e7,calc01,lo_poly_animal_RHINO_2,1858def1a1ecf0e1de87fdbb649b8586cd9210fb,b87e834ba5e263774477edc6fc956070795ab1b6,13,1.0
6c945d3cc9bf23ec911077157784a9a3220336e7,calc01,lo_poly_animal_TRANTULA,1858def1a1ecf0e1de87fdbb649b8586cd9210fb,8f14ff8cf138e89d90211a7811968af08d4d7098,5,1.0
6c945d3cc9bf23ec911077157784a9a3220336e7,calc01,weimaraner,1858def1a1ecf0e1de87fdbb649b8586cd9210fb,4f263a161cdd009ff7f9aa88ed9be2b852772142,14,1.0
6c945d3cc9bf23ec911077157784a9a3220336e7,calc01,womens_shorts_01M,1858def1a1ecf0e1de87fdbb649b8586cd9210fb,66c09717173c555eced9e7a167f405b7d08ab18f,12,1.0
6c945d3cc9bf23ec911077157784a9a3220336e7,calc01,womens_stockings_01M,1858def1a1ecf0e1de87fdbb649b8586cd9210fb,7ed95b3ba88443ed63f25ffe0b5fb52d78dab676,13,1.0
6c945d3cc9bf23ec911077157784a9a3220336e7,calc01,zebra,1858def1a1ecf0e1de87fdbb649b8586cd9210fb,21afbd503b5d4f9c399c4a66baef6bd6e894715f,13,1.0
6cc1a8f2ada3786f79b0874f8c59bc8dac30dc3d,Hanger_02,22_acoustic_guitar,2ef7b8f76464ac15cea9c2eaf23bfb992cfa8a20,b17c9b116f73af5e54e294b1362187bb666a1737,9,0.3333333333333333
6cc1a8f2ada3786f79b0874f8c59bc8dac30dc3d,Hanger_02,MB27346,2ef7b8f76464ac15cea9c2eaf23bfb992cfa8a20,f3b1fb66463bf84b593dad9fd1028aa8db6f3720,7,0.2857142857142857
6cc1a8f2ada3786f79b0874f8c59bc8dac30dc3d,Hanger_02,MB28699,2ef7b8f76464ac15cea9c2eaf23bfb992cfa8a20,ee36e4d66958199793add93da479822f4d1164e6,9,0.6666666666666666
6cc1a8f2ada3786f79b0874f8c59bc8dac30dc3d,Hanger_02,MB29874,2ef7b8f76464ac15cea9c2eaf23bfb992cfa8a20,7cc042e01ac7e57de362ae777017d3e1b727c9f0,10,0.4
6cc1a8f2ada3786f79b0874f8c59bc8dac30dc3d,Hanger_02,MB30203,2ef7b8f76464ac15cea9c2eaf23bfb992cfa8a20,e6e0c7209f8a7908c49f803651f7382e3a2e75c5,13,0.6923076923076923
6cc1a8f2ada3786f79b0874f8c59bc8dac30dc3d,Hanger_02,build51,2ef7b8f76464ac15cea9c2eaf23bfb992cfa8a20,c6a67bcc6433546d8ede05ca6b05e089509d27ed,9,0.8888888888888888
6cc1a8f2ada3786f79b0874f8c59bc8dac30dc3d,Hanger_02,calc01,2ef7b8f76464ac15cea9c2eaf23bfb992cfa8a20,1858def1a1ecf0e1de87fdbb649b8586cd9210fb,15,1.0
6cc1a8f2ada3786f79b0874f8c59bc8dac30dc3d,Hanger_02,dromedary,2ef7b8f76464ac15cea9c2eaf23bfb992cfa8a20,d47c3fb53513386e01d13c19f771ca5eb0f7da90,12,0.5833333333333334
6cc1a8f2ada3786f79b0874f8c59bc8dac30dc3d,Hanger_02,flarenut_spanner,2ef7b8f76464ac15cea9c2eaf23bfb992cfa8a20,3b87ec5ffc07c08a35116928a8b6ffb64390e0a4,13,0.46153846153846156
6cc1a8f2ada3786f79b0874f8c59bc8dac30dc3d,Hanger_02,interior_details_103_4,2ef7b8f76464ac15cea9c2eaf23bfb992cfa8a20,6c726f0ba025cab6490df5c05a6c436be87205ad,15,0.7333333333333333
6cc1a8f2ada3786f79b0874f8c59bc8dac30dc3d,Hanger_02,interior_details_130_2,2ef7b8f76464ac15cea9c2eaf23bfb992cfa8a20,f730e2fab41495e73bf0e665266a51a692d1ca54,22,0.5
6cc1a8f2ada3786f79b0874f8c59bc8dac30dc3d,Hanger_02,kitchen_equipment_knife2,2ef7b8f76464ac15cea9c2eaf23bfb992cfa8a20,4c406e5b2db8e63397199570ff59e65caeca5775,7,0.2857142857142857
6cc1a8f2ada3786f79b0874f8c59bc8dac30dc3d,Hanger_02,lo_poly_animal_BEAR_BLK,2ef7b8f76464ac15cea9c2eaf23bfb992cfa8a20,3c6c194cc864f2a655446efa548eef153a393618,9,0.5555555555555556
6cc1a8f2ada3786f79b0874f8c59bc8dac30dc3d,Hanger_02,lo_poly_animal_CHICKDEE,2ef7b8f76464ac15cea9c2eaf23bfb992cfa8a20,b95b95002cc603d8b4aec4836d1edc6b1f129efb,12,0.5
6cc1a8f2ada3786f79b0874f8c59bc8dac30dc3d,Hanger_02,lo_poly_animal_ELE_AS1,2ef7b8f76464ac15cea9c2eaf23bfb992cfa8a20,41313a938cb781cbd60a6870530e116a9d98e48c,12,0.5833333333333334
6cc1a8f2ada3786f79b0874f8c59bc8dac30dc3d,Hanger_02,lo_poly_animal_RHINO_2,2ef7b8f76464ac15cea9c2eaf23bfb992cfa8a20,b87e834ba5e263774477edc6fc956070795ab1b6,5,0.6
6cc1a8f2ada3786f79b0874f8c59bc8dac30dc3d,Hanger_02,lo_poly_animal_TRANTULA,2ef7b8f76464ac15cea9c2eaf23bfb992cfa8a20,8f14ff8cf138e89d90211a7811968af08d4d7098,6,0.8333333333333334
6cc1a8f2ada3786f79b0874f8c59bc8dac30dc3d,Hanger_02,weimaraner,2ef7b8f76464ac15cea9c2eaf23bfb992cfa8a20,4f263a161cdd009ff7f9aa88ed9be2b852772142,6,0.6666666666666666
6cc1a8f2ada3786f79b0874f8c59bc8dac30dc3d,Hanger_02,womens_shorts_01M,2ef7b8f76464ac15cea9c2eaf23bfb992cfa8a20,66c09717173c555eced9e7a167f405b7d08ab18f,4,0.5
6cc1a8f2ada3786f79b0874f8c59bc8dac30dc3d,Hanger_02,womens_stockings_01M,2ef7b8f76464ac15cea9c2eaf23bfb992cfa8a20,7ed95b3ba88443ed63f25ffe0b5fb52d78dab676,10,0.8
6cc1a8f2ada3786f79b0874f8c59bc8dac30dc3d,Hanger_02,zebra,2ef7b8f76464ac15cea9c2eaf23bfb992cfa8a20,21afbd503b5d4f9c399c4a66baef6bd6e894715f,17,0.5294117647058824
6db6345a09c64828f1c623cf58dca13ab7f98773,22_acoustic_guitar,Hanger_02,b17c9b116f73af5e54e294b1362187bb666a1737,2ef7b8f76464ac15cea9c2eaf23bfb992cfa8a20,18,0.7777777777777778
6db6345a09c64828f1c623cf58dca13ab7f98773,22_acoustic_guitar,MB27346,b17c9b116f73af5e54e294b1362187bb666a1737,f3b1fb66463bf84b593dad9fd1028aa8db6f3720,6,0.6666666666666666
6db6345a09c64828f1c623cf58dca13ab7f98773,22_acoustic_guitar,MB28699,b17c9b116f73af5e54e294b1362187bb666a1737,ee36e4d66958199793add93da479822f4d1164e6,20,0.85
6db6345a09c64828f1c623cf58dca13ab7f98773,22_acoustic_guitar,MB29874,b17c9b116f73af5e54e294b1362187bb666a1737,7cc042e01ac7e57de362ae777017d3e1b727c9f0,6,0.8333333333333334
6db6345a09c64828f1c623cf58dca13ab7f98773,22_acoustic_guitar,MB30203,b17c9b116f73af5e54e294b1362187bb666a1737,e6e0c7209f8a7908c49f803651f7382e3a2e75c5,7,1.0
6db6345a09c64828f1c623cf58dca13ab7f98773,22_acoustic_guitar,MB30758,b17c9b116f73af5e54e294b1362187bb666a1737,61c2291042151124f703bb567c32ab30fda22360,14,0.9285714285714286
6db6345a09c64828f1c623cf58dca13ab7f98773,22_acoustic_guitar,antique_furniture_item_18,b17c9b116f73af5e54e294b1362187bb666a1737,bad9c53885fbc5be5a358b2ae742704b9f280dfa,5,1.0
6db6345a09c64828f1c623cf58dca13ab7f98773,22_acoustic_guitar,build51,b17c9b116f73af5e54e294b1362187bb666a1737,c6a67bcc6433546d8ede05ca6b05e089509d27ed,16,1.0
6db6345a09c64828f1c623cf58dca13ab7f98773,22_acoustic_guitar,calc01,b17c9b116f73af5e54e294b1362187bb666a1737,1858def1a1ecf0e1de87fdbb649b8586cd9210fb,11,0.9090909090909091
6db6345a09c64828f1c623cf58dca13ab7f98773,22_acoustic_guitar,dromedary,b17c9b116f73af5e54e294b1362187bb666a1737,d47c3fb53513386e01d13c19f771ca5eb0f7da90,16,1.0
6db6345a09c64828f1c623cf58dca13ab7f98773,22_acoustic_guitar,flarenut_spanner,b17c9b116f73af5e54e294b1362187bb666a1737,3b87ec5ffc07c08a35116928a8b6ffb64390e0a4,4,0.75
6db6345a09c64828f1c623cf58dca13ab7f98773,22_acoustic_guitar,interior_details_103_4,b17c9b116f73af5e54e294b1362187bb666a1737,6c726f0ba025cab6490df5c05a6c436be87205ad,6,1.0
6db6345a09c64828f1c623cf58dca13ab7f98773,22_acoustic_guitar,interior_details_130_2,b17c9b116f73af5e54e294b1362187bb666a1737,f730e2fab41495e73bf0e665266a51a692d1ca54,9,0.7777777777777778
6db6345a09c64828f1c623cf58dca13ab7f98773,22_acoustic_guitar,kitchen_equipment_knife2,b17c9b116f73af5e54e294b1362187bb666a1737,4c406e5b2db8e63397199570ff59e65caeca5775,6,0.8333333333333334
6db6345a09c64828f1c623cf58dca13ab7f98773,22_acoustic_guitar,lo_poly_animal_BEAR_BLK,b17c9b116f73af5e54e294b1362187bb666a1737,3c6c194cc864f2a655446efa548eef153a393618,16,1.0
6db6345a09c64828f1c623cf58dca13ab7f98773,22_acoustic_guitar,lo_poly_animal_CHICKDEE,b17c9b116f73af5e54e294b1362187bb666a1737,b95b95002cc603d8b4aec4836d1edc6b1f129efb,10,1.0
6db6345a09c64828f1c623cf58dca13ab7f98773,22_acoustic_guitar,lo_poly_animal_ELE_AS1,b17c9b116f73af5e54e294b1362187bb666a1737,41313a938cb781cbd60a6870530e116a9d98e48c,6,1.0
6db6345a09c64828f1c623cf58dca13ab7f98773,22_acoustic_guitar,lo_poly_animal_RHINO_2,b17c9b116f73af5e54e294b1362187bb666a1737,b87e834ba5e263774477edc6fc956070795ab1b6,7,0.8571428571428571
6db6345a09c64828f1c623cf58dca13ab7f98773,22_acoustic_guitar,weimaraner,b17c9b116f73af5e54e294b1362187bb666a1737,4f263a161cdd009ff7f9aa88ed9be2b852772142,13,1.0
6db6345a09c64828f1c623cf58dca13ab7f98773,22_acoustic_guitar,womens_stockings_01M,b17c9b116f73af5e54e294b1362187bb666a1737,7ed95b3ba88443ed63f25ffe0b5fb52d78dab676,5,1.0
6db6345a09c64828f1c623cf58dca13ab7f98773,22_acoustic_guitar,zebra,b17c9b116f73af5e54e294b1362187bb666a1737,21afbd503b5d4f9c399c4a66baef6bd6e894715f,12,0.9166666666666666
70a83a089e51c54bffc42b4c409cf44354ab8d9f,MB28699,22_acoustic_guitar,ee36e4d66958199793add93da479822f4d1164e6,b17c9b116f73af5e54e294b1362187bb666a1737,13,1.0
70a83a089e51c54bffc42b4c409cf44354ab8d9f,MB28699,Hanger_02,ee36e4d66958199793add93da479822f4d1164e6,2ef7b8f76464ac15cea9c2eaf23bfb992cfa8a20,10,1.0
70a83a089e51c54bffc42b4c409cf44354ab8d9f,MB28699,MB27346,ee36e4d66958199793add93da479822f4d1164e6,f3b1fb66463bf84b593dad9fd1028aa8db6f3720,4,1.0
70a83a089e51c54bffc42b4c409cf44354ab8d9f,MB28699,MB29874,ee36e4d66958199793add93da479822f4d1164e6,7cc042e01ac7e57de362ae777017d3e1b727c9f0,14,1.0
70a83a089e51c54bffc42b4c409cf44354ab8d9f,MB28699,MB30203,ee36e4d66958199793add93da479822f4d1164e6,e6e0c7209f8a7908c49f803651f7382e3a2e75c5,10,1.0
70a83a089e51c54bffc42b4c409cf44354ab8d9f,MB28699,MB30758,ee36e4d66958199793add93da479822f4d1164e6,61c2291042151124f703bb567c32ab30fda22360,15,1.0
70a83a089e51c54bffc42b4c409cf44354ab8d9f,MB28699,antique_furniture_item_18,ee36e4d66958199793add93da479822f4d1164e6,bad9c53885fbc5be5a358b2ae742704b9f280dfa,7,1.0
70a83a089e51c54bffc42b4c409cf44354ab8d9f,MB28699,build51,ee36e4d66958199793add93da479822f4d1164e6,c6a67bcc6433546d8ede05ca6b05e089509d27ed,24,1.0
70a83a089e51c54bffc42b4c409cf44354ab8d9f,MB28699,calc01,ee36e4d66958199793add93da479822f4d1164e6,1858def1a1ecf0e1de87fdbb649b8586cd9210fb,22,1.0
70a83a089e51c54bffc42b4c409cf44354ab8d9f,MB28699,dromedary,ee36e4d66958199793add93da479822f4d1164e6,d47c3fb53513386e01d13c19f771ca5eb0f7da90,6,1.0
70a83a089e51c54bffc42b4c409cf44354ab8d9f,MB28699,flarenut_spanner,ee36e4d66958199793add93da479822f4d1164e6,3b87ec5ffc07c08a35116928a8b6ffb64390e0a4,10,1.0
70a83a089e51c54bffc42b4c409cf44354ab8d9f,MB28699,interior_details_103_4,ee36e4d66958199793add93da479822f4d1164e6,6c726f0ba025cab6490df5c05a6c436be87205ad,16,0.9375
70a83a089e51c54bffc42b4c409cf44354ab8d9f,MB28699,interior_details_130_2,ee36e4d66958199793add93da479822f4d1164e6,f730e2fab41495e73bf0e665266a51a692d1ca54,18,0.8888888888888888
70a83a089e51c54bffc42b4c409cf44354ab8d9f,MB28699,kitchen_equipment_knife2,ee36e4d66958199793add93da479822f4d1164e6,4c406e5b2db8e63397199570ff59e65caeca5775,4,1.0
70a83a089e51c54bffc42b4c409cf44354ab8d9f,MB28699,lo_poly_animal_BEAR_BLK,ee36e4d66958199793add93da479822f4d1164e6,3c6c194cc864f2a655446efa548eef153a393618,14,1.0
70a83a089e51c54bffc42b4c409cf44354ab8d9f,MB28699,lo_poly_animal_CHICKDEE,ee36e4d66958199793add93da479822f4d1164e6,b95b95002cc603d8b4aec4836d1edc6b1f129efb,12,1.0
70a83a089e51c54bffc42b4c409cf44354ab8d9f,MB28699,lo_poly_animal_ELE_AS1,ee36e4d66958199793add93da479822f4d1164e6,41313a938cb781cbd60a6870530e116a9d98e48c,20,1.0
70a83a089e51c54bffc42b4c409cf44354ab8d9f,MB28699,lo_poly_animal_RHINO_2,ee36e4d66958199793add93da479822f4d1164e6,b87e834ba5e263774477edc6fc956070795ab1b6,9,1.0
70a83a089e51c54bffc42b4c409cf44354ab8d9f,MB28699,lo_poly_animal_TRANTULA,ee36e4d66958199793add93da479822f4d1164e6,8f14ff8cf138e89d90211a7811968af08d4d7098,9,1.0
70a83a089e51c54bffc42b4c409cf44354ab8d9f,MB28699,weimaraner,ee36e4d66958199793add93da479822f4d1164e6,4f263a161cdd009ff7f9aa88ed9be2b852772142,5,1.0
70a83a089e51c54bffc42b4c409cf44354ab8d9f,MB28699,womens_shorts_01M,ee36e4d66958199793add93da479822f4d1164e6,66c09717173c555eced9e7a167f405b7d08ab18f,11,1.0
70a83a089e51c54bffc42b4c409cf44354ab8d9f,MB28699,womens_stockings_01M,ee36e4d66958199793add93da479822f4d1164e6,7ed95b3ba88443ed63f25ffe0b5fb52d78dab676,11,0.9090909090909091
70a83a089e51c54bffc42b4c409cf44354ab8d9f,MB28699,zebra,ee36e4d66958199793add93da479822f4d1164e6,21afbd503b5d4f9c399c4a66baef6bd6e894715f,9,1.0
71b745e41370b470511a90dd743c65f912660661,zebra,22_acoustic_guitar,21afbd503b5d4f9c399c4a66baef6bd6e894715f,b17c9b116f73af5e54e294b1362187bb666a1737,8,1.0
71b745e41370b470511a90dd743c65f912660661,zebra,Hanger_02,21afbd503b5d4f9c399c4a66baef6bd6e894715f,2ef7b8f76464ac15cea9c2eaf23bfb992cfa8a20,6,1.0
71b745e41370b470511a90dd743c65f912660661,zebra,MB27346,21afbd503b5d4f9c399c4a66baef6bd6e894715f,f3b1fb66463bf84b593dad9fd1028aa8db6f3720,4,1.0
71b745e41370b470511a90dd743c65f912660661,zebra,MB28699,21afbd503b5d4f9c399c4a66baef6bd6e894715f,ee36e4d66958199793add93da479822f4d1164e6,13,1.0
71b745e41370b470511a90dd743c65f912660661,zebra,MB29874,21afbd503b5d4f9c399c4a66baef6bd6e894715f,7cc042e01ac7e57de362ae777017d3e1b727c9f0,8,1.0
71b745e41370b470511a90dd743c65f912660661,zebra,MB30203,21afbd503b5d4f9c399c4a66baef6bd6e894715f,e6e0c7209f8a7908c49f803651f7382e3a2e75c5,16,1.0
71b745e41370b470511a90dd743c65f912660661,zebra,MB30758,21afbd503b5d4f9c399c4a66baef6bd6e894715f,61c2291042151124f703bb567c32ab30fda22360,10,1.0
71b745e41370b470511a90dd743c65f912660661,zebra,antique_furniture_item_18,21afbd503b5d4f9c399c4a66baef6bd6e894715f,bad9c53885fbc5be5a358b2ae742704b9f280dfa,11,1.0
71b745e41370b470511a90dd743c65f912660661,zebra,build51,21afbd503b5d4f9c399c4a66baef6bd6e894715f,c6a67bcc6433546d8ede05ca6b05e089509d27ed,23,0.9565217391304348
71b745e41370b470511a90dd743c65f912660661,zebra,calc01,21afbd503b5d4f9c399c4a66baef6bd6e894715f,1858def1a1ecf0e1de87fdbb649b8586cd9210fb,6,1.0
71b745e41370b470511a90dd743c65f912660661,zebra,dromedary,21afbd503b5d4f9c399c4a66baef6bd6e894715f,d47c3fb53513386e01d13c19f771ca5eb0f7da90,7,1.0
71b745e41370b470511a90dd743c65f912660661,zebra,flarenut_spanner,21afbd503b5d4f9c399c4a66baef6bd6e894715f,3b87ec5ffc07c08a35116928a8b6ffb64390e0a4,9,1.0
71b745e41370b470511a90dd743c65f912660661,zebra,interior_details_103_4,21afbd503b5d4f9c399c4a66baef6bd6e894715f,6c726f0ba025cab6490df5c05a6c436be87205ad,11,0.9090909090909091
71b745e41370b470511a90dd743c65f912660661,zebra,interior_details_130_2,21afbd503b5d4f9c399c4a66baef6bd6e894715f,f730e2fab41495e73bf0e665266a51a692d1ca54,12,1.0
71b745e41370b470511a90dd743c65f912660661,zebra,kitchen_equipment_knife2,21afbd503b5d4f9c399c4a66baef6bd6e894715f,4c406e5b2db8e63397199570ff59e65caeca5775,13,1.0
71b745e41370b470511a90dd743c65f912660661,zebra,lo_poly_animal_BEAR_BLK,21afbd503b5d4f9c399c4a66baef6bd6e894715f,3c6c194cc864f2a655446efa548eef153a393618,15,0.9333333333333333
71b745e41370b470511a90dd743c65f912660661,zebra,lo_poly_animal_CHICKDEE,21afbd503b5d4f9c399c4a66baef6bd6e894715f,b95b95002cc603d8b4aec4836d1edc6b1f129efb,10,1.0
71b745e41370b470511a90dd743c65f912660661,zebra,lo_poly_animal_RHINO_2,21afbd503b5d4f9c399c4a66baef6bd6e894715f,b87e834ba5e263774477edc6fc956070795ab1b6,7,1.0
71b745e41370b470511a90dd743c65f912660661,zebra,lo_poly_animal_TRANTULA,21afbd503b5d4f9c399c4a66baef6bd6e894715f,8f14ff8cf138e89d90211a7811968af08d4d7098,6,0.8333333333333334
71b745e41370b470511a90dd743c65f912660661,zebra,weimaraner,21afbd503b5d4f9c399c4a66baef6bd6e894715f,4f263a161cdd009ff7f9aa88ed9be2b852772142,14,1.0
71b745e41370b470511a90dd743c65f912660661,zebra,womens_shorts_01M,21afbd503b5d4f9c399c4a66baef6bd6e894715f,66c09717173c555eced9e7a167f405b7d08ab18f,6,1.0
71b745e41370b470511a90dd743c65f912660661,zebra,womens_stockings_01M,21afbd503b5d4f9c399c4a66baef6bd6e894715f,7ed95b3ba88443ed63f25ffe0b5fb52d78dab676,9,1.0
72587e366b1cf575cbf221d9108be63422201ce2,MB29874,22_acoustic_guitar,7cc042e01ac7e57de362ae777017d3e1b727c9f0,b17c9b116f73af5e54e294b1362187bb666a1737,16,1.0
72587e366b1cf575cbf221d9108be63422201ce2,MB29874,Hanger_02,7cc042e01ac7e57de362ae777017d3e1b727c9f0,2ef7b8f76464ac15cea9c2eaf23bfb992cfa8a20,22,1.0
72587e366b1cf575cbf221d9108be63422201ce2,MB29874,MB27346,7cc042e01ac7e57de362ae777017d3e1b727c9f0,f3b1fb66463bf84b593dad9fd1028aa8db6f3720,11,1.0
72587e366b1cf575cbf221d9108be63422201ce2,MB29874,MB28699,7cc042e01ac7e57de362ae777017d3e1b727c9f0,ee36e4d66958199793add93da479822f4d1164e6,5,1.0
72587e366b1cf575cbf221d9108be63422201ce2,MB29874,MB30203,7cc042e01ac7e57de362ae777017d3e1b727c9f0,e6e0c7209f8a7908c49f803651f7382e3a2e75c5,30,0.9666666666666667
72587e366b1cf575cbf221d9108be63422201ce2,MB29874,MB30758,7cc042e01ac7e57de362ae777017d3e1b727c9f0,61c2291042151124f703bb567c32ab30fda22360,26,0.8846153846153846
72587e366b1cf575cbf221d9108be63422201ce2,MB29874,antique_furniture_item_18,7cc042e01ac7e57de362ae777017d3e1b727c9f0,bad9c53885fbc5be5a358b2ae742704b9f280dfa,22,0.9545454545454546
72587e366b1cf575cbf221d9108be63422201ce2,MB29874,build51,7cc042e01ac7e57de362ae777017d3e1b727c9f0,c6a67bcc6433546d8ede05ca6b05e089509d27ed,9,0.8888888888888888
72587e366b1cf575cbf221d9108be63422201ce2,MB29874,calc01,7cc042e01ac7e57de362ae777017d3e1b727c9f0,1858def1a1ecf0e1de87fdbb649b8586cd9210fb,19,1.0
72587e366b1cf575cbf221d9108be63422201ce2,MB29874,dromedary,7cc042e01ac7e57de362ae777017d3e1b727c9f0,d47c3fb53513386e01d13c19f771ca5eb0f7da90,19,1.0
72587e366b1cf575cbf221d9108be63422201ce2,MB29874,flarenut_spanner,7cc042e01ac7e57de362ae777017d3e1b727c9f0,3b87ec5ffc07c08a35116928a8b6ffb64390e0a4,7,1.0
72587e366b1cf575cbf221d9108be63422201ce2,MB29874,interior_details_103_4,7cc042e01ac7e57de362ae777017d3e1b727c9f0,6c726f0ba025cab6490df5c05a6c436be87205ad,5,1.0
72587e366b1cf575cbf221d9108be63422201ce2,MB29874,interior_details_130_2,7cc042e01ac7e57de362ae777017d3e1b727c9f0,f730e2fab41495e73bf0e665266a51a692d1ca54,20,1.0
72587e366b1cf575cbf221d9108be63422201ce2,MB29874,kitchen_equipment_knife2,7cc042e01ac7e57de362ae777017d3e1b727c9f0,4c406e5b2db8e63397199570ff59e65caeca5775,16,1.0
72587e366b1cf575cbf221d9108be63422201ce2,MB29874,lo_poly_animal_BEAR_BLK,7cc042e01ac7e57de362ae777017d3e1b727c9f0,3c6c194cc864f2a655446efa548eef153a393618,6,1.0
72587e366b1cf575cbf221d9108be63422201ce2,MB29874,lo_poly_animal_CHICKDEE,7cc042e01ac7e57de362ae777017d3e1b727c9f0,b95b95002cc603d8b4aec4836d1edc6b1f129efb,7,0.8571428571428571
72587e366b1cf575cbf221d9108be63422201ce2,MB29874,lo_poly_animal_ELE_AS1,7cc042e01ac7e57de362ae777017d3e1b727c9f0,41313a938cb781cbd60a6870530e116a9d98e48c,9,1.0
72587e366b1cf575cbf221d9108be63422201ce2,MB29874,lo_poly_animal_RHINO_2,7cc042e01ac7e57de362ae777017d3e1b727c9f0,b87e834ba5e263774477edc6fc956070795ab1b6,19,1.0
72587e366b1cf575cbf221d9108be63422201ce2,MB29874,lo_poly_animal_TRANTULA,7cc042e01ac7e57de362ae777017d3e1b727c9f0,8f14ff8cf138e89d90211a7811968af08d4d7098,20,1.0
72587e366b1cf575cbf221d9108be63422201ce2,MB29874,womens_shorts_01M,7cc042e01ac7e57de362ae777017d3e1b727c9f0,66c09717173c555eced9e7a167f405b7d08ab18f,10,1.0
72587e366b1cf575cbf221d9108be63422201ce2,MB29874,womens_stockings_01M,7cc042e01ac7e57de362ae777017d3e1b727c9f0,7ed95b3ba88443ed63f25ffe0b5fb52d78dab676,10,1.0
72587e366b1cf575cbf221d9108be63422201ce2,MB29874,zebra,7cc042e01ac7e57de362ae777017d3e1b727c9f0,21afbd503b5d4f9c399c4a66baef6bd6e894715f,17,0.9411764705882353
733ab2968025b377830457e73249a293f3d7a1ca,weimaraner,22_acoustic_guitar,4f263a161cdd009ff7f9aa88ed9be2b852772142,b17c9b116f73af5e54e294b1362187bb666a1737,32,1.0
733ab2968025b377830457e73249a293f3d7a1ca,weimaraner,Hanger_02,4f263a161cdd009ff7f9aa88ed9be2b852772142,2ef7b8f76464ac15cea9c2eaf23bfb992cfa8a20,5,1.0
733ab2968025b377830457e73249a293f3d7a1ca,weimaraner,MB27346,4f263a161cdd009ff7f9aa88ed9be2b852772142,f3b1fb66463bf84b593dad9fd1028aa8db6f3720,12,1.0
733ab2968025b377830457e73249a293f3d7a1ca,weimaraner,MB28699,4f263a161cdd009ff7f9aa88ed9be2b852772142,ee36e4d66958199793add93da479822f4d1164e6,6,1.0
733ab2968025b377830457e73249a293f3d7a1ca,weimaraner,MB29874,4f263a161cdd009ff7f9aa88ed9be2b852772142,7cc042e01ac7e57de362ae777017d3e1b727c9f0,13,0.9230769230769231
733ab2968025b377830457e73249a293f3d7a1ca,weimaraner,MB30203,4f263a161cdd009ff7f9aa88ed9be2b852772142,e6e0c7209f8a7908c49f803651f7382e3a2e75c5,6,0.6666666666666666
733ab2968025b377830457e73249a293f3d7a1ca,weimaraner,MB30758,4f263a161cdd009ff7f9aa88ed9be2b852772142,61c2291042151124f703bb567c32ab30fda22360,16,1.0
733ab2968025b377830457e73249a293f3d7a1ca,weimaraner,antique_furniture_item_18,4f263a161cdd009ff7f9aa88ed9be2b852772142,bad9c53885fbc5be5a358b2ae742704b9f280dfa,16,0.9375
733ab2968025b377830457e73249a293f3d7a1ca,weimaraner,calc01,4f263a161cdd009ff7f9aa88ed9be2b852772142,1858def1a1ecf0e1de87fdbb649b8586cd9210fb,6,1.0
733ab2968025b377830457e73249a293f3d7a1ca,weimaraner,dromedary,4f263a161cdd009ff7f9aa88ed9be2b852772142,d47c3fb53513386e01d13c19f771ca5eb0f7da90,17,0.7058823529411765
733ab2968025b377830457e73249a293f3d7a1ca,weimaraner,flarenut_spanner,4f263a161cdd009ff7f9aa88ed9be2b852772142,3b87ec5ffc07c08a35116928a8b6ffb64390e0a4,5,1.0
733ab2968025b377830457e73249a293f3d7a1ca,weimaraner,interior_details_130_2,4f263a161cdd009ff7f9aa88ed9be2b852772142,f730e2fab41495e73bf0e665266a51a692d1ca54,9,1.0
733ab2968025b377830457e73249a293f3d7a1ca,weimaraner,kitchen_equipment_knife2,4f263a161cdd009ff7f9aa88ed9be2b852772142,4c406e5b2db8e63397199570ff59e65caeca5775,26,0.9230769230769231
733ab2968025b377830457e73249a293f3d7a1ca,weimaraner,lo_poly_animal_ELE_AS1,4f263a161cdd009ff7f9aa88ed9be2b852772142,41313a938cb781cbd60a6870530e116a9d98e48c,5,1.0
733ab2968025b377830457e73249a293f3d7a1ca,weimaraner,lo_poly_animal_RHINO_2,4f263a161cdd009ff7f9aa88ed9be2b852772142,b87e834ba5e263774477edc6fc956070795ab1b6,10,0.6
733ab2968025b377830457e73249a293f3d7a1ca,weimaraner,lo_poly_animal_TRANTULA,4f263a161cdd009ff7f9aa88ed9be2b852772142,8f14ff8cf138e89d90211a7811968af08d4d7098,7,1.0
733ab2968025b377830457e73249a293f3d7a1ca,weimaraner,womens_shorts_01M,4f263a161cdd009ff7f9aa88ed9be2b852772142,66c09717173c555eced9e7a167f405b7d08ab18f,6,1.0
733ab2968025b377830457e73249a293f3d7a1ca,weimaraner,womens_stockings_01M,4f263a161cdd009ff7f9aa88ed9be2b852772142,7ed95b3ba88443ed63f25ffe0b5fb52d78dab676,6,1.0
733ab2968025b377830457e73249a293f3d7a1ca,weimaraner,zebra,4f263a161cdd009ff7f9aa88ed9be2b852772142,21afbd503b5d4f9c399c4a66baef6bd6e894715f,15,0.9333333333333333
734d11cdb1209d8fbe3ad2d393fe0146ead6fe6c,MB30758,22_acoustic_guitar,61c2291042151124f703bb567c32ab30fda22360,b17c9b116f73af5e54e294b1362187bb666a1737,7,1.0
734d11cdb1209d8fbe3ad2d393fe0146ead6fe6c,MB30758,Hanger_02,61c2291042151124f703bb567c32ab30fda22360,2ef7b8f76464ac15cea9c2eaf23bfb992cfa8a20,12,0.9166666666666666
734d11cdb1209d8fbe3ad2d393fe0146ead6fe6c,MB30758,MB27346,61c2291042151124f703bb567c32ab30fda22360,f3b1fb66463bf84b593dad9fd1028aa8db6f3720,25,0.92
734d11cdb1209d8fbe3ad2d393fe0146ead6fe6c,MB30758,MB28699,61c2291042151124f703bb567c32ab30fda22360,ee36e4d66958199793add93da479822f4d1164e6,9,1.0
734d11cdb1209d8fbe3ad2d393fe0146ead6fe6c,MB30758,MB29874,61c2291042151124f703bb567c32ab30fda22360,7cc042e01ac7e57de362ae777017d3e1b727c9f0,9,1.0
734d11cdb1209d8fbe3ad2d393fe0146ead6fe6c,MB30758,MB30203,61c2291042151124f703bb567c32ab30fda22360,e6e0c7209f8a7908c49f803651f7382e3a2e75c5,32,0.96875
734d11cdb1209d8fbe3ad2d393fe0146ead6fe6c,MB30758,antique_furniture_item_18,61c2291042151124f703bb567c32ab30fda22360,bad9c53885fbc5be5a358b2ae742704b9f280dfa,12,0.75
734d11cdb1209d8fbe3ad2d393fe0146ead6fe6c,MB30758,build51,61c2291042151124f703bb567c32ab30fda22360,c6a67bcc6433546d8ede05ca6b05e089509d27ed,8,1.0
734d11cdb1209d8fbe3ad2d393fe0146ead6fe6c,MB30758,calc01,61c2291042151124f703bb567c32ab30fda22360,1858def1a1ecf0e1de87fdbb649b8586cd9210fb,19,0.6842105263157895
734d11cdb1209d8fbe3ad2d393fe0146ead6fe6c,MB30758,dromedary,61c2291042151124f703bb567c32ab30fda22360,d47c3fb53513386e01d13c19f771ca5eb0f7da90,7,1.0
734d11cdb1209d8fbe3ad2d393fe0146ead6fe6c,MB30758,flarenut_spanner,61c2291042151124f703bb567c32ab30fda22360,3b87ec5ffc07c08a35116928a8b6ffb64390e0a4,10,1.0
734d11cdb1209d8fbe3ad2d393fe0146ead6fe6c,MB30758,interior_details_103_4,61c2291042151124f703bb567c32ab30fda22360,6c726f0ba025cab6490df5c05a6c436be87205ad,21,1.0
734d11cdb1209d8fbe3ad2d393fe0146ead6fe6c,MB30758,interior_details_130_2,61c2291042151124f703bb567c32ab30fda22360,f730e2fab41495e73bf0e665266a51a692d1ca54,23,0.9130434782608695
734d11cdb1209d8fbe3ad2d393fe0146ead6fe6c,MB30758,kitchen_equipment_knife2,61c2291042151124f703bb567c32ab30fda22360,4c406e5b2db8e63397199570ff59e65caeca5775,26,0.9230769230769231
734d11cdb1209d8fbe3ad2d393fe0146ead6fe6c,MB30758,lo_poly_animal_BEAR_BLK,61c2291042151124f703bb567c32ab30fda22360,3c6c194cc864f2a655446efa548eef153a393618,13,1.0
734d11cdb1209d8fbe3ad2d393fe0146ead6fe6c,MB30758,lo_poly_animal_CHICKDEE,61c2291042151124f703bb567c32ab30fda22360,b95b95002cc603d8b4aec4836d1edc6b1f129efb,7,0.8571428571428571
734d11cdb1209d8fbe3ad2d393fe0146ead6fe6c,MB30758,lo_poly_animal_ELE_AS1,61c2291042151124f703bb567c32ab30fda22360,41313a938cb781cbd60a6870530e116a9d98e48c,28,0.9642857142857143
734d11cdb1209d8fbe3ad2d393fe0146ead6fe6c,MB30758,lo_poly_animal_RHINO_2,61c2291042151124f703bb567c32ab30fda22360,b87e834ba5e263774477edc6fc956070795ab1b6,20,1.0
734d11cdb1209d8fbe3ad2d393fe0146ead6fe6c,MB30758,lo_poly_animal_TRANTULA,61c2291042151124f703bb567c32ab30fda22360,8f14ff8cf138e89d90211a7811968af08d4d7098,16,0.9375
734d11cdb1209d8fbe3ad2d393fe0146ead6fe6c,MB30758,weimaraner,61c2291042151124f703bb567c32ab30fda22360,4f263a161cdd009ff7f9aa88ed9be2b852772142,11,0.9090909090909091
734d11cdb1209d8fbe3ad2d393fe0146ead6fe6c,MB30758,womens_shorts_01M,61c2291042151124f703bb567c32ab30fda22360,66c09717173c555eced9e7a167f405b7d08ab18f,31,0.967741935483871
734d11cdb1209d8fbe3ad2d393fe0146ead6fe6c,MB30758,womens_stockings_01M,61c2291042151124f703bb567c32ab30fda22360,7ed95b3ba88443ed63f25ffe0b5fb52d78dab676,22,0.9090909090909091
746722be8101b2275cdca500e6164a9240a374fb,zebra,22_acoustic_guitar,21afbd503b5d4f9c399c4a66baef6bd6e894715f,b17c9b116f73af5e54e294b1362187bb666a1737,9,1.0
746722be8101b2275cdca500e6164a9240a374fb,zebra,MB28699,21afbd503b5d4f9c399c4a66baef6bd6e894715f,ee36e4d66958199793add93da479822f4d1164e6,6,1.0
746722be8101b2275cdca500e6164a9240a374fb,zebra,MB29874,21afbd503b5d4f9c399c4a66baef6bd6e894715f,7cc042e01ac7e57de362ae777017d3e1b727c9f0,9,1.0
746722be8101b2275cdca500e6164a9240a374fb,zebra,MB30203,21afbd503b5d4f9c399c4a66baef6bd6e894715f,e6e0c7209f8a7908c49f803651f7382e3a2e75c5,16,1.0
746722be8101b2275cdca500e6164a9240a374fb,zebra,MB30758,21afbd503b5d4f9c399c4a66baef6bd6e894715f,61c2291042151124f703bb567c32ab30fda22360,9,1.0
746722be8101b2275cdca500e6164a9240a374fb,zebra,antique_furniture_item_18,21afbd503b5d4f9c399c4a66baef6bd6e894715f,bad9c53885fbc5be5a358b2ae742704b9f280dfa,9,1.0
746722be8101b2275cdca500e6164a9240a374fb,zebra,build51,21afbd503b5d4f9c399c4a66baef6bd6e894715f,c6a67bcc6433546d8ede05ca6b05e089509d27ed,7,1.0
746722be8101b2275cdca500e6164a9240a374fb,zebra,calc01,21afbd503b5d4f9c399c4a66baef6bd6e894715f,1858def1a1ecf0e1de87fdbb649b8586cd9210fb,18,1.0
746722be8101b2275cdca500e6164a9240a374fb,zebra,dromedary,21afbd503b5d4f9c399c4a66baef6bd6e894715f,d47c3fb53513386e01d13c19f771ca5eb0f7da90,6,1.0
746722be8101b2275cdca500e6164a9240a374fb,zebra,interior_details_103_4,21afbd503b5d4f9c399c4a66baef6bd6e894715f,6c726f0ba025cab6490df5c05a6c436be87205ad,11,1.0
746722be8101b2275cdca500e6164a9240a374fb,zebra,interior_details_130_2,21afbd503b5d4f9c399c4a66baef6bd6e894715f,f730e2fab41495e73bf0e665266a51a692d1ca54,19,1.0
746722be8101b2275cdca500e6164a9240a374fb,zebra,kitchen_equipment_knife2,21afbd503b5d4f9c399c4a66baef6bd6e894715f,4c406e5b2db8e63397199570ff59e65caeca5775,15,1.0
746722be8101b2275cdca500e6164a9240a374fb,zebra,lo_poly_animal_BEAR_BLK,21afbd503b5d4f9c399c4a66baef6bd6e894715f,3c6c194cc864f2a655446efa548eef153a393618,12,1.0
746722be8101b2275cdca500e6164a9240a374fb,zebra,lo_poly_animal_CHICKDEE,21afbd503b5d4f9c399c4a66baef6bd6e894715f,b95b95002cc603d8b4aec4836d1edc6b1f129efb,6,1.0
746722be8101b2275cdca500e6164a9240a374fb,zebra,lo_poly_animal_ELE_AS1,21afbd503b5d4f9c399c4a66baef6bd6e894715f,41313a938cb781cbd60a6870530e116a9d98e48c,9,1.0
746722be8101b2275cdca500e6164a9240a374fb,zebra,lo_poly_animal_RHINO_2,21afbd503b5d4f9c399c4a66baef6bd6e894715f,b87e834ba5e263774477edc6fc956070795ab1b6,4,1.0
746722be8101b2275cdca500e6164a9240a374fb,zebra,lo_poly_animal_TRANTULA,21afbd503b5d4f9c399c4a66baef6bd6e894715f,8f14ff8cf138e89d90211a7811968af08d4d7098,8,1.0
746722be8101b2275cdca500e6164a9240a374fb,zebra,weimaraner,21afbd503b5d4f9c399c4a66baef6bd6e894715f,4f263a161cdd009ff7f9aa88ed9be2b852772142,7,0.8571428571428571
746722be8101b2275cdca500e6164a9240a374fb,zebra,womens_shorts_01M,21afbd503b5d4f9c399c4a66baef6bd6e894715f,66c09717173c555eced9e7a167f405b7d08ab18f,10,1.0
746722be8101b2275cdca500e6164a9240a374fb,zebra,womens_stockings_01M,21afbd503b5d4f9c399c4a66baef6bd6e894715f,7ed95b3ba88443ed63f25ffe0b5fb52d78dab676,10,1.0
7471ed42733cf4cd8517e7875e3b4e74fdcc006a,interior_details_130_2,22_acoustic_guitar,f730e2fab41495e73bf0e665266a51a692d1ca54,b17c9b116f73af5e54e294b1362187bb666a1737,15,0.8666666666666667
7471ed42733cf4cd8517e7875e3b4e74fdcc006a,interior_details_130_2,Hanger_02,f730e2fab41495e73bf0e665266a51a692d1ca54,2ef7b8f76464ac15cea9c2eaf23bfb992cfa8a20,15,0.9333333333333333
7471ed42733cf4cd8517e7875e3b4e74fdcc006a,interior_details_130_2,MB28699,f730e2fab41495e73bf0e665266a51a692d1ca54,ee36e4d66958199793add93da479822f4d1164e6,15,1.0
7471ed42733cf4cd8517e7875e3b4e74fdcc006a,interior_details_130_2,MB29874,f730e2fab41495e73bf0e665266a51a692d1ca54,7cc042e01ac7e57de362ae777017d3e1b727c9f0,13,0.9230769230769231
7471ed42733cf4cd8517e7875e3b4e74fdcc006a,interior_details_130_2,MB30758,f730e2fab41495e73bf0e665266a51a692d1ca54,61c2291042151124f703bb567c32ab30fda22360,5,1.0
7471ed42733cf4cd8517e7875e3b4e74fdcc006a,interior_details_130_2,antique_furniture_item_18,f730e2fab41495e73bf0e665266a51a692d1ca54,bad9c53885fbc5be5a358b2ae742704b9f280dfa,10,1.0
7471ed42733cf4cd8517e7875e3b4e74fdcc006a,interior_details_130_2,build51,f730e2fab41495e73bf0e665266a51a692d1ca54,c6a67bcc6433546d8ede05ca6b05e089509d27ed,8,0.875
7471ed42733cf4cd8517e7875e3b4e74fdcc006a,interior_details_130_2,calc01,f730e2fab41495e73bf0e665266a51a692d1ca54,1858def1a1ecf0e1de87fdbb649b8586cd9210fb,11,1.0
7471ed42733cf4cd8517e7875e3b4e74fdcc006a,interior_details_130_2,dromedary,f730e2fab41495e73bf0e665266a51a692d1ca54,d47c3fb53513386e01d13c19f771ca5eb0f7da90,9,1.0
7471ed42733cf4cd8517e7875e3b4e74fdcc006a,interior_details_130_2,flarenut_spanner,f730e2fab41495e73bf0e665266a51a692d1ca54,3b87ec5ffc07c08a35116928a8b6ffb64390e0a4,18,0.9444444444444444
7471ed42733cf4cd8517e7875e3b4e74fdcc006a,interior_details_130_2,interior_details_103_4,f730e2fab41495e73bf0e665266a51a692d1ca54,6c726f0ba025cab6490df5c05a6c436be87205ad,14,1.0
7471ed42733cf4cd8517e7875e3b4e74fdcc006a,interior_details_130_2,kitchen_equipment_knife2,f730e2fab41495e73bf0e665266a51a692d1ca54,4c406e5b2db8e63397199570ff59e65caeca5775,9,1.0
7471ed42733cf4cd8517e7875e3b4e74fdcc006a,interior_details_130_2,lo_poly_animal_BEAR_BLK,f730e2fab41495e73bf0e665266a51a692d1ca54,3c6c194cc864f2a655446efa548eef153a393618,17,0.9411764705882353
7471ed42733cf4cd8517e7875e3b4e74fdcc006a,interior_details_130_2,lo_poly_animal_CHICKDEE,f730e2fab41495e73bf0e665266a51a692d1ca54,b95b95002cc603d8b4aec4836d1edc6b1f129efb,5,0.8
7471ed42733cf4cd8517e7875e3b4e74fdcc006a,interior_details_130_2,lo_poly_animal_ELE_AS1,f730e2fab41495e73bf0e665266a51a692d1ca54,41313a938cb781cbd60a6870530e116a9d98e48c,21,1.0
7471ed42733cf4cd8517e7875e3b4e74fdcc006a,interior_details_130_2,lo_poly_animal_RHINO_2,f730e2fab41495e73bf0e665266a51a692d1ca54,b87e834ba5e263774477edc6fc956070795ab1b6,19,0.8421052631578947
7471ed42733cf4cd8517e7875e3b4e74fdcc006a,interior_details_130_2,lo_poly_animal_TRANTULA,f730e2fab41495e73bf0e665266a51a692d1ca54,8f14ff8cf138e89d90211a7811968af08d4d7098,19,1.0
7471ed42733cf4cd8517e7875e3b4e74fdcc006a,interior_details_130_2,weimaraner,f730e2fab41495e73bf0e665266a51a692d1ca54,4f263a161cdd009ff7f9aa88ed9be2b852772142,12,1.0
7471ed42733cf4cd8517e7875e3b4e74fdcc006a,interior_details_130_2,womens_shorts_01M,f730e2fab41495e73bf0e665266a51a692d1ca54,66c09717173c555eced9e7a167f405b7d08ab18f,10,1.0
7471ed42733cf4cd8517e7875e3b4e74fdcc006a,interior_details_130_2,womens_stockings_01M,f730e2fab41495e73bf0e665266a51a692d1ca54,7ed95b3ba88443ed63f25ffe0b5fb52d78dab676,7,0.8571428571428571
7471ed42733cf4cd8517e7875e3b4e74fdcc006a,interior_details_130_2,zebra,f730e2fab41495e73bf0e665266a51a692d1ca54,21afbd503b5d4f9c399c4a66baef6bd6e894715f,7,1.0
76a3323ccec787b08b35a6e406829b028057e91a,interior_details_103_4,22_acoustic_guitar,6c726f0ba025cab6490df5c05a6c436be87205ad,b17c9b116f73af5e54e294b1362187bb666a1737,15,0.8666666666666667
76a3323ccec787b08b35a6e406829b028057e91a,interior_details_103_4,Hanger_02,6c726f0ba025cab6490df5c05a6c436be87205ad,2ef7b8f76464ac15cea9c2eaf23bfb992cfa8a20,7,0.8571428571428571
76a3323ccec787b08b35a6e406829b028057e91a,interior_details_103_4,MB27346,6c726f0ba025cab6490df5c05a6c436be87205ad,f3b1fb66463bf84b593dad9fd1028aa8db6f3720,10,0.6
76a3323ccec787b08b35a6e406829b028057e91a,interior_details_103_4,MB28699,6c726f0ba025cab6490df5c05a6c436be87205ad,ee36e4d66958199793add93da479822f4d1164e6,18,0.7777777777777778
76a3323ccec787b08b35a6e406829b028057e91a,interior_details_103_4,MB29874,6c726f0ba025cab6490df5c05a6c436be87205ad,7cc042e01ac7e57de362ae777017d3e1b727c9f0,8,0.5
76a3323ccec787b08b35a6e406829b028057e91a,interior_details_103_4,MB30203,6c726f0ba025cab6490df5c05a6c436be87205ad,e6e0c7209f8a7908c49f803651f7382e3a2e75c5,14,0.8571428571428571
76a3323ccec787b08b35a6e406829b028057e91a,interior_details_103_4,MB30758,6c726f0ba025cab6490df5c05a6c436be87205ad,61c2291042151124f703bb567c32ab30fda22360,10,0.7
76a3323ccec787b08b35a6e406829b028057e91a,interior_details_103_4,antique_furniture_item_18,6c726f0ba025cab6490df5c05a6c436be87205ad,bad9c53885fbc5be5a358b2ae742704b9f280dfa,10,0.7
76a3323ccec787b08b35a6e406829b028057e91a,interior_details_103_4,build51,6c726f0ba025cab6490df5c05a6c436be87205ad,c6a67bcc6433546d8ede05ca6b05e089509d27ed,14,0.9285714285714286
76a3323ccec787b08b35a6e406829b028057e91a,interior_details_103_4,calc01,6c726f0ba025cab6490df5c05a6c436be87205ad,1858def1a1ecf0e1de87fdbb649b8586cd9210fb,18,0.9444444444444444
76a3323ccec787b08b35a6e406829b028057e91a,interior_details_103_4,dromedary,6c726f0ba025cab6490df5c05a6c436be87205ad,d47c3fb53513386e01d13c19f771ca5eb0f7da90,15,0.8666666666666667
76a3323ccec787b08b35a6e406829b028057e91a,interior_details_103_4,flarenut_spanner,6c726f0ba025cab6490df5c05a6c436be87205ad,3b87ec5ffc07c08a35116928a8b6ffb64390e0a4,18,0.8333333333333334
76a3323ccec787b08b35a6e406829b028057e91a,interior_details_103_4,interior_details_130_2,6c726f0ba025cab6490df5c05a6c436be87205ad,f730e2fab41495e73bf0e665266a51a692d1ca54,11,0.9090909090909091
76a3323ccec787b08b35a6e406829b028057e91a,interior_details_103_4,kitchen_equipment_knife2,6c726f0ba025cab6490df5c05a6c436be87205ad,4c406e5b2db8e63397199570ff59e65caeca5775,4,0.75
76a3323ccec787b08b35a6e406829b028057e91a,interior_details_103_4,lo_poly_animal_BEAR_BLK,6c726f0ba025cab6490df5c05a6c436be87205ad,3c6c194cc864f2a655446efa548eef153a393618,4,1.0
76a3323ccec787b08b35a6e406829b028057e91a,interior_details_103_4,lo_poly_animal_CHICKDEE,6c726f0ba025cab6490df5c05a6c436be87205ad,b95b95002cc603d8b4aec4836d1edc6b1f129efb,10,1.0
76a3323ccec787b08b35a6e406829b028057e91a,interior_details_103_4,lo_poly_animal_ELE_AS1,6c726f0ba025cab6490df5c05a6c436be87205ad,41313a938cb781cbd60a6870530e116a9d98e48c,4,1.0
76a3323ccec787b08b35a6e406829b028057e91a,interior_details_103_4,lo_poly_animal_RHINO_2,6c726f0ba025cab6490df5c05a6c436be87205ad,b87e834ba5e263774477edc6fc956070795ab1b6,8,0.875
76a3323ccec787b08b35a6e406829b028057e91a,interior_details_103_4,lo_poly_animal_TRANTULA,6c726f0ba025cab6490df5c05a6c436be87205ad,8f14ff8cf138e89d90211a7811968af08d4d7098,8,0.875
76a3323ccec787b08b35a6e406829b028057e91a,interior_details_103_4,weimaraner,6c726f0ba025cab6490df5c05a6c436be87205ad,4f263a161cdd009ff7f9aa88ed9be2b852772142,4,0.75
76a3323ccec787b08b35a6e406829b028057e91a,interior_details_103_4,womens_shorts_01M,6c726f0ba025cab6490df5c05a6c436be87205ad,66c09717173c555eced9e7a167f405b7d08ab18f,8,1.0
76a3323ccec787b08b35a6e406829b028057e91a,interior_details_103_4,womens_stockings_01M,6c726f0ba025cab6490df5c05a6c436be87205ad,7ed95b3ba88443ed63f25ffe0b5fb52d78dab676,8,0.875
76a3323ccec787b08b35a6e406829b028057e91a,interior_details_103_4,zebra,6c726f0ba025cab6490df5c05a6c436be87205ad,21afbd503b5d4f9c399c4a66baef6bd6e894715f,17,1.0
76f0485fa57973537a5024b3804a5566c9bd17e4,lo_poly_animal_BEAR_BLK,22_acoustic_guitar,3c6c194cc864f2a655446efa548eef153a393618,b17c9b116f73af5e54e294b1362187bb666a1737,18,1.0
76f0485fa57973537a5024b3804a5566c9bd17e4,lo_poly_animal_BEAR_BLK,Hanger_02,3c6c194cc864f2a655446efa548eef153a393618,2ef7b8f76464ac15cea9c2eaf23bfb992cfa8a20,39,1.0
76f0485fa57973537a5024b3804a5566c9bd17e4,lo_poly_animal_BEAR_BLK,MB27346,3c6c194cc864f2a655446efa548eef153a393618,f3b1fb66463bf84b593dad9fd1028aa8db6f3720,6,1.0
76f0485fa57973537a5024b3804a5566c9bd17e4,lo_poly_animal_BEAR_BLK,MB28699,3c6c194cc864f2a655446efa548eef153a393618,ee36e4d66958199793add93da479822f4d1164e6,7,1.0
76f0485fa57973537a5024b3804a5566c9bd17e4,lo_poly_animal_BEAR_BLK,MB30203,3c6c194cc864f2a655446efa548eef153a393618,e6e0c7209f8a7908c49f803651f7382e3a2e75c5,5,1.0
76f0485fa57973537a5024b3804a5566c9bd17e4,lo_poly_animal_BEAR_BLK,MB30758,3c6c194cc864f2a655446efa548eef153a393618,61c2291042151124f703bb567c32ab30fda22360,7,1.0
76f0485fa57973537a5024b3804a5566c9bd17e4,lo_poly_animal_BEAR_BLK,antique_furniture_item_18,3c6c194cc864f2a655446efa548eef153a393618,bad9c53885fbc5be5a358b2ae742704b9f280dfa,7,1.0
76f0485fa57973537a5024b3804a5566c9bd17e4,lo_poly_animal_BEAR_BLK,build51,3c6c194cc864f2a655446efa548eef153a393618,c6a67bcc6433546d8ede05ca6b05e089509d27ed,8,1.0
76f0485fa57973537a5024b3804a5566c9bd17e4,lo_poly_animal_BEAR_BLK,calc01,3c6c194cc864f2a655446efa548eef153a393618,1858def1a1ecf0e1de87fdbb649b8586cd9210fb,5,1.0
76f0485fa57973537a5024b3804a5566c9bd17e4,lo_poly_animal_BEAR_BLK,dromedary,3c6c194cc864f2a655446efa548eef153a393618,d47c3fb53513386e01d13c19f771ca5eb0f7da90,12,0.9166666666666666
76f0485fa57973537a5024b3804a5566c9bd17e4,lo_poly_animal_BEAR_BLK,flarenut_spanner,3c6c194cc864f2a655446efa548eef153a393618,3b87ec5ffc07c08a35116928a8b6ffb64390e0a4,11,1.0
76f0485fa57973537a5024b3804a5566c9bd17e4,lo_poly_animal_BEAR_BLK,interior_details_103_4,3c6c194cc864f2a655446efa548eef153a393618,6c726f0ba025cab6490df5c05a6c436be87205ad,10,1.0
76f0485fa57973537a5024b3804a5566c9bd17e4,lo_poly_animal_BEAR_BLK,interior_details_130_2,3c6c194cc864f2a655446efa548eef153a393618,f730e2fab41495e73bf0e665266a51a692d1ca54,20,1.0
76f0485fa57973537a5024b3804a5566c9bd17e4,lo_poly_animal_BEAR_BLK,lo_poly_animal_ELE_AS1,3c6c194cc864f2a655446efa548eef153a393618,41313a938cb781cbd60a6870530e116a9d98e48c,11,1.0
76f0485fa57973537a5024b3804a5566c9bd17e4,lo_poly_animal_BEAR_BLK,lo_poly_animal_RHINO_2,3c6c194cc864f2a655446efa548eef153a393618,b87e834ba5e263774477edc6fc956070795ab1b6,15,0.7333333333333333
76f0485fa57973537a5024b3804a5566c9bd17e4,lo_poly_animal_BEAR_BLK,lo_poly_animal_TRANTULA,3c6c194cc864f2a655446efa548eef153a393618,8f14ff8cf138e89d90211a7811968af08d4d7098,8,1.0
76f0485fa57973537a5024b3804a5566c9bd17e4,lo_poly_animal_BEAR_BLK,weimaraner,3c6c194cc864f2a655446efa548eef153a393618,4f263a161cdd009ff7f9aa88ed9be2b852772142,14,1.0
76f0485fa57973537a5024b3804a5566c9bd17e4,lo_poly_animal_BEAR_BLK,womens_shorts_01M,3c6c194cc864f2a655446efa548eef153a393618,66c09717173c555eced9e7a167f405b7d08ab18f,6,0.8333333333333334
76f0485fa57973537a5024b3804a5566c9bd17e4,lo_poly_animal_BEAR_BLK,womens_stockings_01M,3c6c194cc864f2a655446efa548eef153a393618,7ed95b3ba88443ed63f25ffe0b5fb52d78dab676,6,1.0
76f0485fa57973537a5024b3804a5566c9bd17e4,lo_poly_animal_BEAR_BLK,zebra,3c6c194cc864f2a655446efa548eef153a393618,21afbd503b5d4f9c399c4a66baef6bd6e894715f,12,1.0
78fb8139eeb6f7ce6de71a1b26eb6c0ed615fe10,kitchen_equipment_knife2,22_acoustic_guitar,4c406e5b2db8e63397199570ff59e65caeca5775,b17c9b116f73af5e54e294b1362187bb666a1737,8,1.0
78fb8139eeb6f7ce6de71a1b26eb6c0ed615fe10,kitchen_equipment_knife2,Hanger_02,4c406e5b2db8e63397199570ff59e65caeca5775,2ef7b8f76464ac15cea9c2eaf23bfb992cfa8a20,5,0.8
78fb8139eeb6f7ce6de71a1b26eb6c0ed615fe10,kitchen_equipment_knife2,MB27346,4c406e5b2db8e63397199570ff59e65caeca5775,f3b1fb66463bf84b593dad9fd1028aa8db6f3720,11,0.9090909090909091
78fb8139eeb6f7ce6de71a1b26eb6c0ed615fe10,kitchen_equipment_knife2,MB28699,4c406e5b2db8e63397199570ff59e65caeca5775,ee36e4d66958199793add93da479822f4d1164e6,12,1.0
78fb8139eeb6f7ce6de71a1b26eb6c0ed615fe10,kitchen_equipment_knife2,MB29874,4c406e5b2db8e63397199570ff59e65caeca5775,7cc042e01ac7e57de362ae777017d3e1b727c9f0,10,1.0
78fb8139eeb6f7ce6de71a1b26eb6c0ed615fe10,kitchen_equipment_knife2,MB30203,4c406e5b2db8e63397199570ff59e65caeca5775,e6e0c7209f8a7908c49f803651f7382e3a2e75c5,10,1.0
78fb8139eeb6f7ce6de71a1b26eb6c0ed615fe10,kitchen_equipment_knife2,MB30758,4c406e5b2db8e63397199570ff59e65caeca5775,61c2291042151124f703bb567c32ab30fda22360,9,1.0
78fb8139eeb6f7ce6de71a1b26eb6c0ed615fe10,kitchen_equipment_knife2,antique_furniture_item_18,4c406e5b2db8e63397199570ff59e65caeca5775,bad9c53885fbc5be5a358b2ae742704b9f280dfa,14,1.0
78fb8139eeb6f7ce6de71a1b26eb6c0ed615fe10,kitchen_equipment_knife2,build51,4c406e5b2db8e63397199570ff59e65caeca5775,c6a67bcc6433546d8ede05ca6b05e089509d27ed,8,0.875
78fb8139eeb6f7ce6de71a1b26eb6c0ed615fe10,kitchen_equipment_knife2,calc01,4c406e5b2db8e63397199570ff59e65caeca5775,1858def1a1ecf0e1de87fdbb649b8586cd9210fb,16,0.9375
78fb8139eeb6f7ce6de71a1b26eb6c0ed615fe10,kitchen_equipment_knife2,interior_details_103_4,4c406e5b2db8e63397199570ff59e65caeca5775,6c726f0ba025cab6490df5c05a6c436be87205ad,10,1.0
78fb8139eeb6f7ce6de71a1b26eb6c0ed615fe10,kitchen_equipment_knife2,interior_details_130_2,4c406e5b2db8e63397199570ff59e65caeca5775,f730e2fab41495e73bf0e665266a51a692d1ca54,10,1.0
78fb8139eeb6f7ce6de71a1b26eb6c0ed615fe10,kitchen_equipment_knife2,lo_poly_animal_BEAR_BLK,4c406e5b2db8e63397199570ff59e65caeca5775,3c6c194cc864f2a655446efa548eef153a393618,11,1.0
78fb8139eeb6f7ce6de71a1b26eb6c0ed615fe10,kitchen_equipment_knife2,lo_poly_animal_CHICKDEE,4c406e5b2db8e63397199570ff59e65caeca5775,b95b95002cc603d8b4aec4836d1edc6b1f129efb,5,0.8
78fb8139eeb6f7ce6de71a1b26eb6c0ed615fe10,kitchen_equipment_knife2,lo_poly_animal_ELE_AS1,4c406e5b2db8e63397199570ff59e65caeca5775,41313a938cb781cbd60a6870530e116a9d98e48c,10,1.0
78fb8139eeb6f7ce6de71a1b26eb6c0ed615fe10,kitchen_equipment_knife2,lo_poly_animal_RHINO_2,4c406e5b2db8e63397199570ff59e65caeca5775,b87e834ba5e263774477edc6fc956070795ab1b6,7,0.8571428571428571
78fb8139eeb6f7ce6de71a1b26eb6c0ed615fe10,kitchen_equipment_knife2,lo_poly_animal_TRANTULA,4c406e5b2db8e63397199570ff59e65caeca5775,8f14ff8cf138e89d90211a7811968af08d4d7098,8,1.0
78fb8139eeb6f7ce6de71a1b26eb6c0ed615fe10,kitchen_equipment_knife2,weimaraner,4c406e5b2db8e63397199570ff59e65caeca5775,4f263a161cdd009ff7f9aa88ed9be2b852772142,15,1.0
78fb8139eeb6f7ce6de71a1b26eb6c0ed615fe10,kitchen_equipment_knife2,womens_shorts_01M,4c406e5b2db8e63397199570ff59e65caeca5775,66c09717173c555eced9e7a167f405b7d08ab18f,9,1.0
78fb8139eeb6f7ce6de71a1b26eb6c0ed615fe10,kitchen_equipment_knife2,womens_stockings_01M,4c406e5b2db8e63397199570ff59e65caeca5775,7ed95b3ba88443ed63f25ffe0b5fb52d78dab676,5,1.0
78fb8139eeb6f7ce6de71a1b26eb6c0ed615fe10,kitchen_equipment_knife2,zebra,4c406e5b2db8e63397199570ff59e65caeca5775,21afbd503b5d4f9c399c4a66baef6bd6e894715f,10,1.0
7a1321b383eff1dcd4becfc910c658d0e470cf76,womens_shorts_01M,22_acoustic_guitar,66c09717173c555eced9e7a167f405b7d08ab18f,b17c9b116f73af5e54e294b1362187bb666a1737,29,0.9655172413793104
7a1321b383eff1dcd4becfc910c658d0e470cf76,womens_shorts_01M,Hanger_02,66c09717173c555eced9e7a167f405b7d08ab18f,2ef7b8f76464ac15cea9c2eaf23bfb992cfa8a20,12,0.9166666666666666
7a1321b383eff1dcd4becfc910c658d0e470cf76,womens_shorts_01M,MB27346,66c09717173c555eced9e7a167f405b7d08ab18f,f3b1fb66463bf84b593dad9fd1028aa8db6f3720,14,1.0
7a1321b383eff1dcd4becfc910c658d0e470cf76,womens_shorts_01M,MB28699,66c09717173c555eced9e7a167f405b7d08ab18f,ee36e4d66958199793add93da479822f4d1164e6,9,1.0
7a1321b383eff1dcd4becfc910c658d0e470cf76,womens_shorts_01M,MB30203,66c09717173c555eced9e7a167f405b7d08ab18f,e6e0c7209f8a7908c49f803651f7382e3a2e75c5,6,1.0
7a1321b383eff1dcd4becfc910c658d0e470cf76,womens_shorts_01M,MB30758,66c09717173c555eced9e7a167f405b7d08ab18f,61c2291042151124f703bb567c32ab30fda22360,12,0.9166666666666666
7a1321b383eff1dcd4becfc910c658d0e470cf76,womens_shorts_01M,antique_furniture_item_18,66c09717173c555eced9e7a167f405b7d08ab18f,bad9c53885fbc5be5a358b2ae742704b9f280dfa,16,1.0
7a1321b383eff1dcd4becfc910c658d0e470cf76,womens_shorts_01M,build51,66c09717173c555eced9e7a167f405b7d08ab18f,c6a67bcc6433546d8ede05ca6b05e089509d27ed,5,1.0
7a1321b383eff1dcd4becfc910c658d0e470cf76,womens_shorts_01M,dromedary,66c09717173c555eced9e7a167f405b7d08ab18f,d47c3fb53513386e01d13c19f771ca5eb0f7da90,11,1.0
7a1321b383eff1dcd4becfc910c658d0e470cf76,womens_shorts_01M,flarenut_spanner,66c09717173c555eced9e7a167f405b7d08ab18f,3b87ec5ffc07c08a35116928a8b6ffb64390e0a4,5,1.0
7a1321b383eff1dcd4becfc910c658d0e470cf76,womens_shorts_01M,interior_details_103_4,66c09717173c555eced9e7a167f405b7d08ab18f,6c726f0ba025cab6490df5c05a6c436be87205ad,7,1.0
7a1321b383eff1dcd4becfc910c658d0e470cf76,womens_shorts_01M,interior_details_130_2,66c09717173c555eced9e7a167f405b7d08ab18f,f730e2fab41495e73bf0e665266a51a692d1ca54,13,1.0
7a1321b383eff1dcd4becfc910c658d0e470cf76,womens_shorts_01M,kitchen_equipment_knife2,66c09717173c555eced9e7a167f405b7d08ab18f,4c406e5b2db8e63397199570ff59e65caeca5775,9,1.0
7a1321b383eff1dcd4becfc910c658d0e470cf76,womens_shorts_01M,lo_poly_animal_BEAR_BLK,66c09717173c555eced9e7a167f405b7d08ab18f,3c6c194cc864f2a655446efa548eef153a393618,4,1.0
7a1321b383eff1dcd4becfc910c658d0e470cf76,womens_shorts_01M,lo_poly_animal_CHICKDEE,66c09717173c555eced9e7a167f405b7d08ab18f,b95b95002cc603d8b4aec4836d1edc6b1f129efb,10,1.0
7a1321b383eff1dcd4becfc910c658d0e470cf76,womens_shorts_01M,lo_poly_animal_ELE_AS1,66c09717173c555eced9e7a167f405b7d08ab18f,41313a938cb781cbd60a6870530e116a9d98e48c,6,1.0
7a1321b383eff1dcd4becfc910c658d0e470cf76,womens_shorts_01M,lo_poly_animal_RHINO_2,66c09717173c555eced9e7a167f405b7d08ab18f,b87e834ba5e263774477edc6fc956070795ab1b6,11,1.0
7a1321b383eff1dcd4becfc910c658d0e470cf76,womens_shorts_01M,weimaraner,66c09717173c555eced9e7a167f405b7d08ab18f,4f263a161cdd009ff7f9aa88ed9be2b852772142,8,1.0
7a1321b383eff1dcd4becfc910c658d0e470cf76,womens_shorts_01M,womens_stockings_01M,66c09717173c555eced9e7a167f405b7d08ab18f,7ed95b3ba88443ed63f25ffe0b5fb52d78dab676,26,1.0
7a1321b383eff1dcd4becfc910c658d0e470cf76,womens_shorts_01M,zebra,66c09717173c555eced9e7a167f405b7d08ab18f,21afbd503b5d4f9c399c4a66baef6bd6e894715f,8,1.0
7b9eb98e98a82a3deaf270596ad2881f2aec5992,MB30758,22_acoustic_guitar,61c2291042151124f703bb567c32ab30fda22360,b17c9b116f73af5e54e294b1362187bb666a1737,9,1.0
7b9eb98e98a82a3deaf270596ad2881f2aec5992,MB30758,Hanger_02,61c2291042151124f703bb567c32ab30fda22360,2ef7b8f76464ac15cea9c2eaf23bfb992cfa8a20,13,1.0
7b9eb98e98a82a3deaf270596ad2881f2aec5992,MB30758,MB27346,61c2291042151124f703bb567c32ab30fda22360,f3b1fb66463bf84b593dad9fd1028aa8db6f3720,4,1.0
7b9eb98e98a82a3deaf270596ad2881f2aec5992,MB30758,MB28699,61c2291042151124f703bb567c32ab30fda22360,ee36e4d66958199793add93da479822f4d1164e6,4,1.0
7b9eb98e98a82a3deaf270596ad2881f2aec5992,MB30758,MB30203,61c2291042151124f703bb567c32ab30fda22360,e6e0c7209f8a7908c49f803651f7382e3a2e75c5,14,1.0
7b9eb98e98a82a3deaf270596ad2881f2aec5992,MB30758,antique_furniture_item_18,61c2291042151124f703bb567c32ab30fda22360,bad9c53885fbc5be5a358b2ae742704b9f280dfa,10,1.0
7b9eb98e98a82a3deaf270596ad2881f2aec5992,MB30758,calc01,61c2291042151124f703bb567c32ab30fda22360,1858def1a1ecf0e1de87fdbb649b8586cd9210fb,6,1.0
7b9eb98e98a82a3deaf270596ad2881f2aec5992,MB30758,dromedary,61c2291042151124f703bb567c32ab30fda22360,d47c3fb53513386e01d13c19f771ca5eb0f7da90,22,1.0
7b9eb98e98a82a3deaf270596ad2881f2aec5992,MB30758,flarenut_spanner,61c2291042151124f703bb567c32ab30fda22360,3b87ec5ffc07c08a35116928a8b6ffb64390e0a4,17,1.0
7b9eb98e98a82a3deaf270596ad2881f2aec5992,MB30758,kitchen_equipment_knife2,61c2291042151124f703bb567c32ab30fda22360,4c406e5b2db8e63397199570ff59e65caeca5775,11,1.0
7b9eb98e98a82a3deaf270596ad2881f2aec5992,MB30758,lo_poly_animal_CHICKDEE,61c2291042151124f703bb567c32ab30fda22360,b95b95002cc603d8b4aec4836d1edc6b1f129efb,17,1.0
7b9eb98e98a82a3deaf270596ad2881f2aec5992,MB30758,lo_poly_animal_RHINO_2,61c2291042151124f703bb567c32ab30fda22360,b87e834ba5e263774477edc6fc956070795ab1b6,7,1.0
7b9eb98e98a82a3deaf270596ad2881f2aec5992,MB30758,womens_shorts_01M,61c2291042151124f703bb567c32ab30fda22360,66c09717173c555eced9e7a167f405b7d08ab18f,9,1.0
7b9eb98e98a82a3deaf270596ad2881f2aec5992,MB30758,womens_stockings_01M,61c2291042151124f703bb567c32ab30fda22360,7ed95b3ba88443ed63f25ffe0b5fb52d78dab676,6,1.0
7b9eb98e98a82a3deaf270596ad2881f2aec5992,MB30758,zebra,61c2291042151124f703bb567c32ab30fda22360,21afbd503b5d4f9c399c4a66baef6bd6e894715f,11,1.0
7d83a240773aca1c2b263251bda201c598fc9637,MB29874,22_acoustic_guitar,7cc042e01ac7e57de362ae777017d3e1b727c9f0,b17c9b116f73af5e54e294b1362187bb666a1737,5,1.0
7d83a240773aca1c2b263251bda201c598fc9637,MB29874,Hanger_02,7cc042e01ac7e57de362ae777017d3e1b727c9f0,2ef7b8f76464ac15cea9c2eaf23bfb992cfa8a20,8,1.0
7d83a240773aca1c2b263251bda201c598fc9637,MB29874,MB27346,7cc042e01ac7e57de362ae777017d3e1b727c9f0,f3b1fb66463bf84b593dad9fd1028aa8db6f3720,34,0.9705882352941176
7d83a240773aca1c2b263251bda201c598fc9637,MB29874,MB28699,7cc042e01ac7e57de362ae777017d3e1b727c9f0,ee36e4d66958199793add93da479822f4d1164e6,13,1.0
7d83a240773aca1c2b263251bda201c598fc9637,MB29874,MB30203,7cc042e01ac7e57de362ae777017d3e1b727c9f0,e6e0c7209f8a7908c49f803651f7382e3a2e75c5,13,0.9230769230769231
7d83a240773aca1c2b263251bda201c598fc9637,MB29874,MB30758,7cc042e01ac7e57de362ae777017d3e1b727c9f0,61c2291042151124f703bb567c32ab30fda22360,8,1.0
7d83a240773aca1c2b263251bda201c598fc9637,MB29874,antique_furniture_item_18,7cc042e01ac7e57de362ae777017d3e1b727c9f0,bad9c53885fbc5be5a358b2ae742704b9f280dfa,10,0.8
7d83a240773aca1c2b263251bda201c598fc9637,MB29874,build51,7cc042e01ac7e57de362ae777017d3e1b727c9f0,c6a67bcc6433546d8ede05ca6b05e089509d27ed,4,1.0
7d83a240773aca1c2b263251bda201c598fc9637,MB29874,calc01,7cc042e01ac7e57de362ae777017d3e1b727c9f0,1858def1a1ecf0e1de87fdbb649b8586cd9210fb,16,0.9375
7d83a240773aca1c2b263251bda201c598fc9637,MB29874,dromedary,7cc042e01ac7e57de362ae777017d3e1b727c9f0,d47c3fb53513386e01d13c19f771ca5eb0f7da90,12,0.9166666666666666
7d83a240773aca1c2b263251bda201c598fc9637,MB29874,flarenut_spanner,7cc042e01ac7e57de362ae777017d3e1b727c9f0,3b87ec5ffc07c08a35116928a8b6ffb64390e0a4,16,0.9375
7d83a240773aca1c2b263251bda201c598fc9637,MB29874,kitchen_equipment_knife2,7cc042e01ac7e57de362ae777017d3e1b727c9f0,4c406e5b2db8e63397199570ff59e65caeca5775,7,1.0
7d83a240773aca1c2b263251bda201c598fc9637,MB29874,lo_poly_animal_BEAR_BLK,7cc042e01ac7e57de362ae777017d3e1b727c9f0,3c6c194cc864f2a655446efa548eef153a393618,11,1.0
7d83a240773aca1c2b263251bda201c598fc9637,MB29874,lo_poly_animal_ELE_AS1,7cc042e01ac7e57de362ae777017d3e1b727c9f0,41313a938cb781cbd60a6870530e116a9d98e48c,6,1.0
7d83a240773aca1c2b263251bda201c598fc9637,MB29874,lo_poly_animal_RHINO_2,7cc042e01ac7e57de362ae777017d3e1b727c9f0,b87e834ba5e263774477edc6fc956070795ab1b6,6,1.0
7d83a240773aca1c2b263251bda201c598fc9637,MB29874,lo_poly_animal_TRANTULA,7cc042e01ac7e57de362ae777017d3e1b727c9f0,8f14ff8cf138e89d90211a7811968af08d4d7098,4,1.0
7d83a240773aca1c2b263251bda201c598fc9637,MB29874,weimaraner,7cc042e01ac7e57de362ae777017d3e1b727c9f0,4f263a161cdd009ff7f9aa88ed9be2b852772142,7,0.8571428571428571
7d83a240773aca1c2b263251bda201c598fc9637,MB29874,womens_stockings_01M,7cc042e01ac7e57de362ae777017d3e1b727c9f0,7ed95b3ba88443ed63f25ffe0b5fb52d78dab676,10,1.0
7e19824358ddeb7a1cf76b25f7755c0c7da4d7c8,dromedary,22_acoustic_guitar,d47c3fb53513386e01d13c19f771ca5eb0f7da90,b17c9b116f73af5e54e294b1362187bb666a1737,12,0.08333333333333333
7e19824358ddeb7a1cf76b25f7755c0c7da4d7c8,dromedary,Hanger_02,d47c3fb53513386e01d13c19f771ca5eb0f7da90,2ef7b8f76464ac15cea9c2eaf23bfb992cfa8a20,12,0.3333333333333333
7e19824358ddeb7a1cf76b25f7755c0c7da4d7c8,dromedary,MB27346,d47c3fb53513386e01d13c19f771ca5eb0f7da90,f3b1fb66463bf84b593dad9fd1028aa8db6f3720,5,0.4
7e19824358ddeb7a1cf76b25f7755c0c7da4d7c8,dromedary,MB28699,d47c3fb53513386e01d13c19f771ca5eb0f7da90,ee36e4d66958199793add93da479822f4d1164e6,4,1.0
7e19824358ddeb7a1cf76b25f7755c0c7da4d7c8,dromedary,MB29874,d47c3fb53513386e01d13c19f771ca5eb0f7da90,7cc042e01ac7e57de362ae777017d3e1b727c9f0,4,0.5
7e19824358ddeb7a1cf76b25f7755c0c7da4d7c8,dromedary,MB30203,d47c3fb53513386e01d13c19f771ca5eb0f7da90,e6e0c7209f8a7908c49f803651f7382e3a2e75c5,13,0.6153846153846154
7e19824358ddeb7a1cf76b25f7755c0c7da4d7c8,dromedary,MB30758,d47c3fb53513386e01d13c19f771ca5eb0f7da90,61c2291042151124f703bb567c32ab30fda22360,8,0.0
7e19824358ddeb7a1cf76b25f7755c0c7da4d7c8,dromedary,antique_furniture_item_18,d47c3fb53513386e01d13c19f771ca5eb0f7da90,bad9c53885fbc5be5a358b2ae742704b9f280dfa,13,0.46153846153846156
7e19824358ddeb7a1cf76b25f7755c0c7da4d7c8,dromedary,calc01,d47c3fb53513386e01d13c19f771ca5eb0f7da90,1858def1a1ecf0e1de87fdbb649b8586cd9210fb,15,0.8666666666666667
7e19824358ddeb7a1cf76b25f7755c0c7da4d7c8,dromedary,flarenut_spanner,d47c3fb53513386e01d13c19f771ca5eb0f7da90,3b87ec5ffc07c08a35116928a8b6ffb64390e0a4,15,0.3333333333333333
7e19824358ddeb7a1cf76b25f7755c0c7da4d7c8,dromedary,interior_details_130_2,d47c3fb53513386e01d13c19f771ca5eb0f7da90,f730e2fab41495e73bf0e665266a51a692d1ca54,13,0.38461538461538464
7e19824358ddeb7a1cf76b25f7755c0c7da4d7c8,dromedary,kitchen_equipment_knife2,d47c3fb53513386e01d13c19f771ca5eb0f7da90,4c406e5b2db8e63397199570ff59e65caeca5775,4,0.5
7e19824358ddeb7a1cf76b25f7755c0c7da4d7c8,dromedary,lo_poly_animal_BEAR_BLK,d47c3fb53513386e01d13c19f771ca5eb0f7da90,3c6c194cc864f2a655446efa548eef153a393618,6,0.8333333333333334
7e19824358ddeb7a1cf76b25f7755c0c7da4d7c8,dromedary,lo_poly_animal_CHICKDEE,d47c3fb53513386e01d13c19f771ca5eb0f7da90,b95b95002cc603d8b4aec4836d1edc6b1f129efb,10,0.5
7e19824358ddeb7a1cf76b25f7755c0c7da4d7c8,dromedary,lo_poly_animal_ELE_AS1,d47c3fb53513386e01d13c19f771ca5eb0f7da90,41313a938cb781cbd60a6870530e116a9d98e48c,8,0.625
7e19824358ddeb7a1cf76b25f7755c0c7da4d7c8,dromedary,lo_poly_animal_RHINO_2,d47c3fb53513386e01d13c19f771ca5eb0f7da90,b87e834ba5e263774477edc6fc956070795ab1b6,8,0.5
7e19824358ddeb7a1cf76b25f7755c0c7da4d7c8,dromedary,weimaraner,d47c3fb53513386e01d13c19f771ca5eb0f7da90,4f263a161cdd009ff7f9aa88ed9be2b852772142,10,0.1
7e19824358ddeb7a1cf76b25f7755c0c7da4d7c8,dromedary,womens_shorts_01M,d47c3fb53513386e01d13c19f771ca5eb0f7da90,66c09717173c555eced9e7a167f405b7d08ab18f,6,0.6666666666666666
7e19824358ddeb7a1cf76b25f7755c0c7da4d7c8,dromedary,womens_stockings_01M,d47c3fb53513386e01d13c19f771ca5eb0f7da90,7ed95b3ba88443ed63f25ffe0b5fb52d78dab676,7,0.5714285714285714
7e19824358ddeb7a1cf76b25f7755c0c7da4d7c8,dromedary,zebra,d47c3fb53513386e01d13c19f771ca5eb0f7da90,21afbd503b5d4f9c399c4a66baef6bd6e894715f,20,0.65
809e6d18c895d32392bd401ec1e1306269736419,weimaraner,22_acoustic_guitar,4f263a161cdd009ff7f9aa88ed9be2b852772142,b17c9b116f73af5e54e294b1362187bb666a1737,13,1.0
809e6d18c895d32392bd401ec1e1306269736419,weimaraner,MB27346,4f263a161cdd009ff7f9aa88ed9be2b852772142,f3b1fb66463bf84b593dad9fd1028aa8db6f3720,6,1.0
809e6d18c895d32392bd401ec1e1306269736419,weimaraner,MB29874,4f263a161cdd009ff7f9aa88ed9be2b852772142,7cc042e01ac7e57de362ae777017d3e1b727c9f0,6,1.0
809e6d18c895d32392bd401ec1e1306269736419,weimaraner,MB30203,4f263a161cdd009ff7f9aa88ed9be2b852772142,e6e0c7209f8a7908c49f803651f7382e3a2e75c5,12,1.0
809e6d18c895d32392bd401ec1e1306269736419,weimaraner,MB30758,4f263a161cdd009ff7f9aa88ed9be2b852772142,61c2291042151124f703bb567c32ab30fda22360,8,1.0
809e6d18c895d32392bd401ec1e1306269736419,weimaraner,antique_furniture_item_18,4f263a161cdd009ff7f9aa88ed9be2b852772142,bad9c53885fbc5be5a358b2ae742704b9f280dfa,7,1.0
809e6d18c895d32392bd401ec1e1306269736419,weimaraner,build51,4f263a161cdd009ff7f9aa88ed9be2b852772142,c6a67bcc6433546d8ede05ca6b05e089509d27ed,8,1.0
809e6d18c895d32392bd401ec1e1306269736419,weimaraner,calc01,4f263a161cdd009ff7f9aa88ed9be2b852772142,1858def1a1ecf0e1de87fdbb649b8586cd9210fb,7,1.0
809e6d18c895d32392bd401ec1e1306269736419,weimaraner,dromedary,4f263a161cdd009ff7f9aa88ed9be2b852772142,d47c3fb53513386e01d13c19f771ca5eb0f7da90,11,0.8181818181818182
809e6d18c895d32392bd401ec1e1306269736419,weimaraner,flarenut_spanner,4f263a161cdd009ff7f9aa88ed9be2b852772142,3b87ec5ffc07c08a35116928a8b6ffb64390e0a4,14,1.0
809e6d18c895d32392bd401ec1e1306269736419,weimaraner,interior_details_103_4,4f263a161cdd009ff7f9aa88ed9be2b852772142,6c726f0ba025cab6490df5c05a6c436be87205ad,15,1.0
809e6d18c895d32392bd401ec1e1306269736419,weimaraner,interior_details_130_2,4f263a161cdd009ff7f9aa88ed9be2b852772142,f730e2fab41495e73bf0e665266a51a692d1ca54,13,1.0
809e6d18c895d32392bd401ec1e1306269736419,weimaraner,kitchen_equipment_knife2,4f263a161cdd009ff7f9aa88ed9be2b852772142,4c406e5b2db8e63397199570ff59e65caeca5775,20,1.0
809e6d18c895d32392bd401ec1e1306269736419,weimaraner,lo_poly_animal_CHICKDEE,4f263a161cdd009ff7f9aa88ed9be2b852772142,b95b95002cc603d8b4aec4836d1edc6b1f129efb,7,1.0
809e6d18c895d32392bd401ec1e1306269736419,weimaraner,lo_poly_animal_ELE_AS1,4f263a161cdd009ff7f9aa88ed9be2b852772142,41313a938cb781cbd60a6870530e116a9d98e48c,17,1.0
809e6d18c895d32392bd401ec1e1306269736419,weimaraner,lo_poly_animal_RHINO_2,4f263a161cdd009ff7f9aa88ed9be2b852772142,b87e834ba5e263774477edc6fc956070795ab1b6,17,1.0
809e6d18c895d32392bd401ec1e1306269736419,weimaraner,lo_poly_animal_TRANTULA,4f263a161cdd009ff7f9aa88ed9be2b852772142,8f14ff8cf138e89d90211a7811968af08d4d7098,7,1.0
809e6d18c895d32392bd401ec1e1306269736419,weimaraner,womens_shorts_01M,4f263a161cdd009ff7f9aa88ed9be2b852772142,66c09717173c555eced9e7a167f405b7d08ab18f,9,1.0
809e6d18c895d32392bd401ec1e1306269736419,weimaraner,zebra,4f263a161cdd009ff7f9aa88ed9be2b852772142,21afbd503b5d4f9c399c4a66baef6bd6e894715f,4,1.0
8129b45f0319f6d64c9930b382d8bbedb3541d98,lo_poly_animal_ELE_AS1,Hanger_02,41313a938cb781cbd60a6870530e116a9d98e48c,2ef7b8f76464ac15cea9c2eaf23bfb992cfa8a20,4,1.0
8129b45f0319f6d64c9930b382d8bbedb3541d98,lo_poly_animal_ELE_AS1,MB28699,41313a938cb781cbd60a6870530e116a9d98e48c,ee36e4d66958199793add93da479822f4d1164e6,7,1.0
8129b45f0319f6d64c9930b382d8bbedb3541d98,lo_poly_animal_ELE_AS1,MB29874,41313a938cb781cbd60a6870530e116a9d98e48c,7cc042e01ac7e57de362ae777017d3e1b727c9f0,8,1.0
8129b45f0319f6d64c9930b382d8bbedb3541d98,lo_poly_animal_ELE_AS1,MB30203,41313a938cb781cbd60a6870530e116a9d98e48c,e6e0c7209f8a7908c49f803651f7382e3a2e75c5,6,1.0
8129b45f0319f6d64c9930b382d8bbedb3541d98,lo_poly_animal_ELE_AS1,MB30758,41313a938cb781cbd60a6870530e116a9d98e48c,61c2291042151124f703bb567c32ab30fda22360,16,0.9375
8129b45f0319f6d64c9930b382d8bbedb3541d98,lo_poly_animal_ELE_AS1,antique_furniture_item_18,41313a938cb781cbd60a6870530e116a9d98e48c,bad9c53885fbc5be5a358b2ae742704b9f280dfa,8,1.0
8129b45f0319f6d64c9930b382d8bbedb3541d98,lo_poly_animal_ELE_AS1,build51,41313a938cb781cbd60a6870530e116a9d98e48c,c6a67bcc6433546d8ede05ca6b05e089509d27ed,10,1.0
8129b45f0319f6d64c9930b382d8bbedb3541d98,lo_poly_animal_ELE_AS1,calc01,41313a938cb781cbd60a6870530e116a9d98e48c,1858def1a1ecf0e1de87fdbb649b8586cd9210fb,12,1.0
8129b45f0319f6d64c9930b382d8bbedb3541d98,lo_poly_animal_ELE_AS1,flarenut_spanner,41313a938cb781cbd60a6870530e116a9d98e48c,3b87ec5ffc07c08a35116928a8b6ffb64390e0a4,14,1.0
8129b45f0319f6d64c9930b382d8bbedb3541d98,lo_poly_animal_ELE_AS1,interior_details_103_4,41313a938cb781cbd60a6870530e116a9d98e48c,6c726f0ba025cab6490df5c05a6c436be87205ad,9,1.0
8129b45f0319f6d64c9930b382d8bbedb3541d98,lo_poly_animal_ELE_AS1,interior_details_130_2,41313a938cb781cbd60a6870530e116a9d98e48c,f730e2fab41495e73bf0e665266a51a692d1ca54,6,1.0
8129b45f0319f6d64c9930b382d8bbedb3541d98,lo_poly_animal_ELE_AS1,kitchen_equipment_knife2,41313a938cb781cbd60a6870530e116a9d98e48c,4c406e5b2db8e63397199570ff59e65caeca5775,10,1.0
8129b45f0319f6d64c9930b382d8bbedb3541d98,lo_poly_animal_ELE_AS1,lo_poly_animal_BEAR_BLK,41313a938cb781cbd60a6870530e116a9d98e48c,3c6c194cc864f2a655446efa548eef153a393618,13,1.0
8129b45f0319f6d64c9930b382d8bbedb3541d98,lo_poly_animal_ELE_AS1,lo_poly_animal_CHICKDEE,41313a938cb781cbd60a6870530e116a9d98e48c,b95b95002cc603d8b4aec4836d1edc6b1f129efb,15,0.8666666666666667
8129b45f0319f6d64c9930b382d8bbedb3541d98,lo_poly_animal_ELE_AS1,lo_poly_animal_RHINO_2,41313a938cb781cbd60a6870530e116a9d98e48c,b87e834ba5e263774477edc6fc956070795ab1b6,9,1.0
8129b45f0319f6d64c9930b382d8bbedb3541d98,lo_poly_animal_ELE_AS1,lo_poly_animal_TRANTULA,41313a938cb781cbd60a6870530e116a9d98e48c,8f14ff8cf138e89d90211a7811968af08d4d7098,9,1.0
8129b45f0319f6d64c9930b382d8bbedb3541d98,lo_poly_animal_ELE_AS1,weimaraner,41313a938cb781cbd60a6870530e116a9d98e48c,4f263a161cdd009ff7f9aa88ed9be2b852772142,8,1.0
8129b45f0319f6d64c9930b382d8bbedb3541d98,lo_poly_animal_ELE_AS1,womens_shorts_01M,41313a938cb781cbd60a6870530e116a9d98e48c,66c09717173c555eced9e7a167f405b7d08ab18f,13,1.0
8196b114fbaf0e5ea3ce9e0ec481051cb41b355b,MB29874,22_acoustic_guitar,7cc042e01ac7e57de362ae777017d3e1b727c9f0,b17c9b116f73af5e54e294b1362187bb666a1737,14,1.0
8196b114fbaf0e5ea3ce9e0ec481051cb41b355b,MB29874,Hanger_02,7cc042e01ac7e57de362ae777017d3e1b727c9f0,2ef7b8f76464ac15cea9c2eaf23bfb992cfa8a20,26,0.9615384615384616
8196b114fbaf0e5ea3ce9e0ec481051cb41b355b,MB29874,MB27346,7cc042e01ac7e57de362ae777017d3e1b727c9f0,f3b1fb66463bf84b593dad9fd1028aa8db6f3720,22,0.8636363636363636
8196b114fbaf0e5ea3ce9e0ec481051cb41b355b,MB29874,MB28699,7cc042e01ac7e57de362ae777017d3e1b727c9f0,ee36e4d66958199793add93da479822f4d1164e6,21,1.0
8196b114fbaf0e5ea3ce9e0ec481051cb41b355b,MB29874,MB30203,7cc042e01ac7e57de362ae777017d3e1b727c9f0,e6e0c7209f8a7908c49f803651f7382e3a2e75c5,11,1.0
8196b114fbaf0e5ea3ce9e0ec481051cb41b355b,MB29874,MB30758,7cc042e01ac7e57de362ae777017d3e1b727c9f0,61c2291042151124f703bb567c32ab30fda22360,11,0.8181818181818182
8196b114fbaf0e5ea3ce9e0ec481051cb41b355b,MB29874,antique_furniture_item_18,7cc042e01ac7e57de362ae777017d3e1b727c9f0,bad9c53885fbc5be5a358b2ae742704b9f280dfa,26,0.8461538461538461
8196b114fbaf0e5ea3ce9e0ec481051cb41b355b,MB29874,build51,7cc042e01ac7e57de362ae777017d3e1b727c9f0,c6a67bcc6433546d8ede05ca6b05e089509d27ed,23,1.0
8196b114fbaf0e5ea3ce9e0ec481051cb41b355b,MB29874,calc01,7cc042e01ac7e57de362ae777017d3e1b727c9f0,1858def1a1ecf0e1de87fdbb649b8586cd9210fb,10,0.5
8196b114fbaf0e5ea3ce9e0ec481051cb41b355b,MB29874,dromedary,7cc042e01ac7e57de362ae777017d3e1b727c9f0,d47c3fb53513386e01d13c19f771ca5eb0f7da90,29,0.9310344827586207
8196b114fbaf0e5ea3ce9e0ec481051cb41b355b,MB29874,flarenut_spanner,7cc042e01ac7e57de362ae777017d3e1b727c9f0,3b87ec5ffc07c08a35116928a8b6ffb64390e0a4,9,1.0
8196b114fbaf0e5ea3ce9e0ec481051cb41b355b,MB29874,interior_details_103_4,7cc042e01ac7e57de362ae777017d3e1b727c9f0,6c726f0ba025cab6490df5c05a6c436be87205ad,21,0.9047619047619048
8196b114fbaf0e5ea3ce9e0ec481051cb41b355b,MB29874,interior_details_130_2,7cc042e01ac7e57de362ae777017d3e1b727c9f0,f730e2fab41495e73bf0e665266a51a692d1ca54,16,1.0
8196b114fbaf0e5ea3ce9e0ec481051cb41b355b,MB29874,kitchen_equipment_knife2,7cc042e01ac7e57de362ae777017d3e1b727c9f0,4c406e5b2db8e63397199570ff59e65caeca5775,28,0.8214285714285714
8196b114fbaf0e5ea3ce9e0ec481051cb41b355b,MB29874,lo_poly_animal_BEAR_BLK,7cc042e01ac7e57de362ae777017d3e1b727c9f0,3c6c194cc864f2a655446efa548eef153a393618,19,1.0
8196b114fbaf0e5ea3ce9e0ec481051cb41b355b,MB29874,lo_poly_animal_CHICKDEE,7cc042e01ac7e57de362ae777017d3e1b727c9f0,b95b95002cc603d8b4aec4836d1edc6b1f129efb,17,0.9411764705882353
8196b114fbaf0e5ea3ce9e0ec481051cb41b355b,MB29874,lo_poly_animal_ELE_AS1,7cc042e01ac7e57de362ae777017d3e1b727c9f0,41313a938cb781cbd60a6870530e116a9d98e48c,10,0.9
8196b114fbaf0e5ea3ce9e0ec481051cb41b355b,MB29874,lo_poly_animal_RHINO_2,7cc042e01ac7e57de362ae777017d3e1b727c9f0,b87e834ba5e263774477edc6fc956070795ab1b6,15,1.0
8196b114fbaf0e5ea3ce9e0ec481051cb41b355b,MB29874,lo_poly_animal_TRANTULA,7cc042e01ac7e57de362ae777017d3e1b727c9f0,8f14ff8cf138e89d90211a7811968af08d4d7098,15,1.0
8196b114fbaf0e5ea3ce9e0ec481051cb41b355b,MB29874,weimaraner,7cc042e01ac7e57de362ae777017d3e1b727c9f0,4f263a161cdd009ff7f9aa88ed9be2b852772142,19,0.8947368421052632
8196b114fbaf0e5ea3ce9e0ec481051cb41b355b,MB29874,womens_shorts_01M,7cc042e01ac7e57de362ae777017d3e1b727c9f0,66c09717173c555eced9e7a167f405b7d08ab18f,33,0.9090909090909091
8196b114fbaf0e5ea3ce9e0ec481051cb41b355b,MB29874,womens_stockings_01M,7cc042e01ac7e57de362ae777017d3e1b727c9f0,7ed95b3ba88443ed63f25ffe0b5fb52d78dab676,14,0.9285714285714286
8196b114fbaf0e5ea3ce9e0ec481051cb41b355b,MB29874,zebra,7cc042e01ac7e57de362ae777017d3e1b727c9f0,21afbd503b5d4f9c399c4a66baef6bd6e894715f,14,1.0
81c2e0fcf83353f42e6c02760ed45647b18f17af,weimaraner,22_acoustic_guitar,4f263a161cdd009ff7f9aa88ed9be2b852772142,b17c9b116f73af5e54e294b1362187bb666a1737,19,0.42105263157894735
81c2e0fcf83353f42e6c02760ed45647b18f17af,weimaraner,Hanger_02,4f263a161cdd009ff7f9aa88ed9be2b852772142,2ef7b8f76464ac15cea9c2eaf23bfb992cfa8a20,16,0.5625
81c2e0fcf83353f42e6c02760ed45647b18f17af,weimaraner,MB27346,4f263a161cdd009ff7f9aa88ed9be2b852772142,f3b1fb66463bf84b593dad9fd1028aa8db6f3720,16,0.25
81c2e0fcf83353f42e6c02760ed45647b18f17af,weimaraner,MB28699,4f263a161cdd009ff7f9aa88ed9be2b852772142,ee36e4d66958199793add93da479822f4d1164e6,14,0.42857142857142855
81c2e0fcf83353f42e6c02760ed45647b18f17af,weimaraner,MB29874,4f263a161cdd009ff7f9aa88ed9be2b852772142,7cc042e01ac7e57de362ae777017d3e1b727c9f0,14,0.5714285714285714
81c2e0fcf83353f42e6c02760ed45647b18f17af,weimaraner,MB30203,4f263a161cdd009ff7f9aa88ed9be2b852772142,e6e0c7209f8a7908c49f803651f7382e3a2e75c5,27,0.7407407407407407
81c2e0fcf83353f42e6c02760ed45647b18f17af,weimaraner,MB30758,4f263a161cdd009ff7f9aa88ed9be2b852772142,61c2291042151124f703bb567c32ab30fda22360,5,0.6
81c2e0fcf83353f42e6c02760ed45647b18f17af,weimaraner,antique_furniture_item_18,4f263a161cdd009ff7f9aa88ed9be2b852772142,bad9c53885fbc5be5a358b2ae742704b9f280dfa,7,0.7142857142857143
81c2e0fcf83353f42e6c02760ed45647b18f17af,weimaraner,build51,4f263a161cdd009ff7f9aa88ed9be2b852772142,c6a67bcc6433546d8ede05ca6b05e089509d27ed,16,0.75
81c2e0fcf83353f42e6c02760ed45647b18f17af,weimaraner,calc01,4f263a161cdd009ff7f9aa88ed9be2b852772142,1858def1a1ecf0e1de87fdbb649b8586cd9210fb,21,0.9047619047619048
81c2e0fcf83353f42e6c02760ed45647b18f17af,weimaraner,dromedary,4f263a161cdd009ff7f9aa88ed9be2b852772142,d47c3fb53513386e01d13c19f771ca5eb0f7da90,21,0.47619047619047616
81c2e0fcf83353f42e6c02760ed45647b18f17af,weimaraner,flarenut_spanner,4f263a161cdd009ff7f9aa88ed9be2b852772142,3b87ec5ffc07c08a35116928a8b6ffb64390e0a4,12,0.25
81c2e0fcf83353f42e6c02760ed45647b18f17af,weimaraner,interior_details_103_4,4f263a161cdd009ff7f9aa88ed9be2b852772142,6c726f0ba025cab6490df5c05a6c436be87205ad,13,0.5384615384615384
81c2e0fcf83353f42e6c02760ed45647b18f17af,weimaraner,interior_details_130_2,4f263a161cdd009ff7f9aa88ed9be2b852772142,f730e2fab41495e73bf0e665266a51a692d1ca54,16,0.8125
81c2e0fcf83353f42e6c02760ed45647b18f17af,weimaraner,kitchen_equipment_knife2,4f263a161cdd009ff7f9aa88ed9be2b852772142,4c406e5b2db8e63397199570ff59e65caeca5775,16,0.6875
81c2e0fcf83353f42e6c02760ed45647b18f17af,weimaraner,lo_poly_animal_BEAR_BLK,4f263a161cdd009ff7f9aa88ed9be2b852772142,3c6c194cc864f2a655446efa548eef153a393618,17,0.9411764705882353
81c2e0fcf83353f42e6c02760ed45647b18f17af,weimaraner,lo_poly_animal_CHICKDEE,4f263a161cdd009ff7f9aa88ed9be2b852772142,b95b95002cc603d8b4aec4836d1edc6b1f129efb,15,0.6666666666666666
81c2e0fcf83353f42e6c02760ed45647b18f17af,weimaraner,lo_poly_animal_ELE_AS1,4f263a161cdd009ff7f9aa88ed9be2b852772142,41313a938cb781cbd60a6870530e116a9d98e48c,14,0.42857142857142855
81c2e0fcf83353f42e6c02760ed45647b18f17af,weimaraner,lo_poly_animal_RHINO_2,4f263a161cdd009ff7f9aa88ed9be2b852772142,b87e834ba5e263774477edc6fc956070795ab1b6,11,0.6363636363636364
81c2e0fcf83353f42e6c02760ed45647b18f17af,weimaraner,lo_poly_animal_TRANTULA,4f263a161cdd009ff7f9aa88ed9be2b852772142,8f14ff8cf138e89d90211a7811968af08d4d7098,27,0.48148148148148145
81c2e0fcf83353f42e6c02760ed45647b18f17af,weimaraner,womens_shorts_01M,4f263a161cdd009ff7f9aa88ed9be2b852772142,66c09717173c555eced9e7a167f405b7d08ab18f,16,0.875
81c2e0fcf83353f42e6c02760ed45647b18f17af,weimaraner,womens_stockings_01M,4f263a161cdd009ff7f9aa88ed9be2b852772142,7ed95b3ba88443ed63f25ffe0b5fb52d78dab676,15,0.7333333333333333
81c2e0fcf83353f42e6c02760ed45647b18f17af,weimaraner,zebra,4f263a161cdd009ff7f9aa88ed9be2b852772142,21afbd503b5d4f9c399c4a66baef6bd6e894715f,11,0.8181818181818182
81d80ef58b4ac7838e1ab1ce9a5a581e8f2f9b14,calc01,22_acoustic_guitar,1858def1a1ecf0e1de87fdbb649b8586cd9210fb,b17c9b116f73af5e54e294b1362187bb666a1737,12,0.5833333333333334
81d80ef58b4ac7838e1ab1ce9a5a581e8f2f9b14,calc01,Hanger_02,1858def1a1ecf0e1de87fdbb649b8586cd9210fb,2ef7b8f76464ac15cea9c2eaf23bfb992cfa8a20,7,0.8571428571428571
81d80ef58b4ac7838e1ab1ce9a5a581e8f2f9b14,calc01,MB27346,1858def1a1ecf0e1de87fdbb649b8586cd9210fb,f3b1fb66463bf84b593dad9fd1028aa8db6f3720,9,0.1111111111111111
81d80ef58b4ac7838e1ab1ce9a5a581e8f2f9b14,calc01,MB28699,1858def1a1ecf0e1de87fdbb649b8586cd9210fb,ee36e4d66958199793add93da479822f4d1164e6,14,0.5714285714285714
81d80ef58b4ac7838e1ab1ce9a5a581e8f2f9b14,calc01,MB29874,1858def1a1ecf0e1de87fdbb649b8586cd9210fb,7cc042e01ac7e57de362ae777017d3e1b727c9f0,11,0.5454545454545454
81d80ef58b4ac7838e1ab1ce9a5a581e8f2f9b14,calc01,MB30203,1858def1a1ecf0e1de87fdbb649b8586cd9210fb,e6e0c7209f8a7908c49f803651f7382e3a2e75c5,15,0.8666666666666667
81d80ef58b4ac7838e1ab1ce9a5a581e8f2f9b14,calc01,MB30758,1858def1a1ecf0e1de87fdbb649b8586cd9210fb,61c2291042151124f703bb567c32ab30fda22360,18,0.2777777777777778
81d80ef58b4ac7838e1ab1ce9a5a581e8f2f9b14,calc01,antique_furniture_item_18,1858def1a1ecf0e1de87fdbb649b8586cd9210fb,bad9c53885fbc5be5a358b2ae742704b9f280dfa,5,0.6
81d80ef58b4ac7838e1ab1ce9a5a581e8f2f9b14,calc01,build51,1858def1a1ecf0e1de87fdbb649b8586cd9210fb,c6a67bcc6433546d8ede05ca6b05e089509d27ed,10,0.9
81d80ef58b4ac7838e1ab1ce9a5a581e8f2f9b14,calc01,dromedary,1858def1a1ecf0e1de87fdbb649b8586cd9210fb,d47c3fb53513386e01d13c19f771ca5eb0f7da90,12,0.8333333333333334
81d80ef58b4ac7838e1ab1ce9a5a581e8f2f9b14,calc01,flarenut_spanner,1858def1a1ecf0e1de87fdbb649b8586cd9210fb,3b87ec5ffc07c08a35116928a8b6ffb64390e0a4,11,0.6363636363636364
81d80ef58b4ac7838e1ab1ce9a5a581e8f2f9b14,calc01,interior_details_103_4,1858def1a1ecf0e1de87fdbb649b8586cd9210fb,6c726f0ba025cab6490df5c05a6c436be87205ad,18,0.7222222222222222
81d80ef58b4ac7838e1ab1ce9a5a581e8f2f9b14,calc01,interior_details_130_2,1858def1a1ecf0e1de87fdbb649b8586cd9210fb,f730e2fab41495e73bf0e665266a51a692d1ca54,20,0.7
81d80ef58b4ac7838e1ab1ce9a5a581e8f2f9b14,calc01,kitchen_equipment_knife2,1858def1a1ecf0e1de87fdbb649b8586cd9210fb,4c406e5b2db8e63397199570ff59e65caeca5775,6,0.16666666666666666
81d80ef58b4ac7838e1ab1ce9a5a581e8f2f9b14,calc01,lo_poly_animal_BEAR_BLK,1858def1a1ecf0e1de87fdbb649b8586cd9210fb,3c6c194cc864f2a655446efa548eef153a393618,6,0.8333333333333334
81d80ef58b4ac7838e1ab1ce9a5a581e8f2f9b14,calc01,lo_poly_animal_CHICKDEE,1858def1a1ecf0e1de87fdbb649b8586cd9210fb,b95b95002cc603d8b4aec4836d1edc6b1f129efb,7,0.7142857142857143
81d80ef58b4ac7838e1ab1ce9a5a581e8f2f9b14,calc01,lo_poly_animal_ELE_AS1,1858def1a1ecf0e1de87fdbb649b8586cd9210fb,41313a938cb781cbd60a6870530e116a9d98e48c,7,0.8571428571428571
81d80ef58b4ac7838e1ab1ce9a5a581e8f2f9b14,calc01,lo_poly_animal_RHINO_2,1858def1a1ecf0e1de87fdbb649b8586cd9210fb,b87e834ba5e263774477edc6fc956070795ab1b6,8,0.5
81d80ef58b4ac7838e1ab1ce9a5a581e8f2f9b14,calc01,lo_poly_animal_TRANTULA,1858def1a1ecf0e1de87fdbb649b8586cd9210fb,8f14ff8cf138e89d90211a7811968af08d4d7098,8,0.875
81d80ef58b4ac7838e1ab1ce9a5a581e8f2f9b14,calc01,weimaraner,1858def1a1ecf0e1de87fdbb649b8586cd9210fb,4f263a161cdd009ff7f9aa88ed9be2b852772142,11,0.7272727272727273
81d80ef58b4ac7838e1ab1ce9a5a581e8f2f9b14,calc01,womens_shorts_01M,1858def1a1ecf0e1de87fdbb649b8586cd9210fb,66c09717173c555eced9e7a167f405b7d08ab18f,6,1.0
81d80ef58b4ac7838e1ab1ce9a5a581e8f2f9b14,calc01,womens_stockings_01M,1858def1a1ecf0e1de87fdbb649b8586cd9210fb,7ed95b3ba88443ed63f25ffe0b5fb52d78dab676,7,0.2857142857142857
81d80ef58b4ac7838e1ab1ce9a5a581e8f2f9b14,calc01,zebra,1858def1a1ecf0e1de87fdbb649b8586cd9210fb,21afbd503b5d4f9c399c4a66baef6bd6e894715f,4,1.0
826a0edbaafea0420fcbf0786ff1277e443502e4,weimaraner,22_acoustic_guitar,4f263a161cdd009ff7f9aa88ed9be2b852772142,b17c9b116f73af5e54e294b1362187bb666a1737,15,0.5333333333333333
826a0edbaafea0420fcbf0786ff1277e443502e4,weimaraner,Hanger_02,4f263a161cdd009ff7f9aa88ed9be2b852772142,2ef7b8f76464ac15cea9c2eaf23bfb992cfa8a20,7,0.5714285714285714
826a0edbaafea0420fcbf0786ff1277e443502e4,weimaraner,MB27346,4f263a161cdd009ff7f9aa88ed9be2b852772142,f3b1fb66463bf84b593dad9fd1028aa8db6f3720,18,0.6111111111111112
826a0edbaafea0420fcbf0786ff1277e443502e4,weimaraner,MB28699,4f263a161cdd009ff7f9aa88ed9be2b852772142,ee36e4d66958199793add93da479822f4d1164e6,15,0.4666666666666667
826a0edbaafea0420fcbf0786ff1277e443502e4,weimaraner,MB29874,4f263a161cdd009ff7f9aa88ed9be2b852772142,7cc042e01ac7e57de362ae777017d3e1b727c9f0,21,0.6190476190476191
826a0edbaafea0420fcbf0786ff1277e443502e4,weimaraner,MB30203,4f263a161cdd009ff7f9aa88ed9be2b852772142,e6e0c7209f8a7908c49f803651f7382e3a2e75c5,16,0.8125
826a0edbaafea0420fcbf0786ff1277e443502e4,weimaraner,MB30758,4f263a161cdd009ff7f9aa88ed9be2b852772142,61c2291042151124f703bb567c32ab30fda22360,12,0.75
826a0edbaafea0420fcbf0786ff1277e443502e4,weimaraner,antique_furniture_item_18,4f263a161cdd009ff7f9aa88ed9be2b852772142,bad9c53885fbc5be5a358b2ae742704b9f280dfa,7,1.0
826a0edbaafea0420fcbf0786ff1277e443502e4,weimaraner,build51,4f263a161cdd009ff7f9aa88ed9be2b852772142,c6a67bcc6433546d8ede05ca6b05e089509d27ed,19,1.0
826a0edbaafea0420fcbf0786ff1277e443502e4,weimaraner,calc01,4f263a161cdd009ff7f9aa88ed9be2b852772142,1858def1a1ecf0e1de87fdbb649b8586cd9210fb,8,1.0
826a0edbaafea0420fcbf0786ff1277e443502e4,weimaraner,dromedary,4f263a161cdd009ff7f9aa88ed9be2b852772142,d47c3fb53513386e01d13c19f771ca5eb0f7da90,9,0.7777777777777778
826a0edbaafea0420fcbf0786ff1277e443502e4,weimaraner,flarenut_spanner,4f263a161cdd009ff7f9aa88ed9be2b852772142,3b87ec5ffc07c08a35116928a8b6ffb64390e0a4,5,0.4
826a0edbaafea0420fcbf0786ff1277e443502e4,weimaraner,interior_details_103_4,4f263a161cdd009ff7f9aa88ed9be2b852772142,6c726f0ba025cab6490df5c05a6c436be87205ad,13,0.7692307692307693
826a0edbaafea0420fcbf0786ff1277e443502e4,weimaraner,interior_details_130_2,4f263a161cdd009ff7f9aa88ed9be2b852772142,f730e2fab41495e73bf0e665266a51a692d1ca54,21,0.7619047619047619
826a0edbaafea0420fcbf0786ff1277e443502e4,weimaraner,kitchen_equipment_knife2,4f263a161cdd009ff7f9aa88ed9be2b852772142,4c406e5b2db8e63397199570ff59e65caeca5775,12,0.3333333333333333
826a0edbaafea0420fcbf0786ff1277e443502e4,weimaraner,lo_poly_animal_BEAR_BLK,4f263a161cdd009ff7f9aa88ed9be2b852772142,3c6c194cc864f2a655446efa548eef153a393618,4,1.0
826a0edbaafea0420fcbf0786ff1277e443502e4,weimaraner,lo_poly_animal_CHICKDEE,4f263a161cdd009ff7f9aa88ed9be2b852772142,b95b95002cc603d8b4aec4836d1edc6b1f129efb,12,0.75
826a0edbaafea0420fcbf0786ff1277e443502e4,weimaraner,lo_poly_animal_ELE_AS1,4f263a161cdd009ff7f9aa88ed9be2b852772142,41313a938cb781cbd60a6870530e116a9d98e48c,10,0.9
826a0edbaafea0420fcbf0786ff1277e443502e4,weimaraner,lo_poly_animal_RHINO_2,4f263a161cdd009ff7f9aa88ed9be2b852772142,b87e834ba5e263774477edc6fc956070795ab1b6,12,0.9166666666666666
826a0edbaafea0420fcbf0786ff1277e443502e4,weimaraner,lo_poly_animal_TRANTULA,4f263a161cdd009ff7f9aa88ed9be2b852772142,8f14ff8cf138e89d90211a7811968af08d4d7098,21,0.8571428571428571
826a0edbaafea0420fcbf0786ff1277e443502e4,weimaraner,womens_shorts_01M,4f263a161cdd009ff7f9aa88ed9be2b852772142,66c09717173c555eced9e7a167f405b7d08ab18f,14,0.9285714285714286
826a0edbaafea0420fcbf0786ff1277e443502e4,weimaraner,womens_stockings_01M,4f263a161cdd009ff7f9aa88ed9be2b852772142,7ed95b3ba88443ed63f25ffe0b5fb52d78dab676,10,1.0
826a0edbaafea0420fcbf0786ff1277e443502e4,weimaraner,zebra,4f263a161cdd009ff7f9aa88ed9be2b852772142,21afbd503b5d4f9c399c4a66baef6bd6e894715f,13,1.0
82ce19fc49a173d0d2cec7b292e91c21e5503826,MB27346,22_acoustic_guitar,f3b1fb66463bf84b593dad9fd1028aa8db6f3720,b17c9b116f73af5e54e294b1362187bb666a1737,7,1.0
82ce19fc49a173d0d2cec7b292e91c21e5503826,MB27346,Hanger_02,f3b1fb66463bf84b593dad9fd1028aa8db6f3720,2ef7b8f76464ac15cea9c2eaf23bfb992cfa8a20,5,1.0
82ce19fc49a173d0d2cec7b292e91c21e5503826,MB27346,MB28699,f3b1fb66463bf84b593dad9fd1028aa8db6f3720,ee36e4d66958199793add93da479822f4d1164e6,11,1.0
82ce19fc49a173d0d2cec7b292e91c21e5503826,MB27346,MB29874,f3b1fb66463bf84b593dad9fd1028aa8db6f3720,7cc042e01ac7e57de362ae777017d3e1b727c9f0,8,1.0
82ce19fc49a173d0d2cec7b292e91c21e5503826,MB27346,MB30203,f3b1fb66463bf84b593dad9fd1028aa8db6f3720,e6e0c7209f8a7908c49f803651f7382e3a2e75c5,10,1.0
82ce19fc49a173d0d2cec7b292e91c21e5503826,MB27346,MB30758,f3b1fb66463bf84b593dad9fd1028aa8db6f3720,61c2291042151124f703bb567c32ab30fda22360,4,1.0
82ce19fc49a173d0d2cec7b292e91c21e5503826,MB27346,antique_furniture_item_18,f3b1fb66463bf84b593dad9fd1028aa8db6f3720,bad9c53885fbc5be5a358b2ae742704b9f280dfa,4,1.0
82ce19fc49a173d0d2cec7b292e91c21e5503826,MB27346,build51,f3b1fb66463bf84b593dad9fd1028aa8db6f3720,c6a67bcc6433546d8ede05ca6b05e089509d27ed,10,1.0
82ce19fc49a173d0d2cec7b292e91c21e5503826,MB27346,calc01,f3b1fb66463bf84b593dad9fd1028aa8db6f3720,1858def1a1ecf0e1de87fdbb649b8586cd9210fb,24,0.9166666666666666
82ce19fc49a173d0d2cec7b292e91c21e5503826,MB27346,dromedary,f3b1fb66463bf84b593dad9fd1028aa8db6f3720,d47c3fb53513386e01d13c19f771ca5eb0f7da90,7,1.0
82ce19fc49a173d0d2cec7b292e91c21e5503826,MB27346,flarenut_spanner,f3b1fb66463bf84b593dad9fd1028aa8db6f3720,3b87ec5ffc07c08a35116928a8b6ffb64390e0a4,6,1.0
82ce19fc49a173d0d2cec7b292e91c21e5503826,MB27346,interior_details_103_4,f3b1fb66463bf84b593dad9fd1028aa8db6f3720,6c726f0ba025cab6490df5c05a6c436be87205ad,9,1.0
82ce19fc49a173d0d2cec7b292e91c21e5503826,MB27346,interior_details_130_2,f3b1fb66463bf84b593dad9fd1028aa8db6f3720,f730e2fab41495e73bf0e665266a51a692d1ca54,5,1.0
82ce19fc49a173d0d2cec7b292e91c21e5503826,MB27346,kitchen_equipment_knife2,f3b1fb66463bf84b593dad9fd1028aa8db6f3720,4c406e5b2db8e63397199570ff59e65caeca5775,9,0.8888888888888888
82ce19fc49a173d0d2cec7b292e91c21e5503826,MB27346,lo_poly_animal_BEAR_BLK,f3b1fb66463bf84b593dad9fd1028aa8db6f3720,3c6c194cc864f2a655446efa548eef153a393618,9,1.0
82ce19fc49a173d0d2cec7b292e91c21e5503826,MB27346,lo_poly_animal_CHICKDEE,f3b1fb66463bf84b593dad9fd1028aa8db6f3720,b95b95002cc603d8b4aec4836d1edc6b1f129efb,5,1.0
82ce19fc49a173d0d2cec7b292e91c21e5503826,MB27346,lo_poly_animal_ELE_AS1,f3b1fb66463bf84b593dad9fd1028aa8db6f3720,41313a938cb781cbd60a6870530e116a9d98e48c,7,1.0
82ce19fc49a173d0d2cec7b292e91c21e5503826,MB27346,lo_poly_animal_RHINO_2,f3b1fb66463bf84b593dad9fd1028aa8db6f3720,b87e834ba5e263774477edc6fc956070795ab1b6,13,1.0
82ce19fc49a173d0d2cec7b292e91c21e5503826,MB27346,lo_poly_animal_TRANTULA,f3b1fb66463bf84b593dad9fd1028aa8db6f3720,8f14ff8cf138e89d90211a7811968af08d4d7098,17,1.0
82ce19fc49a173d0d2cec7b292e91c21e5503826,MB27346,weimaraner,f3b1fb66463bf84b593dad9fd1028aa8db6f3720,4f263a161cdd009ff7f9aa88ed9be2b852772142,11,1.0
82ce19fc49a173d0d2cec7b292e91c21e5503826,MB27346,womens_shorts_01M,f3b1fb66463bf84b593dad9fd1028aa8db6f3720,66c09717173c555eced9e7a167f405b7d08ab18f,8,1.0
82ce19fc49a173d0d2cec7b292e91c21e5503826,MB27346,womens_stockings_01M,f3b1fb66463bf84b593dad9fd1028aa8db6f3720,7ed95b3ba88443ed63f25ffe0b5fb52d78dab676,8,1.0
82f788860a3c4b72a975310c26cea6abc15a6858,MB30758,22_acoustic_guitar,61c2291042151124f703bb567c32ab30fda22360,b17c9b116f73af5e54e294b1362187bb666a1737,8,0.75
82f788860a3c4b72a975310c26cea6abc15a6858,MB30758,Hanger_02,61c2291042151124f703bb567c32ab30fda22360,2ef7b8f76464ac15cea9c2eaf23bfb992cfa8a20,12,1.0
82f788860a3c4b72a975310c26cea6abc15a6858,MB30758,MB27346,61c2291042151124f703bb567c32ab30fda22360,f3b1fb66463bf84b593dad9fd1028aa8db6f3720,4,1.0
82f788860a3c4b72a975310c26cea6abc15a6858,MB30758,MB28699,61c2291042151124f703bb567c32ab30fda22360,ee36e4d66958199793add93da479822f4d1164e6,8,1.0
82f788860a3c4b72a975310c26cea6abc15a6858,MB30758,MB30203,61c2291042151124f703bb567c32ab30fda22360,e6e0c7209f8a7908c49f803651f7382e3a2e75c5,7,1.0
82f788860a3c4b72a975310c26cea6abc15a6858,MB30758,antique_furniture_item_18,61c2291042151124f703bb567c32ab30fda22360,bad9c53885fbc5be5a358b2ae742704b9f280dfa,10,0.9
82f788860a3c4b72a975310c26cea6abc15a6858,MB30758,build51,61c2291042151124f703bb567c32ab30fda22360,c6a67bcc6433546d8ede05ca6b05e089509d27ed,17,0.8823529411764706
82f788860a3c4b72a975310c26cea6abc15a6858,MB30758,calc01,61c2291042151124f703bb567c32ab30fda22360,1858def1a1ecf0e1de87fdbb649b8586cd9210fb,6,1.0
82f788860a3c4b72a975310c26cea6abc15a6858,MB30758,dromedary,61c2291042151124f703bb567c32ab30fda22360,d47c3fb53513386e01d13c19f771ca5eb0f7da90,11,0.9090909090909091
82f788860a3c4b72a975310c26cea6abc15a6858,MB30758,flarenut_spanner,61c2291042151124f703bb567c32ab30fda22360,3b87ec5ffc07c08a35116928a8b6ffb64390e0a4,13,1.0
82f788860a3c4b72a975310c26cea6abc15a6858,MB30758,interior_details_130_2,61c2291042151124f703bb567c32ab30fda22360,f730e2fab41495e73bf0e665266a51a692d1ca54,9,1.0
82f788860a3c4b72a975310c26cea6abc15a6858,MB30758,kitchen_equipment_knife2,61c2291042151124f703bb567c32ab30fda22360,4c406e5b2db8e63397199570ff59e65caeca5775,4,1.0
82f788860a3c4b72a975310c26cea6abc15a6858,MB30758,lo_poly_animal_BEAR_BLK,61c2291042151124f703bb567c32ab30fda22360,3c6c194cc864f2a655446efa548eef153a393618,12,0.9166666666666666
82f788860a3c4b72a975310c26cea6abc15a6858,MB30758,lo_poly_animal_CHICKDEE,61c2291042151124f703bb567c32ab30fda22360,b95b95002cc603d8b4aec4836d1edc6b1f129efb,9,1.0
82f788860a3c4b72a975310c26cea6abc15a6858,MB30758,lo_poly_animal_RHINO_2,61c2291042151124f703bb567c32ab30fda22360,b87e834ba5e263774477edc6fc956070795ab1b6,18,1.0
82f788860a3c4b72a975310c26cea6abc15a6858,MB30758,lo_poly_animal_TRANTULA,61c2291042151124f703bb567c32ab30fda22360,8f14ff8cf138e89d90211a7811968af08d4d7098,9,1.0
82f788860a3c4b72a975310c26cea6abc15a6858,MB30758,weimaraner,61c2291042151124f703bb567c32ab30fda22360,4f263a161cdd009ff7f9aa88ed9be2b852772142,9,1.0
82f788860a3c4b72a975310c26cea6abc15a6858,MB30758,womens_shorts_01M,61c2291042151124f703bb567c32ab30fda22360,66c09717173c555eced9e7a167f405b7d08ab18f,6,0.8333333333333334
82f788860a3c4b72a975310c26cea6abc15a6858,MB30758,zebra,61c2291042151124f703bb567c32ab30fda22360,21afbd503b5d4f9c399c4a66baef6bd6e894715f,11,1.0
8537105ddd2201e72cac37053c0578f67f7af171,womens_stockings_01M,22_acoustic_guitar,7ed95b3ba88443ed63f25ffe0b5fb52d78dab676,b17c9b116f73af5e54e294b1362187bb666a1737,6,1.0
8537105ddd2201e72cac37053c0578f67f7af171,womens_stockings_01M,Hanger_02,7ed95b3ba88443ed63f25ffe0b5fb52d78dab676,2ef7b8f76464ac15cea9c2eaf23bfb992cfa8a20,9,0.8888888888888888
8537105ddd2201e72cac37053c0578f67f7af171,womens_stockings_01M,MB27346,7ed95b3ba88443ed63f25ffe0b5fb52d78dab676,f3b1fb66463bf84b593dad9fd1028aa8db6f3720,12,1.0
8537105ddd2201e72cac37053c0578f67f7af171,womens_stockings_01M,MB28699,7ed95b3ba88443ed63f25ffe0b5fb52d78dab676,ee36e4d66958199793add93da479822f4d1164e6,9,1.0
8537105ddd2201e72cac37053c0578f67f7af171,womens_stockings_01M,MB29874,7ed95b3ba88443ed63f25ffe0b5fb52d78dab676,7cc042e01ac7e57de362ae777017d3e1b727c9f0,9,1.0
8537105ddd2201e72cac37053c0578f67f7af171,womens_stockings_01M,MB30203,7ed95b3ba88443ed63f25ffe0b5fb52d78dab676,e6e0c7209f8a7908c49f803651f7382e3a2e75c5,11,0.9090909090909091
8537105ddd2201e72cac37053c0578f67f7af171,womens_stockings_01M,antique_furniture_item_18,7ed95b3ba88443ed63f25ffe0b5fb52d78dab676,bad9c53885fbc5be5a358b2ae742704b9f280dfa,11,1.0
8537105ddd2201e72cac37053c0578f67f7af171,womens_stockings_01M,build51,7ed95b3ba88443ed63f25ffe0b5fb52d78dab676,c6a67bcc6433546d8ede05ca6b05e089509d27ed,9,1.0
8537105ddd2201e72cac37053c0578f67f7af171,womens_stockings_01M,calc01,7ed95b3ba88443ed63f25ffe0b5fb52d78dab676,1858def1a1ecf0e1de87fdbb649b8586cd9210fb,10,0.9
8537105ddd2201e72cac37053c0578f67f7af171,womens_stockings_01M,dromedary,7ed95b3ba88443ed63f25ffe0b5fb52d78dab676,d47c3fb53513386e01d13c19f771ca5eb0f7da90,13,1.0
8537105ddd2201e72cac37053c0578f67f7af171,womens_stockings_01M,flarenut_spanner,7ed95b3ba88443ed63f25ffe0b5fb52d78dab676,3b87ec5ffc07c08a35116928a8b6ffb64390e0a4,7,1.0
8537105ddd2201e72cac37053c0578f67f7af171,womens_stockings_01M,interior_details_103_4,7ed95b3ba88443ed63f25ffe0b5fb52d78dab676,6c726f0ba025cab6490df5c05a6c436be87205ad,11,1.0
8537105ddd2201e72cac37053c0578f67f7af171,womens_stockings_01M,interior_details_130_2,7ed95b3ba88443ed63f25ffe0b5fb52d78dab676,f730e2fab41495e73bf0e665266a51a692d1ca54,7,1.0
8537105ddd2201e72cac37053c0578f67f7af171,womens_stockings_01M,lo_poly_animal_BEAR_BLK,7ed95b3ba88443ed63f25ffe0b5fb52d78dab676,3c6c194cc864f2a655446efa548eef153a393618,16,1.0
8537105ddd2201e72cac37053c0578f67f7af171,womens_stockings_01M,lo_poly_animal_CHICKDEE,7ed95b3ba88443ed63f25ffe0b5fb52d78dab676,b95b95002cc603d8b4aec4836d1edc6b1f129efb,19,1.0
8537105ddd2201e72cac37053c0578f67f7af171,womens_stockings_01M,lo_poly_animal_ELE_AS1,7ed95b3ba88443ed63f25ffe0b5fb52d78dab676,41313a938cb781cbd60a6870530e116a9d98e48c,18,1.0
8537105ddd2201e72cac37053c0578f67f7af171,womens_stockings_01M,lo_poly_animal_RHINO_2,7ed95b3ba88443ed63f25ffe0b5fb52d78dab676,b87e834ba5e263774477edc6fc956070795ab1b6,5,1.0
8537105ddd2201e72cac37053c0578f67f7af171,womens_stockings_01M,lo_poly_animal_TRANTULA,7ed95b3ba88443ed63f25ffe0b5fb52d78dab676,8f14ff8cf138e89d90211a7811968af08d4d7098,14,1.0
8537105ddd2201e72cac37053c0578f67f7af171,womens_stockings_01M,weimaraner,7ed95b3ba88443ed63f25ffe0b5fb52d78dab676,4f263a161cdd009ff7f9aa88ed9be2b852772142,4,1.0
8537105ddd2201e72cac37053c0578f67f7af171,womens_stockings_01M,womens_shorts_01M,7ed95b3ba88443ed63f25ffe0b5fb52d78dab676,66c09717173c555eced9e7a167f405b7d08ab18f,11,1.0
8537105ddd2201e72cac37053c0578f67f7af171,womens_stockings_01M,zebra,7ed95b3ba88443ed63f25ffe0b5fb52d78dab676,21afbd503b5d4f9c399c4a66baef6bd6e894715f,10,1.0
859fa77d3d1b886a3843f688cd2f0ff86c854bc9,22_acoustic_guitar,Hanger_02,b17c9b116f73af5e54e294b1362187bb666a1737,2ef7b8f76464ac15cea9c2eaf23bfb992cfa8a20,17,0.9411764705882353
859fa77d3d1b886a3843f688cd2f0ff86c854bc9,22_acoustic_guitar,MB27346,b17c9b116f73af5e54e294b1362187bb666a1737,f3b1fb66463bf84b593dad9fd1028aa8db6f3720,9,0.5555555555555556
859fa77d3d1b886a3843f688cd2f0ff86c854bc9,22_acoustic_guitar,MB28699,b17c9b116f73af5e54e294b1362187bb666a1737,ee36e4d66958199793add93da479822f4d1164e6,12,0.9166666666666666
859fa77d3d1b886a3843f688cd2f0ff86c854bc9,22_acoustic_guitar,MB29874,b17c9b116f73af5e54e294b1362187bb666a1737,7cc042e01ac7e57de362ae777017d3e1b727c9f0,7,0.5714285714285714
859fa77d3d1b886a3843f688cd2f0ff86c854bc9,22_acoustic_guitar,MB30203,b17c9b116f73af5e54e294b1362187bb666a1737,e6e0c7209f8a7908c49f803651f7382e3a2e75c5,7,0.8571428571428571
859fa77d3d1b886a3843f688cd2f0ff86c854bc9,22_acoustic_guitar,MB30758,b17c9b116f73af5e54e294b1362187bb666a1737,61c2291042151124f703bb567c32ab30fda22360,5,0.2
859fa77d3d1b886a3843f688cd2f0ff86c854bc9,22_acoustic_guitar,antique_furniture_item_18,b17c9b116f73af5e54e294b1362187bb666a1737,bad9c53885fbc5be5a358b2ae742704b9f280dfa,10,0.9
859fa77d3d1b886a3843f688cd2f0ff86c854bc9,22_acoustic_guitar,build51,b17c9b116f73af5e54e294b1362187bb666a1737,c6a67bcc6433546d8ede05ca6b05e089509d27ed,7,0.8571428571428571
859fa77d3d1b886a3843f688cd2f0ff86c854bc9,22_acoustic_guitar,calc01,b17c9b116f73af5e54e294b1362187bb666a1737,1858def1a1ecf0e1de87fdbb649b8586cd9210fb,4,1.0
859fa77d3d1b886a3843f688cd2f0ff86c854bc9,22_acoustic_guitar,dromedary,b17c9b116f73af5e54e294b1362187bb666a1737,d47c3fb53513386e01d13c19f771ca5eb0f7da90,8,0.75
859fa77d3d1b886a3843f688cd2f0ff86c854bc9,22_acoustic_guitar,flarenut_spanner,b17c9b116f73af5e54e294b1362187bb666a1737,3b87ec5ffc07c08a35116928a8b6ffb64390e0a4,4,0.5
859fa77d3d1b886a3843f688cd2f0ff86c854bc9,22_acoustic_guitar,interior_details_103_4,b17c9b116f73af5e54e294b1362187bb666a1737,6c726f0ba025cab6490df5c05a6c436be87205ad,12,1.0
859fa77d3d1b886a3843f688cd2f0ff86c854bc9,22_acoustic_guitar,interior_details_130_2,b17c9b116f73af5e54e294b1362187bb666a1737,f730e2fab41495e73bf0e665266a51a692d1ca54,16,1.0
859fa77d3d1b886a3843f688cd2f0ff86c854bc9,22_acoustic_guitar,lo_poly_animal_BEAR_BLK,b17c9b116f73af5e54e294b1362187bb666a1737,3c6c194cc864f2a655446efa548eef153a393618,7,0.8571428571428571
859fa77d3d1b886a3843f688cd2f0ff86c854bc9,22_acoustic_guitar,lo_poly_animal_ELE_AS1,b17c9b116f73af5e54e294b1362187bb666a1737,41313a938cb781cbd60a6870530e116a9d98e48c,9,1.0
859fa77d3d1b886a3843f688cd2f0ff86c854bc9,22_acoustic_guitar,lo_poly_animal_RHINO_2,b17c9b116f73af5e54e294b1362187bb666a1737,b87e834ba5e263774477edc6fc956070795ab1b6,17,0.5882352941176471
859fa77d3d1b886a3843f688cd2f0ff86c854bc9,22_acoustic_guitar,weimaraner,b17c9b116f73af5e54e294b1362187bb666a1737,4f263a161cdd009ff7f9aa88ed9be2b852772142,10,0.9
859fa77d3d1b886a3843f688cd2f0ff86c854bc9,22_acoustic_guitar,womens_shorts_01M,b17c9b116f73af5e54e294b1362187bb666a1737,66c09717173c555eced9e7a167f405b7d08ab18f,6,1.0
859fa77d3d1b886a3843f688cd2f0ff86c854bc9,22_acoustic_guitar,zebra,b17c9b116f73af5e54e294b1362187bb666a1737,21afbd503b5d4f9c399c4a66baef6bd6e894715f,8,0.75
8608cf5aaf24e25b968910bf8e259c4555ea52b8,lo_poly_animal_BEAR_BLK,22_acoustic_guitar,3c6c194cc864f2a655446efa548eef153a393618,b17c9b116f73af5e54e294b1362187bb666a1737,7,1.0
8608cf5aaf24e25b968910bf8e259c4555ea52b8,lo_poly_animal_BEAR_BLK,Hanger_02,3c6c194cc864f2a655446efa548eef153a393618,2ef7b8f76464ac15cea9c2eaf23bfb992cfa8a20,7,0.8571428571428571
8608cf5aaf24e25b968910bf8e259c4555ea52b8,lo_poly_animal_BEAR_BLK,MB27346,3c6c194cc864f2a655446efa548eef153a393618,f3b1fb66463bf84b593dad9fd1028aa8db6f3720,4,1.0
8608cf5aaf24e25b968910bf8e259c4555ea52b8,lo_poly_animal_BEAR_BLK,MB28699,3c6c194cc864f2a655446efa548eef153a393618,ee36e4d66958199793add93da479822f4d1164e6,8,1.0
8608cf5aaf24e25b968910bf8e259c4555ea52b8,lo_poly_animal_BEAR_BLK,MB29874,3c6c194cc864f2a655446efa548eef153a393618,7cc042e01ac7e57de362ae777017d3e1b727c9f0,5,1.0
8608cf5aaf24e25b968910bf8e259c4555ea52b8,lo_poly_animal_BEAR_BLK,MB30203,3c6c194cc864f2a655446efa548eef153a393618,e6e0c7209f8a7908c49f803651f7382e3a2e75c5,11,1.0
8608cf5aaf24e25b968910bf8e259c4555ea52b8,lo_poly_animal_BEAR_BLK,MB30758,3c6c194cc864f2a655446efa548eef153a393618,61c2291042151124f703bb567c32ab30fda22360,9,1.0
8608cf5aaf24e25b968910bf8e259c4555ea52b8,lo_poly_animal_BEAR_BLK,antique_furniture_item_18,3c6c194cc864f2a655446efa548eef153a393618,bad9c53885fbc5be5a358b2ae742704b9f280dfa,9,1.0
8608cf5aaf24e25b968910bf8e259c4555ea52b8,lo_poly_animal_BEAR_BLK,build51,3c6c194cc864f2a655446efa548eef153a393618,c6a67bcc6433546d8ede05ca6b05e089509d27ed,12,1.0
8608cf5aaf24e25b968910bf8e259c4555ea52b8,lo_poly_animal_BEAR_BLK,dromedary,3c6c194cc864f2a655446efa548eef153a393618,d47c3fb53513386e01d13c19f771ca5eb0f7da90,14,1.0
8608cf5aaf24e25b968910bf8e259c4555ea52b8,lo_poly_animal_BEAR_BLK,flarenut_spanner,3c6c194cc864f2a655446efa548eef153a393618,3b87ec5ffc07c08a35116928a8b6ffb64390e0a4,12,1.0
8608cf5aaf24e25b968910bf8e259c4555ea52b8,lo_poly_animal_BEAR_BLK,interior_details_103_4,3c6c194cc864f2a655446efa548eef153a393618,6c726f0ba025cab6490df5c05a6c436be87205ad,5,1.0
8608cf5aaf24e25b968910bf8e259c4555ea52b8,lo_poly_animal_BEAR_BLK,interior_details_130_2,3c6c194cc864f2a655446efa548eef153a393618,f730e2fab41495e73bf0e665266a51a692d1ca54,12,1.0
8608cf5aaf24e25b968910bf8e259c4555ea52b8,lo_poly_animal_BEAR_BLK,kitchen_equipment_knife2,3c6c194cc864f2a655446efa548eef153a393618,4c406e5b2db8e63397199570ff59e65caeca5775,18,0.9444444444444444
8608cf5aaf24e25b968910bf8e259c4555ea52b8,lo_poly_animal_BEAR_BLK,lo_poly_animal_CHICKDEE,3c6c194cc864f2a655446efa548eef153a393618,b95b95002cc603d8b4aec4836d1edc6b1f129efb,8,1.0
8608cf5aaf24e25b968910bf8e259c4555ea52b8,lo_poly_animal_BEAR_BLK,lo_poly_animal_ELE_AS1,3c6c194cc864f2a655446efa548eef153a393618,41313a938cb781cbd60a6870530e116a9d98e48c,6,1.0
8608cf5aaf24e25b968910bf8e259c4555ea52b8,lo_poly_animal_BEAR_BLK,lo_poly_animal_RHINO_2,3c6c194cc864f2a655446efa548eef153a393618,b87e834ba5e263774477edc6fc956070795ab1b6,7,1.0
8608cf5aaf24e25b968910bf8e259c4555ea52b8,lo_poly_animal_BEAR_BLK,womens_shorts_01M,3c6c194cc864f2a655446efa548eef153a393618,66c09717173c555eced9e7a167f405b7d08ab18f,10,1.0
8608cf5aaf24e25b968910bf8e259c4555ea52b8,lo_poly_animal_BEAR_BLK,womens_stockings_01M,3c6c194cc864f2a655446efa548eef153a393618,7ed95b3ba88443ed63f25ffe0b5fb52d78dab676,11,1.0
8608cf5aaf24e25b968910bf8e259c4555ea52b8,lo_poly_animal_BEAR_BLK,zebra,3c6c194cc864f2a655446efa548eef153a393618,21afbd503b5d4f9c399c4a66baef6bd6e894715f,8,0.875
87dfe109b65e448e25abf3db226bce8aa64fc86b,flarenut_spanner,22_acoustic_guitar,3b87ec5ffc07c08a35116928a8b6ffb64390e0a4,b17c9b116f73af5e54e294b1362187bb666a1737,6,1.0
87dfe109b65e448e25abf3db226bce8aa64fc86b,flarenut_spanner,Hanger_02,3b87ec5ffc07c08a35116928a8b6ffb64390e0a4,2ef7b8f76464ac15cea9c2eaf23bfb992cfa8a20,14,0.9285714285714286
87dfe109b65e448e25abf3db226bce8aa64fc86b,flarenut_spanner,MB27346,3b87ec5ffc07c08a35116928a8b6ffb64390e0a4,f3b1fb66463bf84b593dad9fd1028aa8db6f3720,17,0.9411764705882353
87dfe109b65e448e25abf3db226bce8aa64fc86b,flarenut_spanner,MB28699,3b87ec5ffc07c08a35116928a8b6ffb64390e0a4,ee36e4d66958199793add93da479822f4d1164e6,8,1.0
87dfe109b65e448e25abf3db226bce8aa64fc86b,flarenut_spanner,MB30203,3b87ec5ffc07c08a35116928a8b6ffb64390e0a4,e6e0c7209f8a7908c49f803651f7382e3a2e75c5,11,1.0
87dfe109b65e448e25abf3db226bce8aa64fc86b,flarenut_spanner,MB30758,3b87ec5ffc07c08a35116928a8b6ffb64390e0a4,61c2291042151124f703bb567c32ab30fda22360,14,1.0
87dfe109b65e448e25abf3db226bce8aa64fc86b,flarenut_spanner,build51,3b87ec5ffc07c08a35116928a8b6ffb64390e0a4,c6a67bcc6433546d8ede05ca6b05e089509d27ed,9,1.0
87dfe109b65e448e25abf3db226bce8aa64fc86b,flarenut_spanner,calc01,3b87ec5ffc07c08a35116928a8b6ffb64390e0a4,1858def1a1ecf0e1de87fdbb649b8586cd9210fb,4,1.0
87dfe109b65e448e25abf3db226bce8aa64fc86b,flarenut_spanner,dromedary,3b87ec5ffc07c08a35116928a8b6ffb64390e0a4,d47c3fb53513386e01d13c19f771ca5eb0f7da90,7,1.0
87dfe109b65e448e25abf3db226bce8aa64fc86b,flarenut_spanner,interior_details_103_4,3b87ec5ffc07c08a35116928a8b6ffb64390e0a4,6c726f0ba025cab6490df5c05a6c436be87205ad,5,1.0
87dfe109b65e448e25abf3db226bce8aa64fc86b,flarenut_spanner,interior_details_130_2,3b87ec5ffc07c08a35116928a8b6ffb64390e0a4,f730e2fab41495e73bf0e665266a51a692d1ca54,4,1.0
87dfe109b65e448e25abf3db226bce8aa64fc86b,flarenut_spanner,kitchen_equipment_knife2,3b87ec5ffc07c08a35116928a8b6ffb64390e0a4,4c406e5b2db8e63397199570ff59e65caeca5775,7,0.8571428571428571
87dfe109b65e448e25abf3db226bce8aa64fc86b,flarenut_spanner,lo_poly_animal_BEAR_BLK,3b87ec5ffc07c08a35116928a8b6ffb64390e0a4,3c6c194cc864f2a655446efa548eef153a393618,7,1.0
87dfe109b65e448e25abf3db226bce8aa64fc86b,flarenut_spanner,lo_poly_animal_CHICKDEE,3b87ec5ffc07c08a35116928a8b6ffb64390e0a4,b95b95002cc603d8b4aec4836d1edc6b1f129efb,19,0.9473684210526315
87dfe109b65e448e25abf3db226bce8aa64fc86b,flarenut_spanner,lo_poly_animal_ELE_AS1,3b87ec5ffc07c08a35116928a8b6ffb64390e0a4,41313a938cb781cbd60a6870530e116a9d98e48c,18,1.0
87dfe109b65e448e25abf3db226bce8aa64fc86b,flarenut_spanner,lo_poly_animal_RHINO_2,3b87ec5ffc07c08a35116928a8b6ffb64390e0a4,b87e834ba5e263774477edc6fc956070795ab1b6,13,1.0
87dfe109b65e448e25abf3db226bce8aa64fc86b,flarenut_spanner,lo_poly_animal_TRANTULA,3b87ec5ffc07c08a35116928a8b6ffb64390e0a4,8f14ff8cf138e89d90211a7811968af08d4d7098,5,1.0
87dfe109b65e448e25abf3db226bce8aa64fc86b,flarenut_spanner,weimaraner,3b87ec5ffc07c08a35116928a8b6ffb64390e0a4,4f263a161cdd009ff7f9aa88ed9be2b852772142,9,0.8888888888888888
87dfe109b65e448e25abf3db226bce8aa64fc86b,flarenut_spanner,womens_shorts_01M,3b87ec5ffc07c08a35116928a8b6ffb64390e0a4,66c09717173c555eced9e7a167f405b7d08ab18f,11,1.0
87dfe109b65e448e25abf3db226bce8aa64fc86b,flarenut_spanner,womens_stockings_01M,3b87ec5ffc07c08a35116928a8b6ffb64390e0a4,7ed95b3ba88443ed63f25ffe0b5fb52d78dab676,9,0.8888888888888888
87dfe109b65e448e25abf3db226bce8aa64fc86b,flarenut_spanner,zebra,3b87ec5ffc07c08a35116928a8b6ffb64390e0a4,21afbd503b5d4f9c399c4a66baef6bd6e894715f,9,0.8888888888888888
882ccb04503262ca17fcd0cd2a7c101e288be60d,22_acoustic_guitar,Hanger_02,b17c9b116f73af5e54e294b1362187bb666a1737,2ef7b8f76464ac15cea9c2eaf23bfb992cfa8a20,15,0.8666666666666667
882ccb04503262ca17fcd0cd2a7c101e288be60d,22_acoustic_guitar,MB27346,b17c9b116f73af5e54e294b1362187bb666a1737,f3b1fb66463bf84b593dad9fd1028aa8db6f3720,12,0.8333333333333334
882ccb04503262ca17fcd0cd2a7c101e288be60d,22_acoustic_guitar,MB28699,b17c9b116f73af5e54e294b1362187bb666a1737,ee36e4d66958199793add93da479822f4d1164e6,14,0.6428571428571429
882ccb04503262ca17fcd0cd2a7c101e288be60d,22_acoustic_guitar,MB29874,b17c9b116f73af5e54e294b1362187bb666a1737,7cc042e01ac7e57de362ae777017d3e1b727c9f0,5,0.8
882ccb04503262ca17fcd0cd2a7c101e288be60d,22_acoustic_guitar,MB30203,b17c9b116f73af5e54e294b1362187bb666a1737,e6e0c7209f8a7908c49f803651f7382e3a2e75c5,4,0.75
882ccb04503262ca17fcd0cd2a7c101e288be60d,22_acoustic_guitar,MB30758,b17c9b116f73af5e54e294b1362187bb666a1737,61c2291042151124f703bb567c32ab30fda22360,6,0.8333333333333334
882ccb04503262ca17fcd0cd2a7c101e288be60d,22_acoustic_guitar,antique_furniture_item_18,b17c9b116f73af5e54e294b1362187bb666a1737,bad9c53885fbc5be5a358b2ae742704b9f280dfa,9,1.0
882ccb04503262ca17fcd0cd2a7c101e288be60d,22_acoustic_guitar,build51,b17c9b116f73af5e54e294b1362187bb666a1737,c6a67bcc6433546d8ede05ca6b05e089509d27ed,13,1.0
882ccb04503262ca17fcd0cd2a7c101e288be60d,22_acoustic_guitar,calc01,b17c9b116f73af5e54e294b1362187bb666a1737,1858def1a1ecf0e1de87fdbb649b8586cd9210fb,18,1.0
882ccb04503262ca17fcd0cd2a7c101e288be60d,22_acoustic_guitar,dromedary,b17c9b116f73af5e54e294b1362187bb666a1737,d47c3fb53513386e01d13c19f771ca5eb0f7da90,6,1.0
882ccb04503262ca17fcd0cd2a7c101e288be60d,22_acoustic_guitar,flarenut_spanner,b17c9b116f73af5e54e294b1362187bb666a1737,3b87ec5ffc07c08a35116928a8b6ffb64390e0a4,9,0.8888888888888888
882ccb04503262ca17fcd0cd2a7c101e288be60d,22_acoustic_guitar,interior_details_103_4,b17c9b116f73af5e54e294b1362187bb666a1737,6c726f0ba025cab6490df5c05a6c436be87205ad,7,1.0
882ccb04503262ca17fcd0cd2a7c101e288be60d,22_acoustic_guitar,interior_details_130_2,b17c9b116f73af5e54e294b1362187bb666a1737,f730e2fab41495e73bf0e665266a51a692d1ca54,7,1.0
882ccb04503262ca17fcd0cd2a7c101e288be60d,22_acoustic_guitar,kitchen_equipment_knife2,b17c9b116f73af5e54e294b1362187bb666a1737,4c406e5b2db8e63397199570ff59e65caeca5775,8,0.625
882ccb04503262ca17fcd0cd2a7c101e288be60d,22_acoustic_guitar,lo_poly_animal_BEAR_BLK,b17c9b116f73af5e54e294b1362187bb666a1737,3c6c194cc864f2a655446efa548eef153a393618,14,0.9285714285714286
882ccb04503262ca17fcd0cd2a7c101e288be60d,22_acoustic_guitar,lo_poly_animal_ELE_AS1,b17c9b116f73af5e54e294b1362187bb666a1737,41313a938cb781cbd60a6870530e116a9d98e48c,6,0.8333333333333334
882ccb04503262ca17fcd0cd2a7c101e288be60d,22_acoustic_guitar,lo_poly_animal_TRANTULA,b17c9b116f73af5e54e294b1362187bb666a1737,8f14ff8cf138e89d90211a7811968af08d4d7098,38,0.9473684210526315
882ccb04503262ca17fcd0cd2a7c101e288be60d,22_acoustic_guitar,womens_shorts_01M,b17c9b116f73af5e54e294b1362187bb666a1737,66c09717173c555eced9e7a167f405b7d08ab18f,7,0.8571428571428571
882ccb04503262ca17fcd0cd2a7c101e288be60d,22_acoustic_guitar,womens_stockings_01M,b17c9b116f73af5e54e294b1362187bb666a1737,7ed95b3ba88443ed63f25ffe0b5fb52d78dab676,12,0.8333333333333334
882ccb04503262ca17fcd0cd2a7c101e288be60d,22_acoustic_guitar,zebra,b17c9b116f73af5e54e294b1362187bb666a1737,21afbd503b5d4f9c399c4a66baef6bd6e894715f,10,1.0
8ca647c0868274d9364e0dc24d0ed1bb4eeaccae,lo_poly_animal_BEAR_BLK,22_acoustic_guitar,3c6c194cc864f2a655446efa548eef153a393618,b17c9b116f73af5e54e294b1362187bb666a1737,22,1.0
8ca647c0868274d9364e0dc24d0ed1bb4eeaccae,lo_poly_animal_BEAR_BLK,Hanger_02,3c6c194cc864f2a655446efa548eef153a393618,2ef7b8f76464ac15cea9c2eaf23bfb992cfa8a20,7,1.0
8ca647c0868274d9364e0dc24d0ed1bb4eeaccae,lo_poly_animal_BEAR_BLK,MB28699,3c6c194cc864f2a655446efa548eef153a393618,ee36e4d66958199793add93da479822f4d1164e6,16,1.0
8ca647c0868274d9364e0dc24d0ed1bb4eeaccae,lo_poly_animal_BEAR_BLK,MB29874,3c6c194cc864f2a655446efa548eef153a393618,7cc042e01ac7e57de362ae777017d3e1b727c9f0,14,1.0
8ca647c0868274d9364e0dc24d0ed1bb4eeaccae,lo_poly_animal_BEAR_BLK,MB30203,3c6c194cc864f2a655446efa548eef153a393618,e6e0c7209f8a7908c49f803651f7382e3a2e75c5,10,1.0
8ca647c0868274d9364e0dc24d0ed1bb4eeaccae,lo_poly_animal_BEAR_BLK,MB30758,3c6c194cc864f2a655446efa548eef153a393618,61c2291042151124f703bb567c32ab30fda22360,13,1.0
8ca647c0868274d9364e0dc24d0ed1bb4eeaccae,lo_poly_animal_BEAR_BLK,antique_furniture_item_18,3c6c194cc864f2a655446efa548eef153a393618,bad9c53885fbc5be5a358b2ae742704b9f280dfa,19,0.9473684210526315
8ca647c0868274d9364e0dc24d0ed1bb4eeaccae,lo_poly_animal_BEAR_BLK,build51,3c6c194cc864f2a655446efa548eef153a393618,c6a67bcc6433546d8ede05ca6b05e089509d27ed,7,1.0
8ca647c0868274d9364e0dc24d0ed1bb4eeaccae,lo_poly_animal_BEAR_BLK,calc01,3c6c194cc864f2a655446efa548eef153a393618,1858def1a1ecf0e1de87fdbb649b8586cd9210fb,11,1.0
8ca647c0868274d9364e0dc24d0ed1bb4eeaccae,lo_poly_animal_BEAR_BLK,dromedary,3c6c194cc864f2a655446efa548eef153a393618,d47c3fb53513386e01d13c19f771ca5eb0f7da90,11,0.9090909090909091
8ca647c0868274d9364e0dc24d0ed1bb4eeaccae,lo_poly_animal_BEAR_BLK,flarenut_spanner,3c6c194cc864f2a655446efa548eef153a393618,3b87ec5ffc07c08a35116928a8b6ffb64390e0a4,15,0.9333333333333333
8ca647c0868274d9364e0dc24d0ed1bb4eeaccae,lo_poly_animal_BEAR_BLK,interior_details_103_4,3c6c194cc864f2a655446efa548eef153a393618,6c726f0ba025cab6490df5c05a6c436be87205ad,17,0.9411764705882353
8ca647c0868274d9364e0dc24d0ed1bb4eeaccae,lo_poly_animal_BEAR_BLK,interior_details_130_2,3c6c194cc864f2a655446efa548eef153a393618,f730e2fab41495e73bf0e665266a51a692d1ca54,14,0.9285714285714286
8ca647c0868274d9364e0dc24d0ed1bb4eeaccae,lo_poly_animal_BEAR_BLK,kitchen_equipment_knife2,3c6c194cc864f2a655446efa548eef153a393618,4c406e5b2db8e63397199570ff59e65caeca5775,17,1.0
8ca647c0868274d9364e0dc24d0ed1bb4eeaccae,lo_poly_animal_BEAR_BLK,lo_poly_animal_CHICKDEE,3c6c194cc864f2a655446efa548eef153a393618,b95b95002cc603d8b4aec4836d1edc6b1f129efb,7,1.0
8ca647c0868274d9364e0dc24d0ed1bb4eeaccae,lo_poly_animal_BEAR_BLK,lo_poly_animal_ELE_AS1,3c6c194cc864f2a655446efa548eef153a393618,41313a938cb781cbd60a6870530e116a9d98e48c,6,1.0
8ca647c0868274d9364e0dc24d0ed1bb4eeaccae,lo_poly_animal_BEAR_BLK,lo_poly_animal_RHINO_2,3c6c194cc864f2a655446efa548eef153a393618,b87e834ba5e263774477edc6fc956070795ab1b6,11,1.0
8ca647c0868274d9364e0dc24d0ed1bb4eeaccae,lo_poly_animal_BEAR_BLK,lo_poly_animal_TRANTULA,3c6c194cc864f2a655446efa548eef153a393618,8f14ff8cf138e89d90211a7811968af08d4d7098,12,1.0
8ca647c0868274d9364e0dc24d0ed1bb4eeaccae,lo_poly_animal_BEAR_BLK,weimaraner,3c6c194cc864f2a655446efa548eef153a393618,4f263a161cdd009ff7f9aa88ed9be2b852772142,12,1.0
8ca647c0868274d9364e0dc24d0ed1bb4eeaccae,lo_poly_animal_BEAR_BLK,womens_shorts_01M,3c6c194cc864f2a655446efa548eef153a393618,66c09717173c555eced9e7a167f405b7d08ab18f,18,1.0
8ca647c0868274d9364e0dc24d0ed1bb4eeaccae,lo_poly_animal_BEAR_BLK,womens_stockings_01M,3c6c194cc864f2a655446efa548eef153a393618,7ed95b3ba88443ed63f25ffe0b5fb52d78dab676,6,1.0
8ca647c0868274d9364e0dc24d0ed1bb4eeaccae,lo_poly_animal_BEAR_BLK,zebra,3c6c194cc864f2a655446efa548eef153a393618,21afbd503b5d4f9c399c4a66baef6bd6e894715f,10,0.9
8d0ce74c23ad0c67359ae902549ecf7628dbadfe,lo_poly_animal_CHICKDEE,22_acoustic_guitar,b95b95002cc603d8b4aec4836d1edc6b1f129efb,b17c9b116f73af5e54e294b1362187bb666a1737,9,1.0
8d0ce74c23ad0c67359ae902549ecf7628dbadfe,lo_poly_animal_CHICKDEE,Hanger_02,b95b95002cc603d8b4aec4836d1edc6b1f129efb,2ef7b8f76464ac15cea9c2eaf23bfb992cfa8a20,17,1.0
8d0ce74c23ad0c67359ae902549ecf7628dbadfe,lo_poly_animal_CHICKDEE,MB27346,b95b95002cc603d8b4aec4836d1edc6b1f129efb,f3b1fb66463bf84b593dad9fd1028aa8db6f3720,9,1.0
8d0ce74c23ad0c67359ae902549ecf7628dbadfe,lo_poly_animal_CHICKDEE,MB28699,b95b95002cc603d8b4aec4836d1edc6b1f129efb,ee36e4d66958199793add93da479822f4d1164e6,17,1.0
8d0ce74c23ad0c67359ae902549ecf7628dbadfe,lo_poly_animal_CHICKDEE,MB29874,b95b95002cc603d8b4aec4836d1edc6b1f129efb,7cc042e01ac7e57de362ae777017d3e1b727c9f0,7,1.0
8d0ce74c23ad0c67359ae902549ecf7628dbadfe,lo_poly_animal_CHICKDEE,MB30203,b95b95002cc603d8b4aec4836d1edc6b1f129efb,e6e0c7209f8a7908c49f803651f7382e3a2e75c5,15,1.0
8d0ce74c23ad0c67359ae902549ecf7628dbadfe,lo_poly_animal_CHICKDEE,MB30758,b95b95002cc603d8b4aec4836d1edc6b1f129efb,61c2291042151124f703bb567c32ab30fda22360,11,0.9090909090909091
8d0ce74c23ad0c67359ae902549ecf7628dbadfe,lo_poly_animal_CHICKDEE,build51,b95b95002cc603d8b4aec4836d1edc6b1f129efb,c6a67bcc6433546d8ede05ca6b05e089509d27ed,15,1.0
8d0ce74c23ad0c67359ae902549ecf7628dbadfe,lo_poly_animal_CHICKDEE,dromedary,b95b95002cc603d8b4aec4836d1edc6b1f129efb,d47c3fb53513386e01d13c19f771ca5eb0f7da90,7,0.8571428571428571
8d0ce74c23ad0c67359ae902549ecf7628dbadfe,lo_poly_animal_CHICKDEE,flarenut_spanner,b95b95002cc603d8b4aec4836d1edc6b1f129efb,3b87ec5ffc07c08a35116928a8b6ffb64390e0a4,14,1.0
8d0ce74c23ad0c67359ae902549ecf7628dbadfe,lo_poly_animal_CHICKDEE,interior_details_103_4,b95b95002cc603d8b4aec4836d1edc6b1f129efb,6c726f0ba025cab6490df5c05a6c436be87205ad,7,1.0
8d0ce74c23ad0c67359ae902549ecf7628dbadfe,lo_poly_animal_CHICKDEE,interior_details_130_2,b95b95002cc603d8b4aec4836d1edc6b1f129efb,f730e2fab41495e73bf0e665266a51a692d1ca54,13,1.0
8d0ce74c23ad0c67359ae902549ecf7628dbadfe,lo_poly_animal_CHICKDEE,kitchen_equipment_knife2,b95b95002cc603d8b4aec4836d1edc6b1f129efb,4c406e5b2db8e63397199570ff59e65caeca5775,8,1.0
8d0ce74c23ad0c67359ae902549ecf7628dbadfe,lo_poly_animal_CHICKDEE,lo_poly_animal_BEAR_BLK,b95b95002cc603d8b4aec4836d1edc6b1f129efb,3c6c194cc864f2a655446efa548eef153a393618,11,1.0
8d0ce74c23ad0c67359ae902549ecf7628dbadfe,lo_poly_animal_CHICKDEE,lo_poly_animal_RHINO_2,b95b95002cc603d8b4aec4836d1edc6b1f129efb,b87e834ba5e263774477edc6fc956070795ab1b6,15,1.0
8d0ce74c23ad0c67359ae902549ecf7628dbadfe,lo_poly_animal_CHICKDEE,lo_poly_animal_TRANTULA,b95b95002cc603d8b4aec4836d1edc6b1f129efb,8f14ff8cf138e89d90211a7811968af08d4d7098,7,0.8571428571428571
8d0ce74c23ad0c67359ae902549ecf7628dbadfe,lo_poly_animal_CHICKDEE,weimaraner,b95b95002cc603d8b4aec4836d1edc6b1f129efb,4f263a161cdd009ff7f9aa88ed9be2b852772142,10,0.9
8d0ce74c23ad0c67359ae902549ecf7628dbadfe,lo_poly_animal_CHICKDEE,womens_stockings_01M,b95b95002cc603d8b4aec4836d1edc6b1f129efb,7ed95b3ba88443ed63f25ffe0b5fb52d78dab676,8,1.0
8d0ce74c23ad0c67359ae902549ecf7628dbadfe,lo_poly_animal_CHICKDEE,zebra,b95b95002cc603d8b4aec4836d1edc6b1f129efb,21afbd503b5d4f9c399c4a66baef6bd6e894715f,9,0.8888888888888888
8dc10f200670c5a052adadcc3eaee5efbfadc6e1,womens_stockings_01M,22_acoustic_guitar,7ed95b3ba88443ed63f25ffe0b5fb52d78dab676,b17c9b116f73af5e54e294b1362187bb666a1737,13,1.0
8dc10f200670c5a052adadcc3eaee5efbfadc6e1,womens_stockings_01M,MB27346,7ed95b3ba88443ed63f25ffe0b5fb52d78dab676,f3b1fb66463bf84b593dad9fd1028aa8db6f3720,6,1.0
8dc10f200670c5a052adadcc3eaee5efbfadc6e1,womens_stockings_01M,MB28699,7ed95b3ba88443ed63f25ffe0b5fb52d78dab676,ee36e4d66958199793add93da479822f4d1164e6,9,1.0
8dc10f200670c5a052adadcc3eaee5efbfadc6e1,womens_stockings_01M,MB29874,7ed95b3ba88443ed63f25ffe0b5fb52d78dab676,7cc042e01ac7e57de362ae777017d3e1b727c9f0,12,0.9166666666666666
8dc10f200670c5a052adadcc3eaee5efbfadc6e1,womens_stockings_01M,MB30758,7ed95b3ba88443ed63f25ffe0b5fb52d78dab676,61c2291042151124f703bb567c32ab30fda22360,6,1.0
8dc10f200670c5a052adadcc3eaee5efbfadc6e1,womens_stockings_01M,antique_furniture_item_18,7ed95b3ba88443ed63f25ffe0b5fb52d78dab676,bad9c53885fbc5be5a358b2ae742704b9f280dfa,12,1.0
8dc10f200670c5a052adadcc3eaee5efbfadc6e1,womens_stockings_01M,build51,7ed95b3ba88443ed63f25ffe0b5fb52d78dab676,c6a67bcc6433546d8ede05ca6b05e089509d27ed,11,1.0
8dc10f200670c5a052adadcc3eaee5efbfadc6e1,womens_stockings_01M,calc01,7ed95b3ba88443ed63f25ffe0b5fb52d78dab676,1858def1a1ecf0e1de87fdbb649b8586cd9210fb,7,1.0
8dc10f200670c5a052adadcc3eaee5efbfadc6e1,womens_stockings_01M,dromedary,7ed95b3ba88443ed63f25ffe0b5fb52d78dab676,d47c3fb53513386e01d13c19f771ca5eb0f7da90,6,1.0
8dc10f200670c5a052adadcc3eaee5efbfadc6e1,womens_stockings_01M,flarenut_spanner,7ed95b3ba88443ed63f25ffe0b5fb52d78dab676,3b87ec5ffc07c08a35116928a8b6ffb64390e0a4,10,1.0
8dc10f200670c5a052adadcc3eaee5efbfadc6e1,womens_stockings_01M,interior_details_103_4,7ed95b3ba88443ed63f25ffe0b5fb52d78dab676,6c726f0ba025cab6490df5c05a6c436be87205ad,15,1.0
8dc10f200670c5a052adadcc3eaee5efbfadc6e1,womens_stockings_01M,interior_details_130_2,7ed95b3ba88443ed63f25ffe0b5fb52d78dab676,f730e2fab41495e73bf0e665266a51a692d1ca54,7,1.0
8dc10f200670c5a052adadcc3eaee5efbfadc6e1,womens_stockings_01M,kitchen_equipment_knife2,7ed95b3ba88443ed63f25ffe0b5fb52d78dab676,4c406e5b2db8e63397199570ff59e65caeca5775,5,1.0
8dc10f200670c5a052adadcc3eaee5efbfadc6e1,womens_stockings_01M,lo_poly_animal_CHICKDEE,7ed95b3ba88443ed63f25ffe0b5fb52d78dab676,b95b95002cc603d8b4aec4836d1edc6b1f129efb,20,0.95
8dc10f200670c5a052adadcc3eaee5efbfadc6e1,womens_stockings_01M,lo_poly_animal_ELE_AS1,7ed95b3ba88443ed63f25ffe0b5fb52d78dab676,41313a938cb781cbd60a6870530e116a9d98e48c,5,1.0
8dc10f200670c5a052adadcc3eaee5efbfadc6e1,womens_stockings_01M,lo_poly_animal_RHINO_2,7ed95b3ba88443ed63f25ffe0b5fb52d78dab676,b87e834ba5e263774477edc6fc956070795ab1b6,9,1.0
8dc10f200670c5a052adadcc3eaee5efbfadc6e1,womens_stockings_01M,lo_poly_animal_TRANTULA,7ed95b3ba88443ed63f25ffe0b5fb52d78dab676,8f14ff8cf138e89d90211a7811968af08d4d7098,8,1.0
8dc10f200670c5a052adadcc3eaee5efbfadc6e1,womens_stockings_01M,weimaraner,7ed95b3ba88443ed63f25ffe0b5fb52d78dab676,4f263a161cdd009ff7f9aa88ed9be2b852772142,6,1.0
8dc10f200670c5a052adadcc3eaee5efbfadc6e1,womens_stockings_01M,womens_shorts_01M,7ed95b3ba88443ed63f25ffe0b5fb52d78dab676,66c09717173c555eced9e7a167f405b7d08ab18f,8,1.0
8dc10f200670c5a052adadcc3eaee5efbfadc6e1,womens_stockings_01M,zebra,7ed95b3ba88443ed63f25ffe0b5fb52d78dab676,21afbd503b5d4f9c399c4a66baef6bd6e894715f,10,1.0
8e35e5f009a242bbddad6157145183ab16fff8a7,lo_poly_animal_RHINO_2,22_acoustic_guitar,b87e834ba5e263774477edc6fc956070795ab1b6,b17c9b116f73af5e54e294b1362187bb666a1737,16,1.0
8e35e5f009a242bbddad6157145183ab16fff8a7,lo_poly_animal_RHINO_2,Hanger_02,b87e834ba5e263774477edc6fc956070795ab1b6,2ef7b8f76464ac15cea9c2eaf23bfb992cfa8a20,8,1.0
8e35e5f009a242bbddad6157145183ab16fff8a7,lo_poly_animal_RHINO_2,MB27346,b87e834ba5e263774477edc6fc956070795ab1b6,f3b1fb66463bf84b593dad9fd1028aa8db6f3720,4,0.75
8e35e5f009a242bbddad6157145183ab16fff8a7,lo_poly_animal_RHINO_2,MB29874,b87e834ba5e263774477edc6fc956070795ab1b6,7cc042e01ac7e57de362ae777017d3e1b727c9f0,9,1.0
8e35e5f009a242bbddad6157145183ab16fff8a7,lo_poly_animal_RHINO_2,MB30203,b87e834ba5e263774477edc6fc956070795ab1b6,e6e0c7209f8a7908c49f803651f7382e3a2e75c5,16,1.0
8e35e5f009a242bbddad6157145183ab16fff8a7,lo_poly_animal_RHINO_2,build51,b87e834ba5e263774477edc6fc956070795ab1b6,c6a67bcc6433546d8ede05ca6b05e089509d27ed,12,1.0
8e35e5f009a242bbddad6157145183ab16fff8a7,lo_poly_animal_RHINO_2,dromedary,b87e834ba5e263774477edc6fc956070795ab1b6,d47c3fb53513386e01d13c19f771ca5eb0f7da90,9,1.0
8e35e5f009a242bbddad6157145183ab16fff8a7,lo_poly_animal_RHINO_2,flarenut_spanner,b87e834ba5e263774477edc6fc956070795ab1b6,3b87ec5ffc07c08a35116928a8b6ffb64390e0a4,9,1.0
8e35e5f009a242bbddad6157145183ab16fff8a7,lo_poly_animal_RHINO_2,interior_details_103_4,b87e834ba5e263774477edc6fc956070795ab1b6,6c726f0ba025cab6490df5c05a6c436be87205ad,9,1.0
8e35e5f009a242bbddad6157145183ab16fff8a7,lo_poly_animal_RHINO_2,interior_details_130_2,b87e834ba5e263774477edc6fc956070795ab1b6,f730e2fab41495e73bf0e665266a51a692d1ca54,11,1.0
8e35e5f009a242bbddad6157145183ab16fff8a7,lo_poly_animal_RHINO_2,kitchen_equipment_knife2,b87e834ba5e263774477edc6fc956070795ab1b6,4c406e5b2db8e63397199570ff59e65caeca5775,14,1.0
8e35e5f009a242bbddad6157145183ab16fff8a7,lo_poly_animal_RHINO_2,lo_poly_animal_BEAR_BLK,b87e834ba5e263774477edc6fc956070795ab1b6,3c6c194cc864f2a655446efa548eef153a393618,24,0.9583333333333334
8e35e5f009a242bbddad6157145183ab16fff8a7,lo_poly_animal_RHINO_2,lo_poly_animal_CHICKDEE,b87e834ba5e263774477edc6fc956070795ab1b6,b95b95002cc603d8b4aec4836d1edc6b1f129efb,9,1.0
8e35e5f009a242bbddad6157145183ab16fff8a7,lo_poly_animal_RHINO_2,lo_poly_animal_ELE_AS1,b87e834ba5e263774477edc6fc956070795ab1b6,41313a938cb781cbd60a6870530e116a9d98e48c,11,0.9090909090909091
8e35e5f009a242bbddad6157145183ab16fff8a7,lo_poly_animal_RHINO_2,lo_poly_animal_TRANTULA,b87e834ba5e263774477edc6fc956070795ab1b6,8f14ff8cf138e89d90211a7811968af08d4d7098,9,1.0
8e35e5f009a242bbddad6157145183ab16fff8a7,lo_poly_animal_RHINO_2,weimaraner,b87e834ba5e263774477edc6fc956070795ab1b6,4f263a161cdd009ff7f9aa88ed9be2b852772142,15,1.0
8e35e5f009a242bbddad6157145183ab16fff8a7,lo_poly_animal_RHINO_2,womens_shorts_01M,b87e834ba5e263774477edc6fc956070795ab1b6,66c09717173c555eced9e7a167f405b7d08ab18f,22,1.0
8e35e5f009a242bbddad6157145183ab16fff8a7,lo_poly_animal_RHINO_2,womens_stockings_01M,b87e834ba5e263774477edc6fc956070795ab1b6,7ed95b3ba88443ed63f25ffe0b5fb52d78dab676,10,0.9
8e35e5f009a242bbddad6157145183ab16fff8a7,lo_poly_animal_RHINO_2,zebra,b87e834ba5e263774477edc6fc956070795ab1b6,21afbd503b5d4f9c399c4a66baef6bd6e894715f,14,1.0
8ecf38604ead3a76f4d918796de255b57f486786,MB30758,22_acoustic_guitar,61c2291042151124f703bb567c32ab30fda22360,b17c9b116f73af5e54e294b1362187bb666a1737,13,1.0
8ecf38604ead3a76f4d918796de255b57f486786,MB30758,Hanger_02,61c2291042151124f703bb567c32ab30fda22360,2ef7b8f76464ac15cea9c2eaf23bfb992cfa8a20,10,1.0
8ecf38604ead3a76f4d918796de255b57f486786,MB30758,MB28699,61c2291042151124f703bb567c32ab30fda22360,ee36e4d66958199793add93da479822f4d1164e6,5,1.0
8ecf38604ead3a76f4d918796de255b57f486786,MB30758,MB29874,61c2291042151124f703bb567c32ab30fda22360,7cc042e01ac7e57de362ae777017d3e1b727c9f0,5,1.0
8ecf38604ead3a76f4d918796de255b57f486786,MB30758,MB30203,61c2291042151124f703bb567c32ab30fda22360,e6e0c7209f8a7908c49f803651f7382e3a2e75c5,11,0.9090909090909091
8ecf38604ead3a76f4d918796de255b57f486786,MB30758,antique_furniture_item_18,61c2291042151124f703bb567c32ab30fda22360,bad9c53885fbc5be5a358b2ae742704b9f280dfa,43,0.9069767441860465
8ecf38604ead3a76f4d918796de255b57f486786,MB30758,build51,61c2291042151124f703bb567c32ab30fda22360,c6a67bcc6433546d8ede05ca6b05e089509d27ed,12,0.8333333333333334
8ecf38604ead3a76f4d918796de255b57f486786,MB30758,dromedary,61c2291042151124f703bb567c32ab30fda22360,d47c3fb53513386e01d13c19f771ca5eb0f7da90,11,1.0
8ecf38604ead3a76f4d918796de255b57f486786,MB30758,flarenut_spanner,61c2291042151124f703bb567c32ab30fda22360,3b87ec5ffc07c08a35116928a8b6ffb64390e0a4,9,1.0
8ecf38604ead3a76f4d918796de255b57f486786,MB30758,interior_details_130_2,61c2291042151124f703bb567c32ab30fda22360,f730e2fab41495e73bf0e665266a51a692d1ca54,13,1.0
8ecf38604ead3a76f4d918796de255b57f486786,MB30758,kitchen_equipment_knife2,61c2291042151124f703bb567c32ab30fda22360,4c406e5b2db8e63397199570ff59e65caeca5775,9,1.0
8ecf38604ead3a76f4d918796de255b57f486786,MB30758,lo_poly_animal_ELE_AS1,61c2291042151124f703bb567c32ab30fda22360,41313a938cb781cbd60a6870530e116a9d98e48c,6,1.0
8ecf38604ead3a76f4d918796de255b57f486786,MB30758,lo_poly_animal_RHINO_2,61c2291042151124f703bb567c32ab30fda22360,b87e834ba5e263774477edc6fc956070795ab1b6,9,1.0
8ecf38604ead3a76f4d918796de255b57f486786,MB30758,lo_poly_animal_TRANTULA,61c2291042151124f703bb567c32ab30fda22360,8f14ff8cf138e89d90211a7811968af08d4d7098,10,1.0
8ecf38604ead3a76f4d918796de255b57f486786,MB30758,weimaraner,61c2291042151124f703bb567c32ab30fda22360,4f263a161cdd009ff7f9aa88ed9be2b852772142,10,1.0
8ecf38604ead3a76f4d918796de255b57f486786,MB30758,womens_stockings_01M,61c2291042151124f703bb567c32ab30fda22360,7ed95b3ba88443ed63f25ffe0b5fb52d78dab676,6,1.0
8ecf38604ead3a76f4d918796de255b57f486786,MB30758,zebra,61c2291042151124f703bb567c32ab30fda22360,21afbd503b5d4f9c399c4a66baef6bd6e894715f,7,1.0
8f7c403960a68cc3435e9c3585ed713c57a3ed4f,MB27346,22_acoustic_guitar,f3b1fb66463bf84b593dad9fd1028aa8db6f3720,b17c9b116f73af5e54e294b1362187bb666a1737,4,1.0
8f7c403960a68cc3435e9c3585ed713c57a3ed4f,MB27346,MB29874,f3b1fb66463bf84b593dad9fd1028aa8db6f3720,7cc042e01ac7e57de362ae777017d3e1b727c9f0,5,1.0
8f7c403960a68cc3435e9c3585ed713c57a3ed4f,MB27346,MB30203,f3b1fb66463bf84b593dad9fd1028aa8db6f3720,e6e0c7209f8a7908c49f803651f7382e3a2e75c5,9,1.0
8f7c403960a68cc3435e9c3585ed713c57a3ed4f,MB27346,MB30758,f3b1fb66463bf84b593dad9fd1028aa8db6f3720,61c2291042151124f703bb567c32ab30fda22360,8,1.0
8f7c403960a68cc3435e9c3585ed713c57a3ed4f,MB27346,antique_furniture_item_18,f3b1fb66463bf84b593dad9fd1028aa8db6f3720,bad9c53885fbc5be5a358b2ae742704b9f280dfa,14,1.0
8f7c403960a68cc3435e9c3585ed713c57a3ed4f,MB27346,calc01,f3b1fb66463bf84b593dad9fd1028aa8db6f3720,1858def1a1ecf0e1de87fdbb649b8586cd9210fb,6,1.0
8f7c403960a68cc3435e9c3585ed713c57a3ed4f,MB27346,flarenut_spanner,f3b1fb66463bf84b593dad9fd1028aa8db6f3720,3b87ec5ffc07c08a35116928a8b6ffb64390e0a4,12,1.0
8f7c403960a68cc3435e9c3585ed713c57a3ed4f,MB27346,interior_details_103_4,f3b1fb66463bf84b593dad9fd1028aa8db6f3720,6c726f0ba025cab6490df5c05a6c436be87205ad,8,1.0
8f7c403960a68cc3435e9c3585ed713c57a3ed4f,MB27346,interior_details_130_2,f3b1fb66463bf84b593dad9fd1028aa8db6f3720,f730e2fab41495e73bf0e665266a51a692d1ca54,5,1.0
8f7c403960a68cc3435e9c3585ed713c57a3ed4f,MB27346,kitchen_equipment_knife2,f3b1fb66463bf84b593dad9fd1028aa8db6f3720,4c406e5b2db8e63397199570ff59e65caeca5775,9,1.0
8f7c403960a68cc3435e9c3585ed713c57a3ed4f,MB27346,lo_poly_animal_BEAR_BLK,f3b1fb66463bf84b593dad9fd1028aa8db6f3720,3c6c194cc864f2a655446efa548eef153a393618,5,1.0
8f7c403960a68cc3435e9c3585ed713c57a3ed4f,MB27346,lo_poly_animal_CHICKDEE,f3b1fb66463bf84b593dad9fd1028aa8db6f3720,b95b95002cc603d8b4aec4836d1edc6b1f129efb,7,0.8571428571428571
8f7c403960a68cc3435e9c3585ed713c57a3ed4f,MB27346,lo_poly_animal_TRANTULA,f3b1fb66463bf84b593dad9fd1028aa8db6f3720,8f14ff8cf138e89d90211a7811968af08d4d7098,8,0.875
8f7c403960a68cc3435e9c3585ed713c57a3ed4f,MB27346,weimaraner,f3b1fb66463bf84b593dad9fd1028aa8db6f3720,4f263a161cdd009ff7f9aa88ed9be2b852772142,11,1.0
8f7c403960a68cc3435e9c3585ed713c57a3ed4f,MB27346,womens_shorts_01M,f3b1fb66463bf84b593dad9fd1028aa8db6f3720,66c09717173c555eced9e7a167f405b7d08ab18f,11,1.0
8f7c403960a68cc3435e9c3585ed713c57a3ed4f,MB27346,womens_stockings_01M,f3b1fb66463bf84b593dad9fd1028aa8db6f3720,7ed95b3ba88443ed63f25ffe0b5fb52d78dab676,5,1.0
8f7c403960a68cc3435e9c3585ed713c57a3ed4f,MB27346,zebra,f3b1fb66463bf84b593dad9fd1028aa8db6f3720,21afbd503b5d4f9c399c4a66baef6bd6e894715f,6,0.6666666666666666
8f9f422656cb3523a555f54d6c392cac34284e90,kitchen_equipment_knife2,22_acoustic_guitar,4c406e5b2db8e63397199570ff59e65caeca5775,b17c9b116f73af5e54e294b1362187bb666a1737,21,0.9047619047619048
8f9f422656cb3523a555f54d6c392cac34284e90,kitchen_equipment_knife2,Hanger_02,4c406e5b2db8e63397199570ff59e65caeca5775,2ef7b8f76464ac15cea9c2eaf23bfb992cfa8a20,7,1.0
8f9f422656cb3523a555f54d6c392cac34284e90,kitchen_equipment_knife2,MB27346,4c406e5b2db8e63397199570ff59e65caeca5775,f3b1fb66463bf84b593dad9fd1028aa8db6f3720,21,0.8095238095238095
8f9f422656cb3523a555f54d6c392cac34284e90,kitchen_equipment_knife2,MB28699,4c406e5b2db8e63397199570ff59e65caeca5775,ee36e4d66958199793add93da479822f4d1164e6,18,0.7222222222222222
8f9f422656cb3523a555f54d6c392cac34284e90,kitchen_equipment_knife2,MB29874,4c406e5b2db8e63397199570ff59e65caeca5775,7cc042e01ac7e57de362ae777017d3e1b727c9f0,17,1.0
8f9f422656cb3523a555f54d6c392cac34284e90,kitchen_equipment_knife2,MB30203,4c406e5b2db8e63397199570ff59e65caeca5775,e6e0c7209f8a7908c49f803651f7382e3a2e75c5,17,0.9411764705882353
8f9f422656cb3523a555f54d6c392cac34284e90,kitchen_equipment_knife2,MB30758,4c406e5b2db8e63397199570ff59e65caeca5775,61c2291042151124f703bb567c32ab30fda22360,17,0.7058823529411765
8f9f422656cb3523a555f54d6c392cac34284e90,kitchen_equipment_knife2,antique_furniture_item_18,4c406e5b2db8e63397199570ff59e65caeca5775,bad9c53885fbc5be5a358b2ae742704b9f280dfa,20,1.0
8f9f422656cb3523a555f54d6c392cac34284e90,kitchen_equipment_knife2,build51,4c406e5b2db8e63397199570ff59e65caeca5775,c6a67bcc6433546d8ede05ca6b05e089509d27ed,8,0.875
8f9f422656cb3523a555f54d6c392cac34284e90,kitchen_equipment_knife2,calc01,4c406e5b2db8e63397199570ff59e65caeca5775,1858def1a1ecf0e1de87fdbb649b8586cd9210fb,20,1.0
8f9f422656cb3523a555f54d6c392cac34284e90,kitchen_equipment_knife2,dromedary,4c406e5b2db8e63397199570ff59e65caeca5775,d47c3fb53513386e01d13c19f771ca5eb0f7da90,15,0.8
8f9f422656cb3523a555f54d6c392cac34284e90,kitchen_equipment_knife2,flarenut_spanner,4c406e5b2db8e63397199570ff59e65caeca5775,3b87ec5ffc07c08a35116928a8b6ffb64390e0a4,15,0.8
8f9f422656cb3523a555f54d6c392cac34284e90,kitchen_equipment_knife2,interior_details_103_4,4c406e5b2db8e63397199570ff59e65caeca5775,6c726f0ba025cab6490df5c05a6c436be87205ad,4,1.0
8f9f422656cb3523a555f54d6c392cac34284e90,kitchen_equipment_knife2,interior_details_130_2,4c406e5b2db8e63397199570ff59e65caeca5775,f730e2fab41495e73bf0e665266a51a692d1ca54,11,0.5454545454545454
8f9f422656cb3523a555f54d6c392cac34284e90,kitchen_equipment_knife2,lo_poly_animal_BEAR_BLK,4c406e5b2db8e63397199570ff59e65caeca5775,3c6c194cc864f2a655446efa548eef153a393618,19,0.7368421052631579
8f9f422656cb3523a555f54d6c392cac34284e90,kitchen_equipment_knife2,lo_poly_animal_CHICKDEE,4c406e5b2db8e63397199570ff59e65caeca5775,b95b95002cc603d8b4aec4836d1edc6b1f129efb,12,0.8333333333333334
8f9f422656cb3523a555f54d6c392cac34284e90,kitchen_equipment_knife2,lo_poly_animal_ELE_AS1,4c406e5b2db8e63397199570ff59e65caeca5775,41313a938cb781cbd60a6870530e116a9d98e48c,15,0.9333333333333333
8f9f422656cb3523a555f54d6c392cac34284e90,kitchen_equipment_knife2,lo_poly_animal_RHINO_2,4c406e5b2db8e63397199570ff59e65caeca5775,b87e834ba5e263774477edc6fc956070795ab1b6,14,0.7857142857142857
8f9f422656cb3523a555f54d6c392cac34284e90,kitchen_equipment_knife2,lo_poly_animal_TRANTULA,4c406e5b2db8e63397199570ff59e65caeca5775,8f14ff8cf138e89d90211a7811968af08d4d7098,10,0.8
8f9f422656cb3523a555f54d6c392cac34284e90,kitchen_equipment_knife2,weimaraner,4c406e5b2db8e63397199570ff59e65caeca5775,4f263a161cdd009ff7f9aa88ed9be2b852772142,14,0.9285714285714286
8f9f422656cb3523a555f54d6c392cac34284e90,kitchen_equipment_knife2,womens_shorts_01M,4c406e5b2db8e63397199570ff59e65caeca5775,66c09717173c555eced9e7a167f405b7d08ab18f,8,1.0
8f9f422656cb3523a555f54d6c392cac34284e90,kitchen_equipment_knife2,womens_stockings_01M,4c406e5b2db8e63397199570ff59e65caeca5775,7ed95b3ba88443ed63f25ffe0b5fb52d78dab676,8,0.75
8f9f422656cb3523a555f54d6c392cac34284e90,kitchen_equipment_knife2,zebra,4c406e5b2db8e63397199570ff59e65caeca5775,21afbd503b5d4f9c399c4a66baef6bd6e894715f,15,1.0
9035ed6500b3cacf6f4033b7d58f3508613fa5c6,MB29874,22_acoustic_guitar,7cc042e01ac7e57de362ae777017d3e1b727c9f0,b17c9b116f73af5e54e294b1362187bb666a1737,10,1.0
9035ed6500b3cacf6f4033b7d58f3508613fa5c6,MB29874,MB27346,7cc042e01ac7e57de362ae777017d3e1b727c9f0,f3b1fb66463bf84b593dad9fd1028aa8db6f3720,22,0.7727272727272727
9035ed6500b3cacf6f4033b7d58f3508613fa5c6,MB29874,MB28699,7cc042e01ac7e57de362ae777017d3e1b727c9f0,ee36e4d66958199793add93da479822f4d1164e6,5,1.0
9035ed6500b3cacf6f4033b7d58f3508613fa5c6,MB29874,MB30203,7cc042e01ac7e57de362ae777017d3e1b727c9f0,e6e0c7209f8a7908c49f803651f7382e3a2e75c5,17,0.9411764705882353
9035ed6500b3cacf6f4033b7d58f3508613fa5c6,MB29874,MB30758,7cc042e01ac7e57de362ae777017d3e1b727c9f0,61c2291042151124f703bb567c32ab30fda22360,11,0.7272727272727273
9035ed6500b3cacf6f4033b7d58f3508613fa5c6,MB29874,antique_furniture_item_18,7cc042e01ac7e57de362ae777017d3e1b727c9f0,bad9c53885fbc5be5a358b2ae742704b9f280dfa,7,0.8571428571428571
9035ed6500b3cacf6f4033b7d58f3508613fa5c6,MB29874,calc01,7cc042e01ac7e57de362ae777017d3e1b727c9f0,1858def1a1ecf0e1de87fdbb649b8586cd9210fb,13,0.6923076923076923
9035ed6500b3cacf6f4033b7d58f3508613fa5c6,MB29874,dromedary,7cc042e01ac7e57de362ae777017d3e1b727c9f0,d47c3fb53513386e01d13c19f771ca5eb0f7da90,11,0.9090909090909091
9035ed6500b3cacf6f4033b7d58f3508613fa5c6,MB29874,interior_details_103_4,7cc042e01ac7e57de362ae777017d3e1b727c9f0,6c726f0ba025cab6490df5c05a6c436be87205ad,10,1.0
9035ed6500b3cacf6f4033b7d58f3508613fa5c6,MB29874,interior_details_130_2,7cc042e01ac7e57de362ae777017d3e1b727c9f0,f730e2fab41495e73bf0e665266a51a692d1ca54,15,1.0
9035ed6500b3cacf6f4033b7d58f3508613fa5c6,MB29874,kitchen_equipment_knife2,7cc042e01ac7e57de362ae777017d3e1b727c9f0,4c406e5b2db8e63397199570ff59e65caeca5775,7,0.7142857142857143
9035ed6500b3cacf6f4033b7d58f3508613fa5c6,MB29874,lo_poly_animal_BEAR_BLK,7cc042e01ac7e57de362ae777017d3e1b727c9f0,3c6c194cc864f2a655446efa548eef153a393618,12,1.0
9035ed6500b3cacf6f4033b7d58f3508613fa5c6,MB29874,lo_poly_animal_CHICKDEE,7cc042e01ac7e57de362ae777017d3e1b727c9f0,b95b95002cc603d8b4aec4836d1edc6b1f129efb,9,1.0
9035ed6500b3cacf6f4033b7d58f3508613fa5c6,MB29874,lo_poly_animal_RHINO_2,7cc042e01ac7e57de362ae777017d3e1b727c9f0,b87e834ba5e263774477edc6fc956070795ab1b6,6,1.0
9035ed6500b3cacf6f4033b7d58f3508613fa5c6,MB29874,lo_poly_animal_TRANTULA,7cc042e01ac7e57de362ae777017d3e1b727c9f0,8f14ff8cf138e89d90211a7811968af08d4d7098,10,0.8
9035ed6500b3cacf6f4033b7d58f3508613fa5c6,MB29874,weimaraner,7cc042e01ac7e57de362ae777017d3e1b727c9f0,4f263a161cdd009ff7f9aa88ed9be2b852772142,8,0.875
9035ed6500b3cacf6f4033b7d58f3508613fa5c6,MB29874,womens_stockings_01M,7cc042e01ac7e57de362ae777017d3e1b727c9f0,7ed95b3ba88443ed63f25ffe0b5fb52d78dab676,7,1.0
9035ed6500b3cacf6f4033b7d58f3508613fa5c6,MB29874,zebra,7cc042e01ac7e57de362ae777017d3e1b727c9f0,21afbd503b5d4f9c399c4a66baef6bd6e894715f,4,1.0
90a30716fcf09cb5136bdeb11f40cdb749aab7e4,MB30203,22_acoustic_guitar,e6e0c7209f8a7908c49f803651f7382e3a2e75c5,b17c9b116f73af5e54e294b1362187bb666a1737,13,0.6923076923076923
90a30716fcf09cb5136bdeb11f40cdb749aab7e4,MB30203,Hanger_02,e6e0c7209f8a7908c49f803651f7382e3a2e75c5,2ef7b8f76464ac15cea9c2eaf23bfb992cfa8a20,6,0.3333333333333333
90a30716fcf09cb5136bdeb11f40cdb749aab7e4,MB30203,MB27346,e6e0c7209f8a7908c49f803651f7382e3a2e75c5,f3b1fb66463bf84b593dad9fd1028aa8db6f3720,10,0.6
90a30716fcf09cb5136bdeb11f40cdb749aab7e4,MB30203,MB29874,e6e0c7209f8a7908c49f803651f7382e3a2e75c5,7cc042e01ac7e57de362ae777017d3e1b727c9f0,12,0.9166666666666666
90a30716fcf09cb5136bdeb11f40cdb749aab7e4,MB30203,MB30758,e6e0c7209f8a7908c49f803651f7382e3a2e75c5,61c2291042151124f703bb567c32ab30fda22360,15,0.7333333333333333
90a30716fcf09cb5136bdeb11f40cdb749aab7e4,MB30203,antique_furniture_item_18,e6e0c7209f8a7908c49f803651f7382e3a2e75c5,bad9c53885fbc5be5a358b2ae742704b9f280dfa,8,0.625
90a30716fcf09cb5136bdeb11f40cdb749aab7e4,MB30203,build51,e6e0c7209f8a7908c49f803651f7382e3a2e75c5,c6a67bcc6433546d8ede05ca6b05e089509d27ed,5,0.8
90a30716fcf09cb5136bdeb11f40cdb749aab7e4,MB30203,calc01,e6e0c7209f8a7908c49f803651f7382e3a2e75c5,1858def1a1ecf0e1de87fdbb649b8586cd9210fb,11,0.6363636363636364
90a30716fcf09cb5136bdeb11f40cdb749aab7e4,MB30203,dromedary,e6e0c7209f8a7908c49f803651f7382e3a2e75c5,d47c3fb53513386e01d13c19f771ca5eb0f7da90,10,0.9
90a30716fcf09cb5136bdeb11f40cdb749aab7e4,MB30203,flarenut_spanner,e6e0c7209f8a7908c49f803651f7382e3a2e75c5,3b87ec5ffc07c08a35116928a8b6ffb64390e0a4,7,0.8571428571428571
90a30716fcf09cb5136bdeb11f40cdb749aab7e4,MB30203,interior_details_103_4,e6e0c7209f8a7908c49f803651f7382e3a2e75c5,6c726f0ba025cab6490df5c05a6c436be87205ad,4,0.5
90a30716fcf09cb5136bdeb11f40cdb749aab7e4,MB30203,interior_details_130_2,e6e0c7209f8a7908c49f803651f7382e3a2e75c5,f730e2fab41495e73bf0e665266a51a692d1ca54,4,0.75
90a30716fcf09cb5136bdeb11f40cdb749aab7e4,MB30203,lo_poly_animal_BEAR_BLK,e6e0c7209f8a7908c49f803651f7382e3a2e75c5,3c6c194cc864f2a655446efa548eef153a393618,7,1.0
90a30716fcf09cb5136bdeb11f40cdb749aab7e4,MB30203,lo_poly_animal_CHICKDEE,e6e0c7209f8a7908c49f803651f7382e3a2e75c5,b95b95002cc603d8b4aec4836d1edc6b1f129efb,7,0.8571428571428571
90a30716fcf09cb5136bdeb11f40cdb749aab7e4,MB30203,lo_poly_animal_ELE_AS1,e6e0c7209f8a7908c49f803651f7382e3a2e75c5,41313a938cb781cbd60a6870530e116a9d98e48c,7,1.0
90a30716fcf09cb5136bdeb11f40cdb749aab7e4,MB30203,lo_poly_animal_RHINO_2,e6e0c7209f8a7908c49f803651f7382e3a2e75c5,b87e834ba5e263774477edc6fc956070795ab1b6,11,1.0
90a30716fcf09cb5136bdeb11f40cdb749aab7e4,MB30203,lo_poly_animal_TRANTULA,e6e0c7209f8a7908c49f803651f7382e3a2e75c5,8f14ff8cf138e89d90211a7811968af08d4d7098,12,0.8333333333333334
90a30716fcf09cb5136bdeb11f40cdb749aab7e4,MB30203,weimaraner,e6e0c7209f8a7908c49f803651f7382e3a2e75c5,4f263a161cdd009ff7f9aa88ed9be2b852772142,13,0.7692307692307693
90a30716fcf09cb5136bdeb11f40cdb749aab7e4,MB30203,womens_shorts_01M,e6e0c7209f8a7908c49f803651f7382e3a2e75c5,66c09717173c555eced9e7a167f405b7d08ab18f,5,0.6
90a30716fcf09cb5136bdeb11f40cdb749aab7e4,MB30203,womens_stockings_01M,e6e0c7209f8a7908c49f803651f7382e3a2e75c5,7ed95b3ba88443ed63f25ffe0b5fb52d78dab676,8,1.0
90a30716fcf09cb5136bdeb11f40cdb749aab7e4,MB30203,zebra,e6e0c7209f8a7908c49f803651f7382e3a2e75c5,21afbd503b5d4f9c399c4a66baef6bd6e894715f,9,0.8888888888888888
92b137b20f11e3a47ea7fcdd1fae9062690d117a,lo_poly_animal_RHINO_2,22_acoustic_guitar,b87e834ba5e263774477edc6fc956070795ab1b6,b17c9b116f73af5e54e294b1362187bb666a1737,10,1.0
92b137b20f11e3a47ea7fcdd1fae9062690d117a,lo_poly_animal_RHINO_2,Hanger_02,b87e834ba5e263774477edc6fc956070795ab1b6,2ef7b8f76464ac15cea9c2eaf23bfb992cfa8a20,16,0.9375
92b137b20f11e3a47ea7fcdd1fae9062690d117a,lo_poly_animal_RHINO_2,MB27346,b87e834ba5e263774477edc6fc956070795ab1b6,f3b1fb66463bf84b593dad9fd1028aa8db6f3720,17,1.0
92b137b20f11e3a47ea7fcdd1fae9062690d117a,lo_poly_animal_RHINO_2,MB28699,b87e834ba5e263774477edc6fc956070795ab1b6,ee36e4d66958199793add93da479822f4d1164e6,18,1.0
92b137b20f11e3a47ea7fcdd1fae9062690d117a,lo_poly_animal_RHINO_2,MB29874,b87e834ba5e263774477edc6fc956070795ab1b6,7cc042e01ac7e57de362ae777017d3e1b727c9f0,17,1.0
92b137b20f11e3a47ea7fcdd1fae9062690d117a,lo_poly_animal_RHINO_2,MB30203,b87e834ba5e263774477edc6fc956070795ab1b6,e6e0c7209f8a7908c49f803651f7382e3a2e75c5,17,1.0
92b137b20f11e3a47ea7fcdd1fae9062690d117a,lo_poly_animal_RHINO_2,MB30758,b87e834ba5e263774477edc6fc956070795ab1b6,61c2291042151124f703bb567c32ab30fda22360,18,0.9444444444444444
92b137b20f11e3a47ea7fcdd1fae9062690d117a,lo_poly_animal_RHINO_2,antique_furniture_item_18,b87e834ba5e263774477edc6fc956070795ab1b6,bad9c53885fbc5be5a358b2ae742704b9f280dfa,12,1.0
92b137b20f11e3a47ea7fcdd1fae9062690d117a,lo_poly_animal_RHINO_2,build51,b87e834ba5e263774477edc6fc956070795ab1b6,c6a67bcc6433546d8ede05ca6b05e089509d27ed,15,1.0
92b137b20f11e3a47ea7fcdd1fae9062690d117a,lo_poly_animal_RHINO_2,calc01,b87e834ba5e263774477edc6fc956070795ab1b6,1858def1a1ecf0e1de87fdbb649b8586cd9210fb,10,1.0
92b137b20f11e3a47ea7fcdd1fae9062690d117a,lo_poly_animal_RHINO_2,dromedary,b87e834ba5e263774477edc6fc956070795ab1b6,d47c3fb53513386e01d13c19f771ca5eb0f7da90,12,1.0
92b137b20f11e3a47ea7fcdd1fae9062690d117a,lo_poly_animal_RHINO_2,flarenut_spanner,b87e834ba5e263774477edc6fc956070795ab1b6,3b87ec5ffc07c08a35116928a8b6ffb64390e0a4,38,1.0
92b137b20f11e3a47ea7fcdd1fae9062690d117a,lo_poly_animal_RHINO_2,interior_details_103_4,b87e834ba5e263774477edc6fc956070795ab1b6,6c726f0ba025cab6490df5c05a6c436be87205ad,19,1.0
92b137b20f11e3a47ea7fcdd1fae9062690d117a,lo_poly_animal_RHINO_2,interior_details_130_2,b87e834ba5e263774477edc6fc956070795ab1b6,f730e2fab41495e73bf0e665266a51a692d1ca54,15,1.0
92b137b20f11e3a47ea7fcdd1fae9062690d117a,lo_poly_animal_RHINO_2,kitchen_equipment_knife2,b87e834ba5e263774477edc6fc956070795ab1b6,4c406e5b2db8e63397199570ff59e65caeca5775,7,1.0
92b137b20f11e3a47ea7fcdd1fae9062690d117a,lo_poly_animal_RHINO_2,lo_poly_animal_BEAR_BLK,b87e834ba5e263774477edc6fc956070795ab1b6,3c6c194cc864f2a655446efa548eef153a393618,15,1.0
92b137b20f11e3a47ea7fcdd1fae9062690d117a,lo_poly_animal_RHINO_2,lo_poly_animal_CHICKDEE,b87e834ba5e263774477edc6fc956070795ab1b6,b95b95002cc603d8b4aec4836d1edc6b1f129efb,21,1.0
92b137b20f11e3a47ea7fcdd1fae9062690d117a,lo_poly_animal_RHINO_2,lo_poly_animal_ELE_AS1,b87e834ba5e263774477edc6fc956070795ab1b6,41313a938cb781cbd60a6870530e116a9d98e48c,11,0.9090909090909091
92b137b20f11e3a47ea7fcdd1fae9062690d117a,lo_poly_animal_RHINO_2,lo_poly_animal_TRANTULA,b87e834ba5e263774477edc6fc956070795ab1b6,8f14ff8cf138e89d90211a7811968af08d4d7098,7,1.0
92b137b20f11e3a47ea7fcdd1fae9062690d117a,lo_poly_animal_RHINO_2,weimaraner,b87e834ba5e263774477edc6fc956070795ab1b6,4f263a161cdd009ff7f9aa88ed9be2b852772142,18,0.9444444444444444
92b137b20f11e3a47ea7fcdd1fae9062690d117a,lo_poly_animal_RHINO_2,womens_shorts_01M,b87e834ba5e263774477edc6fc956070795ab1b6,66c09717173c555eced9e7a167f405b7d08ab18f,16,1.0
92b137b20f11e3a47ea7fcdd1fae9062690d117a,lo_poly_animal_RHINO_2,womens_stockings_01M,b87e834ba5e263774477edc6fc956070795ab1b6,7ed95b3ba88443ed63f25ffe0b5fb52d78dab676,13,0.9230769230769231
92b137b20f11e3a47ea7fcdd1fae9062690d117a,lo_poly_animal_RHINO_2,zebra,b87e834ba5e263774477edc6fc956070795ab1b6,21afbd503b5d4f9c399c4a66baef6bd6e894715f,19,0.9473684210526315
9438a9dc79816d0000ffc1cd01607d2a008abb28,weimaraner,22_acoustic_guitar,4f263a161cdd009ff7f9aa88ed9be2b852772142,b17c9b116f73af5e54e294b1362187bb666a1737,7,1.0
9438a9dc79816d0000ffc1cd01607d2a008abb28,weimaraner,Hanger_02,4f263a161cdd009ff7f9aa88ed9be2b852772142,2ef7b8f76464ac15cea9c2eaf23bfb992cfa8a20,9,1.0
9438a9dc79816d0000ffc1cd01607d2a008abb28,weimaraner,MB27346,4f263a161cdd009ff7f9aa88ed9be2b852772142,f3b1fb66463bf84b593dad9fd1028aa8db6f3720,10,1.0
9438a9dc79816d0000ffc1cd01607d2a008abb28,weimaraner,MB28699,4f263a161cdd009ff7f9aa88ed9be2b852772142,ee36e4d66958199793add93da479822f4d1164e6,6,0.8333333333333334
9438a9dc79816d0000ffc1cd01607d2a008abb28,weimaraner,MB29874,4f263a161cdd009ff7f9aa88ed9be2b852772142,7cc042e01ac7e57de362ae777017d3e1b727c9f0,18,1.0
9438a9dc79816d0000ffc1cd01607d2a008abb28,weimaraner,MB30203,4f263a161cdd009ff7f9aa88ed9be2b852772142,e6e0c7209f8a7908c49f803651f7382e3a2e75c5,6,0.6666666666666666
9438a9dc79816d0000ffc1cd01607d2a008abb28,weimaraner,MB30758,4f263a161cdd009ff7f9aa88ed9be2b852772142,61c2291042151124f703bb567c32ab30fda22360,17,1.0
9438a9dc79816d0000ffc1cd01607d2a008abb28,weimaraner,antique_furniture_item_18,4f263a161cdd009ff7f9aa88ed9be2b852772142,bad9c53885fbc5be5a358b2ae742704b9f280dfa,16,1.0
9438a9dc79816d0000ffc1cd01607d2a008abb28,weimaraner,build51,4f263a161cdd009ff7f9aa88ed9be2b852772142,c6a67bcc6433546d8ede05ca6b05e089509d27ed,19,1.0
9438a9dc79816d0000ffc1cd01607d2a008abb28,weimaraner,calc01,4f263a161cdd009ff7f9aa88ed9be2b852772142,1858def1a1ecf0e1de87fdbb649b8586cd9210fb,16,0.9375
9438a9dc79816d0000ffc1cd01607d2a008abb28,weimaraner,dromedary,4f263a161cdd009ff7f9aa88ed9be2b852772142,d47c3fb53513386e01d13c19f771ca5eb0f7da90,15,0.6
9438a9dc79816d0000ffc1cd01607d2a008abb28,weimaraner,flarenut_spanner,4f263a161cdd009ff7f9aa88ed9be2b852772142,3b87ec5ffc07c08a35116928a8b6ffb64390e0a4,9,1.0
9438a9dc79816d0000ffc1cd01607d2a008abb28,weimaraner,interior_details_103_4,4f263a161cdd009ff7f9aa88ed9be2b852772142,6c726f0ba025cab6490df5c05a6c436be87205ad,13,1.0
9438a9dc79816d0000ffc1cd01607d2a008abb28,weimaraner,interior_details_130_2,4f263a161cdd009ff7f9aa88ed9be2b852772142,f730e2fab41495e73bf0e665266a51a692d1ca54,11,0.9090909090909091
9438a9dc79816d0000ffc1cd01607d2a008abb28,weimaraner,kitchen_equipment_knife2,4f263a161cdd009ff7f9aa88ed9be2b852772142,4c406e5b2db8e63397199570ff59e65caeca5775,7,1.0
9438a9dc79816d0000ffc1cd01607d2a008abb28,weimaraner,lo_poly_animal_BEAR_BLK,4f263a161cdd009ff7f9aa88ed9be2b852772142,3c6c194cc864f2a655446efa548eef153a393618,4,1.0
9438a9dc79816d0000ffc1cd01607d2a008abb28,weimaraner,lo_poly_animal_CHICKDEE,4f263a161cdd009ff7f9aa88ed9be2b852772142,b95b95002cc603d8b4aec4836d1edc6b1f129efb,17,0.9411764705882353
9438a9dc79816d0000ffc1cd01607d2a008abb28,weimaraner,lo_poly_animal_RHINO_2,4f263a161cdd009ff7f9aa88ed9be2b852772142,b87e834ba5e263774477edc6fc956070795ab1b6,5,1.0
9438a9dc79816d0000ffc1cd01607d2a008abb28,weimaraner,lo_poly_animal_TRANTULA,4f263a161cdd009ff7f9aa88ed9be2b852772142,8f14ff8cf138e89d90211a7811968af08d4d7098,7,1.0
9438a9dc79816d0000ffc1cd01607d2a008abb28,weimaraner,womens_shorts_01M,4f263a161cdd009ff7f9aa88ed9be2b852772142,66c09717173c555eced9e7a167f405b7d08ab18f,11,1.0
9438a9dc79816d0000ffc1cd01607d2a008abb28,weimaraner,zebra,4f263a161cdd009ff7f9aa88ed9be2b852772142,21afbd503b5d4f9c399c4a66baef6bd6e894715f,8,1.0
945e4227c432aecb40bb7c52937947c84306f3f7,22_acoustic_guitar,Hanger_02,b17c9b116f73af5e54e294b1362187bb666a1737,2ef7b8f76464ac15cea9c2eaf23bfb992cfa8a20,13,1.0
945e4227c432aecb40bb7c52937947c84306f3f7,22_acoustic_guitar,MB27346,b17c9b116f73af5e54e294b1362187bb666a1737,f3b1fb66463bf84b593dad9fd1028aa8db6f3720,12,1.0
945e4227c432aecb40bb7c52937947c84306f3f7,22_acoustic_guitar,MB28699,b17c9b116f73af5e54e294b1362187bb666a1737,ee36e4d66958199793add93da479822f4d1164e6,5,1.0
945e4227c432aecb40bb7c52937947c84306f3f7,22_acoustic_guitar,MB29874,b17c9b116f73af5e54e294b1362187bb666a1737,7cc042e01ac7e57de362ae777017d3e1b727c9f0,6,1.0
945e4227c432aecb40bb7c52937947c84306f3f7,22_acoustic_guitar,MB30203,b17c9b116f73af5e54e294b1362187bb666a1737,e6e0c7209f8a7908c49f803651f7382e3a2e75c5,16,0.9375
945e4227c432aecb40bb7c52937947c84306f3f7,22_acoustic_guitar,antique_furniture_item_18,b17c9b116f73af5e54e294b1362187bb666a1737,bad9c53885fbc5be5a358b2ae742704b9f280dfa,12,1.0
945e4227c432aecb40bb7c52937947c84306f3f7,22_acoustic_guitar,build51,b17c9b116f73af5e54e294b1362187bb666a1737,c6a67bcc6433546d8ede05ca6b05e089509d27ed,15,1.0
945e4227c432aecb40bb7c52937947c84306f3f7,22_acoustic_guitar,calc01,b17c9b116f73af5e54e294b1362187bb666a1737,1858def1a1ecf0e1de87fdbb649b8586cd9210fb,6,1.0
945e4227c432aecb40bb7c52937947c84306f3f7,22_acoustic_guitar,dromedary,b17c9b116f73af5e54e294b1362187bb666a1737,d47c3fb53513386e01d13c19f771ca5eb0f7da90,17,1.0
945e4227c432aecb40bb7c52937947c84306f3f7,22_acoustic_guitar,flarenut_spanner,b17c9b116f73af5e54e294b1362187bb666a1737,3b87ec5ffc07c08a35116928a8b6ffb64390e0a4,6,1.0
945e4227c432aecb40bb7c52937947c84306f3f7,22_acoustic_guitar,interior_details_103_4,b17c9b116f73af5e54e294b1362187bb666a1737,6c726f0ba025cab6490df5c05a6c436be87205ad,10,1.0
945e4227c432aecb40bb7c52937947c84306f3f7,22_acoustic_guitar,interior_details_130_2,b17c9b116f73af5e54e294b1362187bb666a1737,f730e2fab41495e73bf0e665266a51a692d1ca54,19,0.9473684210526315
945e4227c432aecb40bb7c52937947c84306f3f7,22_acoustic_guitar,kitchen_equipment_knife2,b17c9b116f73af5e54e294b1362187bb666a1737,4c406e5b2db8e63397199570ff59e65caeca5775,5,1.0
945e4227c432aecb40bb7c52937947c84306f3f7,22_acoustic_guitar,lo_poly_animal_BEAR_BLK,b17c9b116f73af5e54e294b1362187bb666a1737,3c6c194cc864f2a655446efa548eef153a393618,5,1.0
945e4227c432aecb40bb7c52937947c84306f3f7,22_acoustic_guitar,lo_poly_animal_CHICKDEE,b17c9b116f73af5e54e294b1362187bb666a1737,b95b95002cc603d8b4aec4836d1edc6b1f129efb,14,1.0
945e4227c432aecb40bb7c52937947c84306f3f7,22_acoustic_guitar,lo_poly_animal_ELE_AS1,b17c9b116f73af5e54e294b1362187bb666a1737,41313a938cb781cbd60a6870530e116a9d98e48c,10,1.0
945e4227c432aecb40bb7c52937947c84306f3f7,22_acoustic_guitar,lo_poly_animal_RHINO_2,b17c9b116f73af5e54e294b1362187bb666a1737,b87e834ba5e263774477edc6fc956070795ab1b6,21,1.0
945e4227c432aecb40bb7c52937947c84306f3f7,22_acoustic_guitar,weimaraner,b17c9b116f73af5e54e294b1362187bb666a1737,4f263a161cdd009ff7f9aa88ed9be2b852772142,4,1.0
945e4227c432aecb40bb7c52937947c84306f3f7,22_acoustic_guitar,womens_shorts_01M,b17c9b116f73af5e54e294b1362187bb666a1737,66c09717173c555eced9e7a167f405b7d08ab18f,9,1.0
945e4227c432aecb40bb7c52937947c84306f3f7,22_acoustic_guitar,womens_stockings_01M,b17c9b116f73af5e54e294b1362187bb666a1737,7ed95b3ba88443ed63f25ffe0b5fb52d78dab676,12,1.0
945e4227c432aecb40bb7c52937947c84306f3f7,22_acoustic_guitar,zebra,b17c9b116f73af5e54e294b1362187bb666a1737,21afbd503b5d4f9c399c4a66baef6bd6e894715f,10,1.0
947d9aedf5c28e254ca5076cd8457e28230b8743,lo_poly_animal_ELE_AS1,22_acoustic_guitar,41313a938cb781cbd60a6870530e116a9d98e48c,b17c9b116f73af5e54e294b1362187bb666a1737,5,1.0
947d9aedf5c28e254ca5076cd8457e28230b8743,lo_poly_animal_ELE_AS1,MB28699,41313a938cb781cbd60a6870530e116a9d98e48c,ee36e4d66958199793add93da479822f4d1164e6,14,1.0
947d9aedf5c28e254ca5076cd8457e28230b8743,lo_poly_animal_ELE_AS1,MB29874,41313a938cb781cbd60a6870530e116a9d98e48c,7cc042e01ac7e57de362ae777017d3e1b727c9f0,20,1.0
947d9aedf5c28e254ca5076cd8457e28230b8743,lo_poly_animal_ELE_AS1,MB30203,41313a938cb781cbd60a6870530e116a9d98e48c,e6e0c7209f8a7908c49f803651f7382e3a2e75c5,18,0.9444444444444444
947d9aedf5c28e254ca5076cd8457e28230b8743,lo_poly_animal_ELE_AS1,MB30758,41313a938cb781cbd60a6870530e116a9d98e48c,61c2291042151124f703bb567c32ab30fda22360,8,1.0
947d9aedf5c28e254ca5076cd8457e28230b8743,lo_poly_animal_ELE_AS1,antique_furniture_item_18,41313a938cb781cbd60a6870530e116a9d98e48c,bad9c53885fbc5be5a358b2ae742704b9f280dfa,4,1.0
947d9aedf5c28e254ca5076cd8457e28230b8743,lo_poly_animal_ELE_AS1,build51,41313a938cb781cbd60a6870530e116a9d98e48c,c6a67bcc6433546d8ede05ca6b05e089509d27ed,7,1.0
947d9aedf5c28e254ca5076cd8457e28230b8743,lo_poly_animal_ELE_AS1,calc01,41313a938cb781cbd60a6870530e116a9d98e48c,1858def1a1ecf0e1de87fdbb649b8586cd9210fb,8,1.0
947d9aedf5c28e254ca5076cd8457e28230b8743,lo_poly_animal_ELE_AS1,dromedary,41313a938cb781cbd60a6870530e116a9d98e48c,d47c3fb53513386e01d13c19f771ca5eb0f7da90,12,1.0
947d9aedf5c28e254ca5076cd8457e28230b8743,lo_poly_animal_ELE_AS1,flarenut_spanner,41313a938cb781cbd60a6870530e116a9d98e48c,3b87ec5ffc07c08a35116928a8b6ffb64390e0a4,12,1.0
947d9aedf5c28e254ca5076cd8457e28230b8743,lo_poly_animal_ELE_AS1,interior_details_130_2,41313a938cb781cbd60a6870530e116a9d98e48c,f730e2fab41495e73bf0e665266a51a692d1ca54,6,1.0
947d9aedf5c28e254ca5076cd8457e28230b8743,lo_poly_animal_ELE_AS1,kitchen_equipment_knife2,41313a938cb781cbd60a6870530e116a9d98e48c,4c406e5b2db8e63397199570ff59e65caeca5775,13,0.9230769230769231
947d9aedf5c28e254ca5076cd8457e28230b8743,lo_poly_animal_ELE_AS1,lo_poly_animal_BEAR_BLK,41313a938cb781cbd60a6870530e116a9d98e48c,3c6c194cc864f2a655446efa548eef153a393618,19,1.0
947d9aedf5c28e254ca5076cd8457e28230b8743,lo_poly_animal_ELE_AS1,lo_poly_animal_CHICKDEE,41313a938cb781cbd60a6870530e116a9d98e48c,b95b95002cc603d8b4aec4836d1edc6b1f129efb,10,1.0
947d9aedf5c28e254ca5076cd8457e28230b8743,lo_poly_animal_ELE_AS1,lo_poly_animal_RHINO_2,41313a938cb781cbd60a6870530e116a9d98e48c,b87e834ba5e263774477edc6fc956070795ab1b6,8,0.875
947d9aedf5c28e254ca5076cd8457e28230b8743,lo_poly_animal_ELE_AS1,lo_poly_animal_TRANTULA,41313a938cb781cbd60a6870530e116a9d98e48c,8f14ff8cf138e89d90211a7811968af08d4d7098,9,1.0
947d9aedf5c28e254ca5076cd8457e28230b8743,lo_poly_animal_ELE_AS1,weimaraner,41313a938cb781cbd60a6870530e116a9d98e48c,4f263a161cdd009ff7f9aa88ed9be2b852772142,11,1.0
947d9aedf5c28e254ca5076cd8457e28230b8743,lo_poly_animal_ELE_AS1,womens_shorts_01M,41313a938cb781cbd60a6870530e116a9d98e48c,66c09717173c555eced9e7a167f405b7d08ab18f,11,1.0
947d9aedf5c28e254ca5076cd8457e28230b8743,lo_poly_animal_ELE_AS1,womens_stockings_01M,41313a938cb781cbd60a6870530e116a9d98e48c,7ed95b3ba88443ed63f25ffe0b5fb52d78dab676,15,1.0
947d9aedf5c28e254ca5076cd8457e28230b8743,lo_poly_animal_ELE_AS1,zebra,41313a938cb781cbd60a6870530e116a9d98e48c,21afbd503b5d4f9c399c4a66baef6bd6e894715f,5,1.0
960a4df8babc4f7935d3c42379bc51f54fd2facd,MB30758,22_acoustic_guitar,61c2291042151124f703bb567c32ab30fda22360,b17c9b116f73af5e54e294b1362187bb666a1737,13,1.0
960a4df8babc4f7935d3c42379bc51f54fd2facd,MB30758,Hanger_02,61c2291042151124f703bb567c32ab30fda22360,2ef7b8f76464ac15cea9c2eaf23bfb992cfa8a20,7,0.8571428571428571
960a4df8babc4f7935d3c42379bc51f54fd2facd,MB30758,MB28699,61c2291042151124f703bb567c32ab30fda22360,ee36e4d66958199793add93da479822f4d1164e6,5,1.0
960a4df8babc4f7935d3c42379bc51f54fd2facd,MB30758,MB29874,61c2291042151124f703bb567c32ab30fda22360,7cc042e01ac7e57de362ae777017d3e1b727c9f0,11,0.7272727272727273
960a4df8babc4f7935d3c42379bc51f54fd2facd,MB30758,MB30203,61c2291042151124f703bb567c32ab30fda22360,e6e0c7209f8a7908c49f803651f7382e3a2e75c5,7,1.0
960a4df8babc4f7935d3c42379bc51f54fd2facd,MB30758,antique_furniture_item_18,61c2291042151124f703bb567c32ab30fda22360,bad9c53885fbc5be5a358b2ae742704b9f280dfa,7,1.0
960a4df8babc4f7935d3c42379bc51f54fd2facd,MB30758,build51,61c2291042151124f703bb567c32ab30fda22360,c6a67bcc6433546d8ede05ca6b05e089509d27ed,8,1.0
960a4df8babc4f7935d3c42379bc51f54fd2facd,MB30758,calc01,61c2291042151124f703bb567c32ab30fda22360,1858def1a1ecf0e1de87fdbb649b8586cd9210fb,11,1.0
960a4df8babc4f7935d3c42379bc51f54fd2facd,MB30758,dromedary,61c2291042151124f703bb567c32ab30fda22360,d47c3fb53513386e01d13c19f771ca5eb0f7da90,4,0.5
960a4df8babc4f7935d3c42379bc51f54fd2facd,MB30758,flarenut_spanner,61c2291042151124f703bb567c32ab30fda22360,3b87ec5ffc07c08a35116928a8b6ffb64390e0a4,4,1.0
960a4df8babc4f7935d3c42379bc51f54fd2facd,MB30758,interior_details_130_2,61c2291042151124f703bb567c32ab30fda22360,f730e2fab41495e73bf0e665266a51a692d1ca54,16,1.0
960a4df8babc4f7935d3c42379bc51f54fd2facd,MB30758,kitchen_equipment_knife2,61c2291042151124f703bb567c32ab30fda22360,4c406e5b2db8e63397199570ff59e65caeca5775,7,1.0
960a4df8babc4f7935d3c42379bc51f54fd2facd,MB30758,lo_poly_animal_BEAR_BLK,61c2291042151124f703bb567c32ab30fda22360,3c6c194cc864f2a655446efa548eef153a393618,5,0.4
960a4df8babc4f7935d3c42379bc51f54fd2facd,MB30758,lo_poly_animal_CHICKDEE,61c2291042151124f703bb567c32ab30fda22360,b95b95002cc603d8b4aec4836d1edc6b1f129efb,9,0.7777777777777778
960a4df8babc4f7935d3c42379bc51f54fd2facd,MB30758,lo_poly_animal_ELE_AS1,61c2291042151124f703bb567c32ab30fda22360,41313a938cb781cbd60a6870530e116a9d98e48c,9,0.5555555555555556
960a4df8babc4f7935d3c42379bc51f54fd2facd,MB30758,lo_poly_animal_RHINO_2,61c2291042151124f703bb567c32ab30fda22360,b87e834ba5e263774477edc6fc956070795ab1b6,28,0.6785714285714286
960a4df8babc4f7935d3c42379bc51f54fd2facd,MB30758,womens_shorts_01M,61c2291042151124f703bb567c32ab30fda22360,66c09717173c555eced9e7a167f405b7d08ab18f,13,0.9230769230769231
960a4df8babc4f7935d3c42379bc51f54fd2facd,MB30758,womens_stockings_01M,61c2291042151124f703bb567c32ab30fda22360,7ed95b3ba88443ed63f25ffe0b5fb52d78dab676,24,0.875
960a4df8babc4f7935d3c42379bc51f54fd2facd,MB30758,zebra,61c2291042151124f703bb567c32ab30fda22360,21afbd503b5d4f9c399c4a66baef6bd6e894715f,8,0.375
963afd01f3ddefcf89dabc6c899b81922ef6c7ed,Hanger_02,22_acoustic_guitar,2ef7b8f76464ac15cea9c2eaf23bfb992cfa8a20,b17c9b116f73af5e54e294b1362187bb666a1737,15,0.6666666666666666
963afd01f3ddefcf89dabc6c899b81922ef6c7ed,Hanger_02,MB27346,2ef7b8f76464ac15cea9c2eaf23bfb992cfa8a20,f3b1fb66463bf84b593dad9fd1028aa8db6f3720,12,0.8333333333333334
963afd01f3ddefcf89dabc6c899b81922ef6c7ed,Hanger_02,MB28699,2ef7b8f76464ac15cea9c2eaf23bfb992cfa8a20,ee36e4d66958199793add93da479822f4d1164e6,7,0.8571428571428571
963afd01f3ddefcf89dabc6c899b81922ef6c7ed,Hanger_02,MB29874,2ef7b8f76464ac15cea9c2eaf23bfb992cfa8a20,7cc042e01ac7e57de362ae777017d3e1b727c9f0,8,1.0
963afd01f3ddefcf89dabc6c899b81922ef6c7ed,Hanger_02,MB30203,2ef7b8f76464ac15cea9c2eaf23bfb992cfa8a20,e6e0c7209f8a7908c49f803651f7382e3a2e75c5,12,0.9166666666666666
963afd01f3ddefcf89dabc6c899b81922ef6c7ed,Hanger_02,MB30758,2ef7b8f76464ac15cea9c2eaf23bfb992cfa8a20,61c2291042151124f703bb567c32ab30fda22360,14,0.9285714285714286
963afd01f3ddefcf89dabc6c899b81922ef6c7ed,Hanger_02,antique_furniture_item_18,2ef7b8f76464ac15cea9c2eaf23bfb992cfa8a20,bad9c53885fbc5be5a358b2ae742704b9f280dfa,10,0.8
963afd01f3ddefcf89dabc6c899b81922ef6c7ed,Hanger_02,build51,2ef7b8f76464ac15cea9c2eaf23bfb992cfa8a20,c6a67bcc6433546d8ede05ca6b05e089509d27ed,16,0.875
963afd01f3ddefcf89dabc6c899b81922ef6c7ed,Hanger_02,calc01,2ef7b8f76464ac15cea9c2eaf23bfb992cfa8a20,1858def1a1ecf0e1de87fdbb649b8586cd9210fb,9,0.8888888888888888
963afd01f3ddefcf89dabc6c899b81922ef6c7ed,Hanger_02,dromedary,2ef7b8f76464ac15cea9c2eaf23bfb992cfa8a20,d47c3fb53513386e01d13c19f771ca5eb0f7da90,18,0.9444444444444444
963afd01f3ddefcf89dabc6c899b81922ef6c7ed,Hanger_02,flarenut_spanner,2ef7b8f76464ac15cea9c2eaf23bfb992cfa8a20,3b87ec5ffc07c08a35116928a8b6ffb64390e0a4,17,0.8823529411764706
963afd01f3ddefcf89dabc6c899b81922ef6c7ed,Hanger_02,interior_details_103_4,2ef7b8f76464ac15cea9c2eaf23bfb992cfa8a20,6c726f0ba025cab6490df5c05a6c436be87205ad,18,0.5555555555555556
963afd01f3ddefcf89dabc6c899b81922ef6c7ed,Hanger_02,interior_details_130_2,2ef7b8f76464ac15cea9c2eaf23bfb992cfa8a20,f730e2fab41495e73bf0e665266a51a692d1ca54,48,0.7708333333333334
963afd01f3ddefcf89dabc6c899b81922ef6c7ed,Hanger_02,kitchen_equipment_knife2,2ef7b8f76464ac15cea9c2eaf23bfb992cfa8a20,4c406e5b2db8e63397199570ff59e65caeca5775,18,0.7777777777777778
963afd01f3ddefcf89dabc6c899b81922ef6c7ed,Hanger_02,lo_poly_animal_BEAR_BLK,2ef7b8f76464ac15cea9c2eaf23bfb992cfa8a20,3c6c194cc864f2a655446efa548eef153a393618,24,0.7916666666666666
963afd01f3ddefcf89dabc6c899b81922ef6c7ed,Hanger_02,lo_poly_animal_CHICKDEE,2ef7b8f76464ac15cea9c2eaf23bfb992cfa8a20,b95b95002cc603d8b4aec4836d1edc6b1f129efb,4,1.0
963afd01f3ddefcf89dabc6c899b81922ef6c7ed,Hanger_02,lo_poly_animal_ELE_AS1,2ef7b8f76464ac15cea9c2eaf23bfb992cfa8a20,41313a938cb781cbd60a6870530e116a9d98e48c,7,0.7142857142857143
963afd01f3ddefcf89dabc6c899b81922ef6c7ed,Hanger_02,lo_poly_animal_RHINO_2,2ef7b8f76464ac15cea9c2eaf23bfb992cfa8a20,b87e834ba5e263774477edc6fc956070795ab1b6,8,1.0
963afd01f3ddefcf89dabc6c899b81922ef6c7ed,Hanger_02,lo_poly_animal_TRANTULA,2ef7b8f76464ac15cea9c2eaf23bfb992cfa8a20,8f14ff8cf138e89d90211a7811968af08d4d7098,6,0.6666666666666666
963afd01f3ddefcf89dabc6c899b81922ef6c7ed,Hanger_02,weimaraner,2ef7b8f76464ac15cea9c2eaf23bfb992cfa8a20,4f263a161cdd009ff7f9aa88ed9be2b852772142,18,0.7777777777777778
963afd01f3ddefcf89dabc6c899b81922ef6c7ed,Hanger_02,womens_shorts_01M,2ef7b8f76464ac15cea9c2eaf23bfb992cfa8a20,66c09717173c555eced9e7a167f405b7d08ab18f,10,0.8
963afd01f3ddefcf89dabc6c899b81922ef6c7ed,Hanger_02,womens_stockings_01M,2ef7b8f76464ac15cea9c2eaf23bfb992cfa8a20,7ed95b3ba88443ed63f25ffe0b5fb52d78dab676,21,0.7142857142857143
963afd01f3ddefcf89dabc6c899b81922ef6c7ed,Hanger_02,zebra,2ef7b8f76464ac15cea9c2eaf23bfb992cfa8a20,21afbd503b5d4f9c399c4a66baef6bd6e894715f,19,0.8421052631578947
98127ef3c55ec2ab0d296bb8cb2c327935ba6ef1,lo_poly_animal_CHICKDEE,22_acoustic_guitar,b95b95002cc603d8b4aec4836d1edc6b1f129efb,b17c9b116f73af5e54e294b1362187bb666a1737,16,0.8125
98127ef3c55ec2ab0d296bb8cb2c327935ba6ef1,lo_poly_animal_CHICKDEE,Hanger_02,b95b95002cc603d8b4aec4836d1edc6b1f129efb,2ef7b8f76464ac15cea9c2eaf23bfb992cfa8a20,8,0.875
98127ef3c55ec2ab0d296bb8cb2c327935ba6ef1,lo_poly_animal_CHICKDEE,MB27346,b95b95002cc603d8b4aec4836d1edc6b1f129efb,f3b1fb66463bf84b593dad9fd1028aa8db6f3720,14,0.5
98127ef3c55ec2ab0d296bb8cb2c327935ba6ef1,lo_poly_animal_CHICKDEE,MB28699,b95b95002cc603d8b4aec4836d1edc6b1f129efb,ee36e4d66958199793add93da479822f4d1164e6,24,0.9583333333333334
98127ef3c55ec2ab0d296bb8cb2c327935ba6ef1,lo_poly_animal_CHICKDEE,MB29874,b95b95002cc603d8b4aec4836d1edc6b1f129efb,7cc042e01ac7e57de362ae777017d3e1b727c9f0,33,1.0
98127ef3c55ec2ab0d296bb8cb2c327935ba6ef1,lo_poly_animal_CHICKDEE,MB30203,b95b95002cc603d8b4aec4836d1edc6b1f129efb,e6e0c7209f8a7908c49f803651f7382e3a2e75c5,37,0.8378378378378378
98127ef3c55ec2ab0d296bb8cb2c327935ba6ef1,lo_poly_animal_CHICKDEE,MB30758,b95b95002cc603d8b4aec4836d1edc6b1f129efb,61c2291042151124f703bb567c32ab30fda22360,17,0.8235294117647058
98127ef3c55ec2ab0d296bb8cb2c327935ba6ef1,lo_poly_animal_CHICKDEE,antique_furniture_item_18,b95b95002cc603d8b4aec4836d1edc6b1f129efb,bad9c53885fbc5be5a358b2ae742704b9f280dfa,15,0.9333333333333333
98127ef3c55ec2ab0d296bb8cb2c327935ba6ef1,lo_poly_animal_CHICKDEE,build51,b95b95002cc603d8b4aec4836d1edc6b1f129efb,c6a67bcc6433546d8ede05ca6b05e089509d27ed,5,1.0
98127ef3c55ec2ab0d296bb8cb2c327935ba6ef1,lo_poly_animal_CHICKDEE,calc01,b95b95002cc603d8b4aec4836d1edc6b1f129efb,1858def1a1ecf0e1de87fdbb649b8586cd9210fb,14,1.0
98127ef3c55ec2ab0d296bb8cb2c327935ba6ef1,lo_poly_animal_CHICKDEE,dromedary,b95b95002cc603d8b4aec4836d1edc6b1f129efb,d47c3fb53513386e01d13c19f771ca5eb0f7da90,16,1.0
98127ef3c55ec2ab0d296bb8cb2c327935ba6ef1,lo_poly_animal_CHICKDEE,flarenut_spanner,b95b95002cc603d8b4aec4836d1edc6b1f129efb,3b87ec5ffc07c08a35116928a8b6ffb64390e0a4,18,0.8888888888888888
98127ef3c55ec2ab0d296bb8cb2c327935ba6ef1,lo_poly_animal_CHICKDEE,interior_details_103_4,b95b95002cc603d8b4aec4836d1edc6b1f129efb,6c726f0ba025cab6490df5c05a6c436be87205ad,9,0.8888888888888888
98127ef3c55ec2ab0d296bb8cb2c327935ba6ef1,lo_poly_animal_CHICKDEE,interior_details_130_2,b95b95002cc603d8b4aec4836d1edc6b1f129efb,f730e2fab41495e73bf0e665266a51a692d1ca54,7,1.0
98127ef3c55ec2ab0d296bb8cb2c327935ba6ef1,lo_poly_animal_CHICKDEE,kitchen_equipment_knife2,b95b95002cc603d8b4aec4836d1edc6b1f129efb,4c406e5b2db8e63397199570ff59e65caeca5775,11,0.9090909090909091
98127ef3c55ec2ab0d296bb8cb2c327935ba6ef1,lo_poly_animal_CHICKDEE,lo_poly_animal_BEAR_BLK,b95b95002cc603d8b4aec4836d1edc6b1f129efb,3c6c194cc864f2a655446efa548eef153a393618,17,1.0
98127ef3c55ec2ab0d296bb8cb2c327935ba6ef1,lo_poly_animal_CHICKDEE,lo_poly_animal_ELE_AS1,b95b95002cc603d8b4aec4836d1edc6b1f129efb,41313a938cb781cbd60a6870530e116a9d98e48c,13,1.0
98127ef3c55ec2ab0d296bb8cb2c327935ba6ef1,lo_poly_animal_CHICKDEE,lo_poly_animal_RHINO_2,b95b95002cc603d8b4aec4836d1edc6b1f129efb,b87e834ba5e263774477edc6fc956070795ab1b6,11,1.0
98127ef3c55ec2ab0d296bb8cb2c327935ba6ef1,lo_poly_animal_CHICKDEE,lo_poly_animal_TRANTULA,b95b95002cc603d8b4aec4836d1edc6b1f129efb,8f14ff8cf138e89d90211a7811968af08d4d7098,9,0.8888888888888888
98127ef3c55ec2ab0d296bb8cb2c327935ba6ef1,lo_poly_animal_CHICKDEE,weimaraner,b95b95002cc603d8b4aec4836d1edc6b1f129efb,4f263a161cdd009ff7f9aa88ed9be2b852772142,18,1.0
98127ef3c55ec2ab0d296bb8cb2c327935ba6ef1,lo_poly_animal_CHICKDEE,womens_shorts_01M,b95b95002cc603d8b4aec4836d1edc6b1f129efb,66c09717173c555eced9e7a167f405b7d08ab18f,23,0.8695652173913043
98127ef3c55ec2ab0d296bb8cb2c327935ba6ef1,lo_poly_animal_CHICKDEE,womens_stockings_01M,b95b95002cc603d8b4aec4836d1edc6b1f129efb,7ed95b3ba88443ed63f25ffe0b5fb52d78dab676,28,0.9285714285714286
98127ef3c55ec2ab0d296bb8cb2c327935ba6ef1,lo_poly_animal_CHICKDEE,zebra,b95b95002cc603d8b4aec4836d1edc6b1f129efb,21afbd503b5d4f9c399c4a66baef6bd6e894715f,11,0.9090909090909091
98d31d4a81828777c5eaebcf6972c9d648747107,lo_poly_animal_TRANTULA,22_acoustic_guitar,8f14ff8cf138e89d90211a7811968af08d4d7098,b17c9b116f73af5e54e294b1362187bb666a1737,6,1.0
98d31d4a81828777c5eaebcf6972c9d648747107,lo_poly_animal_TRANTULA,Hanger_02,8f14ff8cf138e89d90211a7811968af08d4d7098,2ef7b8f76464ac15cea9c2eaf23bfb992cfa8a20,15,1.0
98d31d4a81828777c5eaebcf6972c9d648747107,lo_poly_animal_TRANTULA,MB27346,8f14ff8cf138e89d90211a7811968af08d4d7098,f3b1fb66463bf84b593dad9fd1028aa8db6f3720,10,1.0
98d31d4a81828777c5eaebcf6972c9d648747107,lo_poly_animal_TRANTULA,MB29874,8f14ff8cf138e89d90211a7811968af08d4d7098,7cc042e01ac7e57de362ae777017d3e1b727c9f0,8,1.0
98d31d4a81828777c5eaebcf6972c9d648747107,lo_poly_animal_TRANTULA,MB30203,8f14ff8cf138e89d90211a7811968af08d4d7098,e6e0c7209f8a7908c49f803651f7382e3a2e75c5,6,1.0
98d31d4a81828777c5eaebcf6972c9d648747107,lo_poly_animal_TRANTULA,MB30758,8f14ff8cf138e89d90211a7811968af08d4d7098,61c2291042151124f703bb567c32ab30fda22360,6,1.0
98d31d4a81828777c5eaebcf6972c9d648747107,lo_poly_animal_TRANTULA,antique_furniture_item_18,8f14ff8cf138e89d90211a7811968af08d4d7098,bad9c53885fbc5be5a358b2ae742704b9f280dfa,11,1.0
98d31d4a81828777c5eaebcf6972c9d648747107,lo_poly_animal_TRANTULA,build51,8f14ff8cf138e89d90211a7811968af08d4d7098,c6a67bcc6433546d8ede05ca6b05e089509d27ed,7,1.0
98d31d4a81828777c5eaebcf6972c9d648747107,lo_poly_animal_TRANTULA,calc01,8f14ff8cf138e89d90211a7811968af08d4d7098,1858def1a1ecf0e1de87fdbb649b8586cd9210fb,13,1.0
98d31d4a81828777c5eaebcf6972c9d648747107,lo_poly_animal_TRANTULA,dromedary,8f14ff8cf138e89d90211a7811968af08d4d7098,d47c3fb53513386e01d13c19f771ca5eb0f7da90,14,0.9285714285714286
98d31d4a81828777c5eaebcf6972c9d648747107,lo_poly_animal_TRANTULA,flarenut_spanner,8f14ff8cf138e89d90211a7811968af08d4d7098,3b87ec5ffc07c08a35116928a8b6ffb64390e0a4,7,1.0
98d31d4a81828777c5eaebcf6972c9d648747107,lo_poly_animal_TRANTULA,interior_details_103_4,8f14ff8cf138e89d90211a7811968af08d4d7098,6c726f0ba025cab6490df5c05a6c436be87205ad,18,0.9444444444444444
98d31d4a81828777c5eaebcf6972c9d648747107,lo_poly_animal_TRANTULA,interior_details_130_2,8f14ff8cf138e89d90211a7811968af08d4d7098,f730e2fab41495e73bf0e665266a51a692d1ca54,11,0.9090909090909091
98d31d4a81828777c5eaebcf6972c9d648747107,lo_poly_animal_TRANTULA,kitchen_equipment_knife2,8f14ff8cf138e89d90211a7811968af08d4d7098,4c406e5b2db8e63397199570ff59e65caeca5775,4,0.75
98d31d4a81828777c5eaebcf6972c9d648747107,lo_poly_animal_TRANTULA,lo_poly_animal_BEAR_BLK,8f14ff8cf138e89d90211a7811968af08d4d7098,3c6c194cc864f2a655446efa548eef153a393618,12,0.9166666666666666
98d31d4a81828777c5eaebcf6972c9d648747107,lo_poly_animal_TRANTULA,lo_poly_animal_CHICKDEE,8f14ff8cf138e89d90211a7811968af08d4d7098,b95b95002cc603d8b4aec4836d1edc6b1f129efb,8,1.0
98d31d4a81828777c5eaebcf6972c9d648747107,lo_poly_animal_TRANTULA,lo_poly_animal_ELE_AS1,8f14ff8cf138e89d90211a7811968af08d4d7098,41313a938cb781cbd60a6870530e116a9d98e48c,7,1.0
98d31d4a81828777c5eaebcf6972c9d648747107,lo_poly_animal_TRANTULA,weimaraner,8f14ff8cf138e89d90211a7811968af08d4d7098,4f263a161cdd009ff7f9aa88ed9be2b852772142,12,0.9166666666666666
98d31d4a81828777c5eaebcf6972c9d648747107,lo_poly_animal_TRANTULA,womens_shorts_01M,8f14ff8cf138e89d90211a7811968af08d4d7098,66c09717173c555eced9e7a167f405b7d08ab18f,4,1.0
98d31d4a81828777c5eaebcf6972c9d648747107,lo_poly_animal_TRANTULA,womens_stockings_01M,8f14ff8cf138e89d90211a7811968af08d4d7098,7ed95b3ba88443ed63f25ffe0b5fb52d78dab676,14,1.0
98d31d4a81828777c5eaebcf6972c9d648747107,lo_poly_animal_TRANTULA,zebra,8f14ff8cf138e89d90211a7811968af08d4d7098,21afbd503b5d4f9c399c4a66baef6bd6e894715f,10,1.0
9b60dc91718d57e84180ee3f665e2db320b057d0,MB29874,22_acoustic_guitar,7cc042e01ac7e57de362ae777017d3e1b727c9f0,b17c9b116f73af5e54e294b1362187bb666a1737,11,1.0
9b60dc91718d57e84180ee3f665e2db320b057d0,MB29874,Hanger_02,7cc042e01ac7e57de362ae777017d3e1b727c9f0,2ef7b8f76464ac15cea9c2eaf23bfb992cfa8a20,8,1.0
9b60dc91718d57e84180ee3f665e2db320b057d0,MB29874,MB27346,7cc042e01ac7e57de362ae777017d3e1b727c9f0,f3b1fb66463bf84b593dad9fd1028aa8db6f3720,10,1.0
9b60dc91718d57e84180ee3f665e2db320b057d0,MB29874,MB28699,7cc042e01ac7e57de362ae777017d3e1b727c9f0,ee36e4d66958199793add93da479822f4d1164e6,6,1.0
9b60dc91718d57e84180ee3f665e2db320b057d0,MB29874,MB30203,7cc042e01ac7e57de362ae777017d3e1b727c9f0,e6e0c7209f8a7908c49f803651f7382e3a2e75c5,8,1.0
9b60dc91718d57e84180ee3f665e2db320b057d0,MB29874,MB30758,7cc042e01ac7e57de362ae777017d3e1b727c9f0,61c2291042151124f703bb567c32ab30fda22360,10,0.9
9b60dc91718d57e84180ee3f665e2db320b057d0,MB29874,antique_furniture_item_18,7cc042e01ac7e57de362ae777017d3e1b727c9f0,bad9c53885fbc5be5a358b2ae742704b9f280dfa,12,0.8333333333333334
9b60dc91718d57e84180ee3f665e2db320b057d0,MB29874,build51,7cc042e01ac7e57de362ae777017d3e1b727c9f0,c6a67bcc6433546d8ede05ca6b05e089509d27ed,11,0.9090909090909091
9b60dc91718d57e84180ee3f665e2db320b057d0,MB29874,calc01,7cc042e01ac7e57de362ae777017d3e1b727c9f0,1858def1a1ecf0e1de87fdbb649b8586cd9210fb,16,0.875
9b60dc91718d57e84180ee3f665e2db320b057d0,MB29874,dromedary,7cc042e01ac7e57de362ae777017d3e1b727c9f0,d47c3fb53513386e01d13c19f771ca5eb0f7da90,8,1.0
9b60dc91718d57e84180ee3f665e2db320b057d0,MB29874,flarenut_spanner,7cc042e01ac7e57de362ae777017d3e1b727c9f0,3b87ec5ffc07c08a35116928a8b6ffb64390e0a4,14,1.0
9b60dc91718d57e84180ee3f665e2db320b057d0,MB29874,interior_details_103_4,7cc042e01ac7e57de362ae777017d3e1b727c9f0,6c726f0ba025cab6490df5c05a6c436be87205ad,15,0.9333333333333333
9b60dc91718d57e84180ee3f665e2db320b057d0,MB29874,interior_details_130_2,7cc042e01ac7e57de362ae777017d3e1b727c9f0,f730e2fab41495e73bf0e665266a51a692d1ca54,6,1.0
9b60dc91718d57e84180ee3f665e2db320b057d0,MB29874,kitchen_equipment_knife2,7cc042e01ac7e57de362ae777017d3e1b727c9f0,4c406e5b2db8e63397199570ff59e65caeca5775,11,1.0
9b60dc91718d57e84180ee3f665e2db320b057d0,MB29874,lo_poly_animal_BEAR_BLK,7cc042e01ac7e57de362ae777017d3e1b727c9f0,3c6c194cc864f2a655446efa548eef153a393618,17,0.9411764705882353
9b60dc91718d57e84180ee3f665e2db320b057d0,MB29874,lo_poly_animal_CHICKDEE,7cc042e01ac7e57de362ae777017d3e1b727c9f0,b95b95002cc603d8b4aec4836d1edc6b1f129efb,5,1.0
9b60dc91718d57e84180ee3f665e2db320b057d0,MB29874,lo_poly_animal_ELE_AS1,7cc042e01ac7e57de362ae777017d3e1b727c9f0,41313a938cb781cbd60a6870530e116a9d98e48c,4,1.0
9b60dc91718d57e84180ee3f665e2db320b057d0,MB29874,lo_poly_animal_RHINO_2,7cc042e01ac7e57de362ae777017d3e1b727c9f0,b87e834ba5e263774477edc6fc956070795ab1b6,5,1.0
9b60dc91718d57e84180ee3f665e2db320b057d0,MB29874,lo_poly_animal_TRANTULA,7cc042e01ac7e57de362ae777017d3e1b727c9f0,8f14ff8cf138e89d90211a7811968af08d4d7098,10,1.0
9b60dc91718d57e84180ee3f665e2db320b057d0,MB29874,weimaraner,7cc042e01ac7e57de362ae777017d3e1b727c9f0,4f263a161cdd009ff7f9aa88ed9be2b852772142,15,0.9333333333333333
9b60dc91718d57e84180ee3f665e2db320b057d0,MB29874,womens_shorts_01M,7cc042e01ac7e57de362ae777017d3e1b727c9f0,66c09717173c555eced9e7a167f405b7d08ab18f,10,1.0
9b60dc91718d57e84180ee3f665e2db320b057d0,MB29874,womens_stockings_01M,7cc042e01ac7e57de362ae777017d3e1b727c9f0,7ed95b3ba88443ed63f25ffe0b5fb52d78dab676,12,1.0
9b60dc91718d57e84180ee3f665e2db320b057d0,MB29874,zebra,7cc042e01ac7e57de362ae777017d3e1b727c9f0,21afbd503b5d4f9c399c4a66baef6bd6e894715f,15,1.0
9cf02f4c6abedcc9034c854f5ad0b7ceffab7cde,lo_poly_animal_ELE_AS1,22_acoustic_guitar,41313a938cb781cbd60a6870530e116a9d98e48c,b17c9b116f73af5e54e294b1362187bb666a1737,17,1.0
9cf02f4c6abedcc9034c854f5ad0b7ceffab7cde,lo_poly_animal_ELE_AS1,Hanger_02,41313a938cb781cbd60a6870530e116a9d98e48c,2ef7b8f76464ac15cea9c2eaf23bfb992cfa8a20,16,1.0
9cf02f4c6abedcc9034c854f5ad0b7ceffab7cde,lo_poly_animal_ELE_AS1,MB27346,41313a938cb781cbd60a6870530e116a9d98e48c,f3b1fb66463bf84b593dad9fd1028aa8db6f3720,4,1.0
9cf02f4c6abedcc9034c854f5ad0b7ceffab7cde,lo_poly_animal_ELE_AS1,MB28699,41313a938cb781cbd60a6870530e116a9d98e48c,ee36e4d66958199793add93da479822f4d1164e6,14,1.0
9cf02f4c6abedcc9034c854f5ad0b7ceffab7cde,lo_poly_animal_ELE_AS1,MB30203,41313a938cb781cbd60a6870530e116a9d98e48c,e6e0c7209f8a7908c49f803651f7382e3a2e75c5,16,0.9375
9cf02f4c6abedcc9034c854f5ad0b7ceffab7cde,lo_poly_animal_ELE_AS1,MB30758,41313a938cb781cbd60a6870530e116a9d98e48c,61c2291042151124f703bb567c32ab30fda22360,4,0.75
9cf02f4c6abedcc9034c854f5ad0b7ceffab7cde,lo_poly_animal_ELE_AS1,antique_furniture_item_18,41313a938cb781cbd60a6870530e116a9d98e48c,bad9c53885fbc5be5a358b2ae742704b9f280dfa,10,1.0
9cf02f4c6abedcc9034c854f5ad0b7ceffab7cde,lo_poly_animal_ELE_AS1,build51,41313a938cb781cbd60a6870530e116a9d98e48c,c6a67bcc6433546d8ede05ca6b05e089509d27ed,9,1.0
9cf02f4c6abedcc9034c854f5ad0b7ceffab7cde,lo_poly_animal_ELE_AS1,calc01,41313a938cb781cbd60a6870530e116a9d98e48c,1858def1a1ecf0e1de87fdbb649b8586cd9210fb,9,1.0
9cf02f4c6abedcc9034c854f5ad0b7ceffab7cde,lo_poly_animal_ELE_AS1,dromedary,41313a938cb781cbd60a6870530e116a9d98e48c,d47c3fb53513386e01d13c19f771ca5eb0f7da90,15,1.0
9cf02f4c6abedcc9034c854f5ad0b7ceffab7cde,lo_poly_animal_ELE_AS1,flarenut_spanner,41313a938cb781cbd60a6870530e116a9d98e48c,3b87ec5ffc07c08a35116928a8b6ffb64390e0a4,10,1.0
9cf02f4c6abedcc9034c854f5ad0b7ceffab7cde,lo_poly_animal_ELE_AS1,interior_details_103_4,41313a938cb781cbd60a6870530e116a9d98e48c,6c726f0ba025cab6490df5c05a6c436be87205ad,15,1.0
9cf02f4c6abedcc9034c854f5ad0b7ceffab7cde,lo_poly_animal_ELE_AS1,interior_details_130_2,41313a938cb781cbd60a6870530e116a9d98e48c,f730e2fab41495e73bf0e665266a51a692d1ca54,6,1.0
9cf02f4c6abedcc9034c854f5ad0b7ceffab7cde,lo_poly_animal_ELE_AS1,kitchen_equipment_knife2,41313a938cb781cbd60a6870530e116a9d98e48c,4c406e5b2db8e63397199570ff59e65caeca5775,11,1.0
9cf02f4c6abedcc9034c854f5ad0b7ceffab7cde,lo_poly_animal_ELE_AS1,lo_poly_animal_BEAR_BLK,41313a938cb781cbd60a6870530e116a9d98e48c,3c6c194cc864f2a655446efa548eef153a393618,11,1.0
9cf02f4c6abedcc9034c854f5ad0b7ceffab7cde,lo_poly_animal_ELE_AS1,lo_poly_animal_TRANTULA,41313a938cb781cbd60a6870530e116a9d98e48c,8f14ff8cf138e89d90211a7811968af08d4d7098,10,1.0
9cf02f4c6abedcc9034c854f5ad0b7ceffab7cde,lo_poly_animal_ELE_AS1,weimaraner,41313a938cb781cbd60a6870530e116a9d98e48c,4f263a161cdd009ff7f9aa88ed9be2b852772142,27,0.9629629629629629
9cf02f4c6abedcc9034c854f5ad0b7ceffab7cde,lo_poly_animal_ELE_AS1,womens_shorts_01M,41313a938cb781cbd60a6870530e116a9d98e48c,66c09717173c555eced9e7a167f405b7d08ab18f,4,1.0
9cf02f4c6abedcc9034c854f5ad0b7ceffab7cde,lo_poly_animal_ELE_AS1,womens_stockings_01M,41313a938cb781cbd60a6870530e116a9d98e48c,7ed95b3ba88443ed63f25ffe0b5fb52d78dab676,5,1.0
9cf02f4c6abedcc9034c854f5ad0b7ceffab7cde,lo_poly_animal_ELE_AS1,zebra,41313a938cb781cbd60a6870530e116a9d98e48c,21afbd503b5d4f9c399c4a66baef6bd6e894715f,9,1.0
9dc759c77150b5e299395e553f18d87ce73b646b,MB27346,22_acoustic_guitar,f3b1fb66463bf84b593dad9fd1028aa8db6f3720,b17c9b116f73af5e54e294b1362187bb666a1737,7,1.0
9dc759c77150b5e299395e553f18d87ce73b646b,MB27346,MB28699,f3b1fb66463bf84b593dad9fd1028aa8db6f3720,ee36e4d66958199793add93da479822f4d1164e6,4,1.0
9dc759c77150b5e299395e553f18d87ce73b646b,MB27346,MB29874,f3b1fb66463bf84b593dad9fd1028aa8db6f3720,7cc042e01ac7e57de362ae777017d3e1b727c9f0,10,1.0
9dc759c77150b5e299395e553f18d87ce73b646b,MB27346,MB30203,f3b1fb66463bf84b593dad9fd1028aa8db6f3720,e6e0c7209f8a7908c49f803651f7382e3a2e75c5,12,0.9166666666666666
9dc759c77150b5e299395e553f18d87ce73b646b,MB27346,MB30758,f3b1fb66463bf84b593dad9fd1028aa8db6f3720,61c2291042151124f703bb567c32ab30fda22360,6,1.0
9dc759c77150b5e299395e553f18d87ce73b646b,MB27346,antique_furniture_item_18,f3b1fb66463bf84b593dad9fd1028aa8db6f3720,bad9c53885fbc5be5a358b2ae742704b9f280dfa,8,0.875
9dc759c77150b5e299395e553f18d87ce73b646b,MB27346,build51,f3b1fb66463bf84b593dad9fd1028aa8db6f3720,c6a67bcc6433546d8ede05ca6b05e089509d27ed,19,1.0
9dc759c77150b5e299395e553f18d87ce73b646b,MB27346,calc01,f3b1fb66463bf84b593dad9fd1028aa8db6f3720,1858def1a1ecf0e1de87fdbb649b8586cd9210fb,13,1.0
9dc759c77150b5e299395e553f18d87ce73b646b,MB27346,dromedary,f3b1fb66463bf84b593dad9fd1028aa8db6f3720,d47c3fb53513386e01d13c19f771ca5eb0f7da90,4,1.0
9dc759c77150b5e299395e553f18d87ce73b646b,MB27346,flarenut_spanner,f3b1fb66463bf84b593dad9fd1028aa8db6f3720,3b87ec5ffc07c08a35116928a8b6ffb64390e0a4,11,1.0
9dc759c77150b5e299395e553f18d87ce73b646b,MB27346,interior_details_103_4,f3b1fb66463bf84b593dad9fd1028aa8db6f3720,6c726f0ba025cab6490df5c05a6c436be87205ad,12,1.0
9dc759c77150b5e299395e553f18d87ce73b646b,MB27346,interior_details_130_2,f3b1fb66463bf84b593dad9fd1028aa8db6f3720,f730e2fab41495e73bf0e665266a51a692d1ca54,7,0.8571428571428571
9dc759c77150b5e299395e553f18d87ce73b646b,MB27346,kitchen_equipment_knife2,f3b1fb66463bf84b593dad9fd1028aa8db6f3720,4c406e5b2db8e63397199570ff59e65caeca5775,10,0.9
9dc759c77150b5e299395e553f18d87ce73b646b,MB27346,lo_poly_animal_BEAR_BLK,f3b1fb66463bf84b593dad9fd1028aa8db6f3720,3c6c194cc864f2a655446efa548eef153a393618,13,1.0
9dc759c77150b5e299395e553f18d87ce73b646b,MB27346,lo_poly_animal_CHICKDEE,f3b1fb66463bf84b593dad9fd1028aa8db6f3720,b95b95002cc603d8b4aec4836d1edc6b1f129efb,5,1.0
9dc759c77150b5e299395e553f18d87ce73b646b,MB27346,lo_poly_animal_ELE_AS1,f3b1fb66463bf84b593dad9fd1028aa8db6f3720,41313a938cb781cbd60a6870530e116a9d98e48c,6,1.0
9dc759c77150b5e299395e553f18d87ce73b646b,MB27346,lo_poly_animal_RHINO_2,f3b1fb66463bf84b593dad9fd1028aa8db6f3720,b87e834ba5e263774477edc6fc956070795ab1b6,4,1.0
9dc759c77150b5e299395e553f18d87ce73b646b,MB27346,lo_poly_animal_TRANTULA,f3b1fb66463bf84b593dad9fd1028aa8db6f3720,8f14ff8cf138e89d90211a7811968af08d4d7098,9,1.0
9dc759c77150b5e299395e553f18d87ce73b646b,MB27346,weimaraner,f3b1fb66463bf84b593dad9fd1028aa8db6f3720,4f263a161cdd009ff7f9aa88ed9be2b852772142,8,1.0
9dc759c77150b5e299395e553f18d87ce73b646b,MB27346,womens_shorts_01M,f3b1fb66463bf84b593dad9fd1028aa8db6f3720,66c09717173c555eced9e7a167f405b7d08ab18f,13,1.0
9dc759c77150b5e299395e553f18d87ce73b646b,MB27346,womens_stockings_01M,f3b1fb66463bf84b593dad9fd1028aa8db6f3720,7ed95b3ba88443ed63f25ffe0b5fb52d78dab676,6,1.0
9dc759c77150b5e299395e553f18d87ce73b646b,MB27346,zebra,f3b1fb66463bf84b593dad9fd1028aa8db6f3720,21afbd503b5d4f9c399c4a66baef6bd6e894715f,8,1.0
9f840c18bc2a2bd389ccdb22eb629e839e465e51,flarenut_spanner,22_acoustic_guitar,3b87ec5ffc07c08a35116928a8b6ffb64390e0a4,b17c9b116f73af5e54e294b1362187bb666a1737,11,0.9090909090909091
9f840c18bc2a2bd389ccdb22eb629e839e465e51,flarenut_spanner,Hanger_02,3b87ec5ffc07c08a35116928a8b6ffb64390e0a4,2ef7b8f76464ac15cea9c2eaf23bfb992cfa8a20,6,1.0
9f840c18bc2a2bd389ccdb22eb629e839e465e51,flarenut_spanner,MB27346,3b87ec5ffc07c08a35116928a8b6ffb64390e0a4,f3b1fb66463bf84b593dad9fd1028aa8db6f3720,5,1.0
9f840c18bc2a2bd389ccdb22eb629e839e465e51,flarenut_spanner,MB28699,3b87ec5ffc07c08a35116928a8b6ffb64390e0a4,ee36e4d66958199793add93da479822f4d1164e6,13,0.8461538461538461
9f840c18bc2a2bd389ccdb22eb629e839e465e51,flarenut_spanner,MB29874,3b87ec5ffc07c08a35116928a8b6ffb64390e0a4,7cc042e01ac7e57de362ae777017d3e1b727c9f0,9,1.0
9f840c18bc2a2bd389ccdb22eb629e839e465e51,flarenut_spanner,MB30203,3b87ec5ffc07c08a35116928a8b6ffb64390e0a4,e6e0c7209f8a7908c49f803651f7382e3a2e75c5,10,1.0
9f840c18bc2a2bd389ccdb22eb629e839e465e51,flarenut_spanner,MB30758,3b87ec5ffc07c08a35116928a8b6ffb64390e0a4,61c2291042151124f703bb567c32ab30fda22360,10,1.0
9f840c18bc2a2bd389ccdb22eb629e839e465e51,flarenut_spanner,antique_furniture_item_18,3b87ec5ffc07c08a35116928a8b6ffb64390e0a4,bad9c53885fbc5be5a358b2ae742704b9f280dfa,6,1.0
9f840c18bc2a2bd389ccdb22eb629e839e465e51,flarenut_spanner,build51,3b87ec5ffc07c08a35116928a8b6ffb64390e0a4,c6a67bcc6433546d8ede05ca6b05e089509d27ed,5,1.0
9f840c18bc2a2bd389ccdb22eb629e839e465e51,flarenut_spanner,calc01,3b87ec5ffc07c08a35116928a8b6ffb64390e0a4,1858def1a1ecf0e1de87fdbb649b8586cd9210fb,6,1.0
9f840c18bc2a2bd389ccdb22eb629e839e465e51,flarenut_spanner,dromedary,3b87ec5ffc07c08a35116928a8b6ffb64390e0a4,d47c3fb53513386e01d13c19f771ca5eb0f7da90,8,1.0
9f840c18bc2a2bd389ccdb22eb629e839e465e51,flarenut_spanner,interior_details_103_4,3b87ec5ffc07c08a35116928a8b6ffb64390e0a4,6c726f0ba025cab6490df5c05a6c436be87205ad,6,1.0
9f840c18bc2a2bd389ccdb22eb629e839e465e51,flarenut_spanner,interior_details_130_2,3b87ec5ffc07c08a35116928a8b6ffb64390e0a4,f730e2fab41495e73bf0e665266a51a692d1ca54,15,0.9333333333333333
9f840c18bc2a2bd389ccdb22eb629e839e465e51,flarenut_spanner,kitchen_equipment_knife2,3b87ec5ffc07c08a35116928a8b6ffb64390e0a4,4c406e5b2db8e63397199570ff59e65caeca5775,7,1.0
9f840c18bc2a2bd389ccdb22eb629e839e465e51,flarenut_spanner,lo_poly_animal_BEAR_BLK,3b87ec5ffc07c08a35116928a8b6ffb64390e0a4,3c6c194cc864f2a655446efa548eef153a393618,10,1.0
9f840c18bc2a2bd389ccdb22eb629e839e465e51,flarenut_spanner,lo_poly_animal_CHICKDEE,3b87ec5ffc07c08a35116928a8b6ffb64390e0a4,b95b95002cc603d8b4aec4836d1edc6b1f129efb,9,0.7777777777777778
9f840c18bc2a2bd389ccdb22eb629e839e465e51,flarenut_spanner,lo_poly_animal_ELE_AS1,3b87ec5ffc07c08a35116928a8b6ffb64390e0a4,41313a938cb781cbd60a6870530e116a9d98e48c,6,1.0
9f840c18bc2a2bd389ccdb22eb629e839e465e51,flarenut_spanner,lo_poly_animal_RHINO_2,3b87ec5ffc07c08a35116928a8b6ffb64390e0a4,b87e834ba5e263774477edc6fc956070795ab1b6,8,1.0
9f840c18bc2a2bd389ccdb22eb629e839e465e51,flarenut_spanner,lo_poly_animal_TRANTULA,3b87ec5ffc07c08a35116928a8b6ffb64390e0a4,8f14ff8cf138e89d90211a7811968af08d4d7098,13,1.0
9f840c18bc2a2bd389ccdb22eb629e839e465e51,flarenut_spanner,weimaraner,3b87ec5ffc07c08a35116928a8b6ffb64390e0a4,4f263a161cdd009ff7f9aa88ed9be2b852772142,7,1.0
9f840c18bc2a2bd389ccdb22eb629e839e465e51,flarenut_spanner,womens_shorts_01M,3b87ec5ffc07c08a35116928a8b6ffb64390e0a4,66c09717173c555eced9e7a167f405b7d08ab18f,14,1.0
9f840c18bc2a2bd389ccdb22eb629e839e465e51,flarenut_spanner,womens_stockings_01M,3b87ec5ffc07c08a35116928a8b6ffb64390e0a4,7ed95b3ba88443ed63f25ffe0b5fb52d78dab676,25,1.0
a1c31ade515c4eda838d6cc61f47f9b7469ca1ff,womens_stockings_01M,MB27346,7ed95b3ba88443ed63f25ffe0b5fb52d78dab676,f3b1fb66463bf84b593dad9fd1028aa8db6f3720,15,0.9333333333333333
a1c31ade515c4eda838d6cc61f47f9b7469ca1ff,womens_stockings_01M,MB28699,7ed95b3ba88443ed63f25ffe0b5fb52d78dab676,ee36e4d66958199793add93da479822f4d1164e6,5,1.0
a1c31ade515c4eda838d6cc61f47f9b7469ca1ff,womens_stockings_01M,MB29874,7ed95b3ba88443ed63f25ffe0b5fb52d78dab676,7cc042e01ac7e57de362ae777017d3e1b727c9f0,14,1.0
a1c31ade515c4eda838d6cc61f47f9b7469ca1ff,womens_stockings_01M,MB30758,7ed95b3ba88443ed63f25ffe0b5fb52d78dab676,61c2291042151124f703bb567c32ab30fda22360,16,1.0
a1c31ade515c4eda838d6cc61f47f9b7469ca1ff,womens_stockings_01M,antique_furniture_item_18,7ed95b3ba88443ed63f25ffe0b5fb52d78dab676,bad9c53885fbc5be5a358b2ae742704b9f280dfa,5,1.0
a1c31ade515c4eda838d6cc61f47f9b7469ca1ff,womens_stockings_01M,build51,7ed95b3ba88443ed63f25ffe0b5fb52d78dab676,c6a67bcc6433546d8ede05ca6b05e089509d27ed,5,1.0
a1c31ade515c4eda838d6cc61f47f9b7469ca1ff,womens_stockings_01M,calc01,7ed95b3ba88443ed63f25ffe0b5fb52d78dab676,1858def1a1ecf0e1de87fdbb649b8586cd9210fb,7,1.0
a1c31ade515c4eda838d6cc61f47f9b7469ca1ff,womens_stockings_01M,dromedary,7ed95b3ba88443ed63f25ffe0b5fb52d78dab676,d47c3fb53513386e01d13c19f771ca5eb0f7da90,10,1.0
a1c31ade515c4eda838d6cc61f47f9b7469ca1ff,womens_stockings_01M,flarenut_spanner,7ed95b3ba88443ed63f25ffe0b5fb52d78dab676,3b87ec5ffc07c08a35116928a8b6ffb64390e0a4,10,1.0
a1c31ade515c4eda838d6cc61f47f9b7469ca1ff,womens_stockings_01M,interior_details_103_4,7ed95b3ba88443ed63f25ffe0b5fb52d78dab676,6c726f0ba025cab6490df5c05a6c436be87205ad,10,1.0
a1c31ade515c4eda838d6cc61f47f9b7469ca1ff,womens_stockings_01M,interior_details_130_2,7ed95b3ba88443ed63f25ffe0b5fb52d78dab676,f730e2fab41495e73bf0e665266a51a692d1ca54,12,1.0
a1c31ade515c4eda838d6cc61f47f9b7469ca1ff,womens_stockings_01M,kitchen_equipment_knife2,7ed95b3ba88443ed63f25ffe0b5fb52d78dab676,4c406e5b2db8e63397199570ff59e65caeca5775,7,1.0
a1c31ade515c4eda838d6cc61f47f9b7469ca1ff,womens_stockings_01M,lo_poly_animal_BEAR_BLK,7ed95b3ba88443ed63f25ffe0b5fb52d78dab676,3c6c194cc864f2a655446efa548eef153a393618,13,0.9230769230769231
a1c31ade515c4eda838d6cc61f47f9b7469ca1ff,womens_stockings_01M,lo_poly_animal_CHICKDEE,7ed95b3ba88443ed63f25ffe0b5fb52d78dab676,b95b95002cc603d8b4aec4836d1edc6b1f129efb,12,0.9166666666666666
a1c31ade515c4eda838d6cc61f47f9b7469ca1ff,womens_stockings_01M,lo_poly_animal_ELE_AS1,7ed95b3ba88443ed63f25ffe0b5fb52d78dab676,41313a938cb781cbd60a6870530e116a9d98e48c,12,1.0
a1c31ade515c4eda838d6cc61f47f9b7469ca1ff,womens_stockings_01M,lo_poly_animal_RHINO_2,7ed95b3ba88443ed63f25ffe0b5fb52d78dab676,b87e834ba5e263774477edc6fc956070795ab1b6,7,1.0
a1c31ade515c4eda838d6cc61f47f9b7469ca1ff,womens_stockings_01M,lo_poly_animal_TRANTULA,7ed95b3ba88443ed63f25ffe0b5fb52d78dab676,8f14ff8cf138e89d90211a7811968af08d4d7098,7,1.0
a1c31ade515c4eda838d6cc61f47f9b7469ca1ff,womens_stockings_01M,weimaraner,7ed95b3ba88443ed63f25ffe0b5fb52d78dab676,4f263a161cdd009ff7f9aa88ed9be2b852772142,10,1.0
a1c31ade515c4eda838d6cc61f47f9b7469ca1ff,womens_stockings_01M,womens_shorts_01M,7ed95b3ba88443ed63f25ffe0b5fb52d78dab676,66c09717173c555eced9e7a167f405b7d08ab18f,12,1.0
a1c31ade515c4eda838d6cc61f47f9b7469ca1ff,womens_stockings_01M,zebra,7ed95b3ba88443ed63f25ffe0b5fb52d78dab676,21afbd503b5d4f9c399c4a66baef6bd6e894715f,15,1.0
a355ba03643ba31678c42b58678a1f07fe140ec2,build51,22_acoustic_guitar,c6a67bcc6433546d8ede05ca6b05e089509d27ed,b17c9b116f73af5e54e294b1362187bb666a1737,7,0.8571428571428571
a355ba03643ba31678c42b58678a1f07fe140ec2,build51,Hanger_02,c6a67bcc6433546d8ede05ca6b05e089509d27ed,2ef7b8f76464ac15cea9c2eaf23bfb992cfa8a20,17,0.8235294117647058
a355ba03643ba31678c42b58678a1f07fe140ec2,build51,MB27346,c6a67bcc6433546d8ede05ca6b05e089509d27ed,f3b1fb66463bf84b593dad9fd1028aa8db6f3720,9,0.8888888888888888
a355ba03643ba31678c42b58678a1f07fe140ec2,build51,MB28699,c6a67bcc6433546d8ede05ca6b05e089509d27ed,ee36e4d66958199793add93da479822f4d1164e6,8,1.0
a355ba03643ba31678c42b58678a1f07fe140ec2,build51,MB29874,c6a67bcc6433546d8ede05ca6b05e089509d27ed,7cc042e01ac7e57de362ae777017d3e1b727c9f0,13,1.0
a355ba03643ba31678c42b58678a1f07fe140ec2,build51,MB30203,c6a67bcc6433546d8ede05ca6b05e089509d27ed,e6e0c7209f8a7908c49f803651f7382e3a2e75c5,7,1.0
a355ba03643ba31678c42b58678a1f07fe140ec2,build51,MB30758,c6a67bcc6433546d8ede05ca6b05e089509d27ed,61c2291042151124f703bb567c32ab30fda22360,10,1.0
a355ba03643ba31678c42b58678a1f07fe140ec2,build51,antique_furniture_item_18,c6a67bcc6433546d8ede05ca6b05e089509d27ed,bad9c53885fbc5be5a358b2ae742704b9f280dfa,8,0.75
a355ba03643ba31678c42b58678a1f07fe140ec2,build51,calc01,c6a67bcc6433546d8ede05ca6b05e089509d27ed,1858def1a1ecf0e1de87fdbb649b8586cd9210fb,18,0.6666666666666666
a355ba03643ba31678c42b58678a1f07fe140ec2,build51,dromedary,c6a67bcc6433546d8ede05ca6b05e089509d27ed,d47c3fb53513386e01d13c19f771ca5eb0f7da90,11,1.0
a355ba03643ba31678c42b58678a1f07fe140ec2,build51,interior_details_103_4,c6a67bcc6433546d8ede05ca6b05e089509d27ed,6c726f0ba025cab6490df5c05a6c436be87205ad,27,1.0
a355ba03643ba31678c42b58678a1f07fe140ec2,build51,interior_details_130_2,c6a67bcc6433546d8ede05ca6b05e089509d27ed,f730e2fab41495e73bf0e665266a51a692d1ca54,16,0.9375
a355ba03643ba31678c42b58678a1f07fe140ec2,build51,kitchen_equipment_knife2,c6a67bcc6433546d8ede05ca6b05e089509d27ed,4c406e5b2db8e63397199570ff59e65caeca5775,6,0.8333333333333334
a355ba03643ba31678c42b58678a1f07fe140ec2,build51,lo_poly_animal_BEAR_BLK,c6a67bcc6433546d8ede05ca6b05e089509d27ed,3c6c194cc864f2a655446efa548eef153a393618,9,1.0
a355ba03643ba31678c42b58678a1f07fe140ec2,build51,lo_poly_animal_CHICKDEE,c6a67bcc6433546d8ede05ca6b05e089509d27ed,b95b95002cc603d8b4aec4836d1edc6b1f129efb,10,0.9
a355ba03643ba31678c42b58678a1f07fe140ec2,build51,lo_poly_animal_ELE_AS1,c6a67bcc6433546d8ede05ca6b05e089509d27ed,41313a938cb781cbd60a6870530e116a9d98e48c,6,1.0
a355ba03643ba31678c42b58678a1f07fe140ec2,build51,lo_poly_animal_RHINO_2,c6a67bcc6433546d8ede05ca6b05e089509d27ed,b87e834ba5e263774477edc6fc956070795ab1b6,5,1.0
a355ba03643ba31678c42b58678a1f07fe140ec2,build51,weimaraner,c6a67bcc6433546d8ede05ca6b05e089509d27ed,4f263a161cdd009ff7f9aa88ed9be2b852772142,4,0.75
a355ba03643ba31678c42b58678a1f07fe140ec2,build51,womens_shorts_01M,c6a67bcc6433546d8ede05ca6b05e089509d27ed,66c09717173c555eced9e7a167f405b7d08ab18f,14,1.0
a355ba03643ba31678c42b58678a1f07fe140ec2,build51,womens_stockings_01M,c6a67bcc6433546d8ede05ca6b05e089509d27ed,7ed95b3ba88443ed63f25ffe0b5fb52d78dab676,8,0.875
a355ba03643ba31678c42b58678a1f07fe140ec2,build51,zebra,c6a67bcc6433546d8ede05ca6b05e089509d27ed,21afbd503b5d4f9c399c4a66baef6bd6e894715f,17,1.0
a3edd679b401a1d371ed0b5933cf3514b5ced05e,calc01,22_acoustic_guitar,1858def1a1ecf0e1de87fdbb649b8586cd9210fb,b17c9b116f73af5e54e294b1362187bb666a1737,9,0.8888888888888888
a3edd679b401a1d371ed0b5933cf3514b5ced05e,calc01,Hanger_02,1858def1a1ecf0e1de87fdbb649b8586cd9210fb,2ef7b8f76464ac15cea9c2eaf23bfb992cfa8a20,5,1.0
a3edd679b401a1d371ed0b5933cf3514b5ced05e,calc01,MB27346,1858def1a1ecf0e1de87fdbb649b8586cd9210fb,f3b1fb66463bf84b593dad9fd1028aa8db6f3720,6,1.0
a3edd679b401a1d371ed0b5933cf3514b5ced05e,calc01,MB28699,1858def1a1ecf0e1de87fdbb649b8586cd9210fb,ee36e4d66958199793add93da479822f4d1164e6,9,1.0
a3edd679b401a1d371ed0b5933cf3514b5ced05e,calc01,MB29874,1858def1a1ecf0e1de87fdbb649b8586cd9210fb,7cc042e01ac7e57de362ae777017d3e1b727c9f0,9,1.0
a3edd679b401a1d371ed0b5933cf3514b5ced05e,calc01,MB30203,1858def1a1ecf0e1de87fdbb649b8586cd9210fb,e6e0c7209f8a7908c49f803651f7382e3a2e75c5,14,1.0
a3edd679b401a1d371ed0b5933cf3514b5ced05e,calc01,MB30758,1858def1a1ecf0e1de87fdbb649b8586cd9210fb,61c2291042151124f703bb567c32ab30fda22360,9,1.0
a3edd679b401a1d371ed0b5933cf3514b5ced05e,calc01,antique_furniture_item_18,1858def1a1ecf0e1de87fdbb649b8586cd9210fb,bad9c53885fbc5be5a358b2ae742704b9f280dfa,5,0.8
a3edd679b401a1d371ed0b5933cf3514b5ced05e,calc01,build51,1858def1a1ecf0e1de87fdbb649b8586cd9210fb,c6a67bcc6433546d8ede05ca6b05e089509d27ed,5,0.8
a3edd679b401a1d371ed0b5933cf3514b5ced05e,calc01,dromedary,1858def1a1ecf0e1de87fdbb649b8586cd9210fb,d47c3fb53513386e01d13c19f771ca5eb0f7da90,11,1.0
a3edd679b401a1d371ed0b5933cf3514b5ced05e,calc01,flarenut_spanner,1858def1a1ecf0e1de87fdbb649b8586cd9210fb,3b87ec5ffc07c08a35116928a8b6ffb64390e0a4,13,1.0
a3edd679b401a1d371ed0b5933cf3514b5ced05e,calc01,interior_details_103_4,1858def1a1ecf0e1de87fdbb649b8586cd9210fb,6c726f0ba025cab6490df5c05a6c436be87205ad,7,1.0
a3edd679b401a1d371ed0b5933cf3514b5ced05e,calc01,interior_details_130_2,1858def1a1ecf0e1de87fdbb649b8586cd9210fb,f730e2fab41495e73bf0e665266a51a692d1ca54,15,1.0
a3edd679b401a1d371ed0b5933cf3514b5ced05e,calc01,lo_poly_animal_BEAR_BLK,1858def1a1ecf0e1de87fdbb649b8586cd9210fb,3c6c194cc864f2a655446efa548eef153a393618,12,1.0
a3edd679b401a1d371ed0b5933cf3514b5ced05e,calc01,lo_poly_animal_CHICKDEE,1858def1a1ecf0e1de87fdbb649b8586cd9210fb,b95b95002cc603d8b4aec4836d1edc6b1f129efb,10,1.0
a3edd679b401a1d371ed0b5933cf3514b5ced05e,calc01,lo_poly_animal_TRANTULA,1858def1a1ecf0e1de87fdbb649b8586cd9210fb,8f14ff8cf138e89d90211a7811968af08d4d7098,7,1.0
a3edd679b401a1d371ed0b5933cf3514b5ced05e,calc01,weimaraner,1858def1a1ecf0e1de87fdbb649b8586cd9210fb,4f263a161cdd009ff7f9aa88ed9be2b852772142,8,0.875
a3edd679b401a1d371ed0b5933cf3514b5ced05e,calc01,womens_shorts_01M,1858def1a1ecf0e1de87fdbb649b8586cd9210fb,66c09717173c555eced9e7a167f405b7d08ab18f,10,1.0
a3edd679b401a1d371ed0b5933cf3514b5ced05e,calc01,womens_stockings_01M,1858def1a1ecf0e1de87fdbb649b8586cd9210fb,7ed95b3ba88443ed63f25ffe0b5fb52d78dab676,7,1.0
a3edd679b401a1d371ed0b5933cf3514b5ced05e,calc01,zebra,1858def1a1ecf0e1de87fdbb649b8586cd9210fb,21afbd503b5d4f9c399c4a66baef6bd6e894715f,7,1.0
a4edd29f65e31ca55906f19672b16f676418ef82,zebra,22_acoustic_guitar,21afbd503b5d4f9c399c4a66baef6bd6e894715f,b17c9b116f73af5e54e294b1362187bb666a1737,13,0.9230769230769231
a4edd29f65e31ca55906f19672b16f676418ef82,zebra,Hanger_02,21afbd503b5d4f9c399c4a66baef6bd6e894715f,2ef7b8f76464ac15cea9c2eaf23bfb992cfa8a20,8,1.0
a4edd29f65e31ca55906f19672b16f676418ef82,zebra,MB27346,21afbd503b5d4f9c399c4a66baef6bd6e894715f,f3b1fb66463bf84b593dad9fd1028aa8db6f3720,14,1.0
a4edd29f65e31ca55906f19672b16f676418ef82,zebra,MB28699,21afbd503b5d4f9c399c4a66baef6bd6e894715f,ee36e4d66958199793add93da479822f4d1164e6,16,1.0
a4edd29f65e31ca55906f19672b16f676418ef82,zebra,MB29874,21afbd503b5d4f9c399c4a66baef6bd6e894715f,7cc042e01ac7e57de362ae777017d3e1b727c9f0,12,1.0
a4edd29f65e31ca55906f19672b16f676418ef82,zebra,MB30758,21afbd503b5d4f9c399c4a66baef6bd6e894715f,61c2291042151124f703bb567c32ab30fda22360,12,1.0
a4edd29f65e31ca55906f19672b16f676418ef82,zebra,antique_furniture_item_18,21afbd503b5d4f9c399c4a66baef6bd6e894715f,bad9c53885fbc5be5a358b2ae742704b9f280dfa,9,1.0
a4edd29f65e31ca55906f19672b16f676418ef82,zebra,build51,21afbd503b5d4f9c399c4a66baef6bd6e894715f,c6a67bcc6433546d8ede05ca6b05e089509d27ed,10,1.0
a4edd29f65e31ca55906f19672b16f676418ef82,zebra,calc01,21afbd503b5d4f9c399c4a66baef6bd6e894715f,1858def1a1ecf0e1de87fdbb649b8586cd9210fb,6,1.0
a4edd29f65e31ca55906f19672b16f676418ef82,zebra,dromedary,21afbd503b5d4f9c399c4a66baef6bd6e894715f,d47c3fb53513386e01d13c19f771ca5eb0f7da90,20,1.0
a4edd29f65e31ca55906f19672b16f676418ef82,zebra,flarenut_spanner,21afbd503b5d4f9c399c4a66baef6bd6e894715f,3b87ec5ffc07c08a35116928a8b6ffb64390e0a4,8,1.0
a4edd29f65e31ca55906f19672b16f676418ef82,zebra,interior_details_103_4,21afbd503b5d4f9c399c4a66baef6bd6e894715f,6c726f0ba025cab6490df5c05a6c436be87205ad,5,0.8
a4edd29f65e31ca55906f19672b16f676418ef82,zebra,interior_details_130_2,21afbd503b5d4f9c399c4a66baef6bd6e894715f,f730e2fab41495e73bf0e665266a51a692d1ca54,17,1.0
a4edd29f65e31ca55906f19672b16f676418ef82,zebra,kitchen_equipment_knife2,21afbd503b5d4f9c399c4a66baef6bd6e894715f,4c406e5b2db8e63397199570ff59e65caeca5775,6,1.0
a4edd29f65e31ca55906f19672b16f676418ef82,zebra,lo_poly_animal_BEAR_BLK,21afbd503b5d4f9c399c4a66baef6bd6e894715f,3c6c194cc864f2a655446efa548eef153a393618,17,1.0
a4edd29f65e31ca55906f19672b16f676418ef82,zebra,lo_poly_animal_CHICKDEE,21afbd503b5d4f9c399c4a66baef6bd6e894715f,b95b95002cc603d8b4aec4836d1edc6b1f129efb,5,1.0
a4edd29f65e31ca55906f19672b16f676418ef82,zebra,lo_poly_animal_ELE_AS1,21afbd503b5d4f9c399c4a66baef6bd6e894715f,41313a938cb781cbd60a6870530e116a9d98e48c,8,1.0
a4edd29f65e31ca55906f19672b16f676418ef82,zebra,lo_poly_animal_RHINO_2,21afbd503b5d4f9c399c4a66baef6bd6e894715f,b87e834ba5e263774477edc6fc956070795ab1b6,9,1.0
a4edd29f65e31ca55906f19672b16f676418ef82,zebra,weimaraner,21afbd503b5d4f9c399c4a66baef6bd6e894715f,4f263a161cdd009ff7f9aa88ed9be2b852772142,4,1.0
a4edd29f65e31ca55906f19672b16f676418ef82,zebra,womens_shorts_01M,21afbd503b5d4f9c399c4a66baef6bd6e894715f,66c09717173c555eced9e7a167f405b7d08ab18f,4,1.0
a4edd29f65e31ca55906f19672b16f676418ef82,zebra,womens_stockings_01M,21afbd503b5d4f9c399c4a66baef6bd6e894715f,7ed95b3ba88443ed63f25ffe0b5fb52d78dab676,4,1.0
a8e5a39cb4f6ec07f033ae4fe39e0ad5175212ae,lo_poly_animal_CHICKDEE,22_acoustic_guitar,b95b95002cc603d8b4aec4836d1edc6b1f129efb,b17c9b116f73af5e54e294b1362187bb666a1737,10,0.7
a8e5a39cb4f6ec07f033ae4fe39e0ad5175212ae,lo_poly_animal_CHICKDEE,Hanger_02,b95b95002cc603d8b4aec4836d1edc6b1f129efb,2ef7b8f76464ac15cea9c2eaf23bfb992cfa8a20,12,0.9166666666666666
a8e5a39cb4f6ec07f033ae4fe39e0ad5175212ae,lo_poly_animal_CHICKDEE,MB27346,b95b95002cc603d8b4aec4836d1edc6b1f129efb,f3b1fb66463bf84b593dad9fd1028aa8db6f3720,10,0.6
a8e5a39cb4f6ec07f033ae4fe39e0ad5175212ae,lo_poly_animal_CHICKDEE,MB28699,b95b95002cc603d8b4aec4836d1edc6b1f129efb,ee36e4d66958199793add93da479822f4d1164e6,20,0.85
a8e5a39cb4f6ec07f033ae4fe39e0ad5175212ae,lo_poly_animal_CHICKDEE,MB29874,b95b95002cc603d8b4aec4836d1edc6b1f129efb,7cc042e01ac7e57de362ae777017d3e1b727c9f0,11,0.8181818181818182
a8e5a39cb4f6ec07f033ae4fe39e0ad5175212ae,lo_poly_animal_CHICKDEE,MB30203,b95b95002cc603d8b4aec4836d1edc6b1f129efb,e6e0c7209f8a7908c49f803651f7382e3a2e75c5,6,1.0
a8e5a39cb4f6ec07f033ae4fe39e0ad5175212ae,lo_poly_animal_CHICKDEE,MB30758,b95b95002cc603d8b4aec4836d1edc6b1f129efb,61c2291042151124f703bb567c32ab30fda22360,15,0.7333333333333333
a8e5a39cb4f6ec07f033ae4fe39e0ad5175212ae,lo_poly_animal_CHICKDEE,antique_furniture_item_18,b95b95002cc603d8b4aec4836d1edc6b1f129efb,bad9c53885fbc5be5a358b2ae742704b9f280dfa,8,0.75
a8e5a39cb4f6ec07f033ae4fe39e0ad5175212ae,lo_poly_animal_CHICKDEE,build51,b95b95002cc603d8b4aec4836d1edc6b1f129efb,c6a67bcc6433546d8ede05ca6b05e089509d27ed,9,0.7777777777777778
a8e5a39cb4f6ec07f033ae4fe39e0ad5175212ae,lo_poly_animal_CHICKDEE,calc01,b95b95002cc603d8b4aec4836d1edc6b1f129efb,1858def1a1ecf0e1de87fdbb649b8586cd9210fb,6,0.8333333333333334
a8e5a39cb4f6ec07f033ae4fe39e0ad5175212ae,lo_poly_animal_CHICKDEE,dromedary,b95b95002cc603d8b4aec4836d1edc6b1f129efb,d47c3fb53513386e01d13c19f771ca5eb0f7da90,7,1.0
a8e5a39cb4f6ec07f033ae4fe39e0ad5175212ae,lo_poly_animal_CHICKDEE,flarenut_spanner,b95b95002cc603d8b4aec4836d1edc6b1f129efb,3b87ec5ffc07c08a35116928a8b6ffb64390e0a4,13,1.0
a8e5a39cb4f6ec07f033ae4fe39e0ad5175212ae,lo_poly_animal_CHICKDEE,interior_details_103_4,b95b95002cc603d8b4aec4836d1edc6b1f129efb,6c726f0ba025cab6490df5c05a6c436be87205ad,6,0.8333333333333334
a8e5a39cb4f6ec07f033ae4fe39e0ad5175212ae,lo_poly_animal_CHICKDEE,interior_details_130_2,b95b95002cc603d8b4aec4836d1edc6b1f129efb,f730e2fab41495e73bf0e665266a51a692d1ca54,13,0.9230769230769231
a8e5a39cb4f6ec07f033ae4fe39e0ad5175212ae,lo_poly_animal_CHICKDEE,kitchen_equipment_knife2,b95b95002cc603d8b4aec4836d1edc6b1f129efb,4c406e5b2db8e63397199570ff59e65caeca5775,11,0.5454545454545454
a8e5a39cb4f6ec07f033ae4fe39e0ad5175212ae,lo_poly_animal_CHICKDEE,lo_poly_animal_BEAR_BLK,b95b95002cc603d8b4aec4836d1edc6b1f129efb,3c6c194cc864f2a655446efa548eef153a393618,17,0.9411764705882353
a8e5a39cb4f6ec07f033ae4fe39e0ad5175212ae,lo_poly_animal_CHICKDEE,lo_poly_animal_ELE_AS1,b95b95002cc603d8b4aec4836d1edc6b1f129efb,41313a938cb781cbd60a6870530e116a9d98e48c,9,0.5555555555555556
a8e5a39cb4f6ec07f033ae4fe39e0ad5175212ae,lo_poly_animal_CHICKDEE,lo_poly_animal_RHINO_2,b95b95002cc603d8b4aec4836d1edc6b1f129efb,b87e834ba5e263774477edc6fc956070795ab1b6,12,0.75
a8e5a39cb4f6ec07f033ae4fe39e0ad5175212ae,lo_poly_animal_CHICKDEE,lo_poly_animal_TRANTULA,b95b95002cc603d8b4aec4836d1edc6b1f129efb,8f14ff8cf138e89d90211a7811968af08d4d7098,5,1.0
a8e5a39cb4f6ec07f033ae4fe39e0ad5175212ae,lo_poly_animal_CHICKDEE,weimaraner,b95b95002cc603d8b4aec4836d1edc6b1f129efb,4f263a161cdd009ff7f9aa88ed9be2b852772142,8,0.625
a8e5a39cb4f6ec07f033ae4fe39e0ad5175212ae,lo_poly_animal_CHICKDEE,womens_shorts_01M,b95b95002cc603d8b4aec4836d1edc6b1f129efb,66c09717173c555eced9e7a167f405b7d08ab18f,12,0.8333333333333334
a8e5a39cb4f6ec07f033ae4fe39e0ad5175212ae,lo_poly_animal_CHICKDEE,womens_stockings_01M,b95b95002cc603d8b4aec4836d1edc6b1f129efb,7ed95b3ba88443ed63f25ffe0b5fb52d78dab676,11,0.9090909090909091
a8e5a39cb4f6ec07f033ae4fe39e0ad5175212ae,lo_poly_animal_CHICKDEE,zebra,b95b95002cc603d8b4aec4836d1edc6b1f129efb,21afbd503b5d4f9c399c4a66baef6bd6e894715f,14,0.8571428571428571
a94ba9bbec3c7a0631d733abb8998ef1b3f49443,interior_details_130_2,22_acoustic_guitar,f730e2fab41495e73bf0e665266a51a692d1ca54,b17c9b116f73af5e54e294b1362187bb666a1737,13,1.0
a94ba9bbec3c7a0631d733abb8998ef1b3f49443,interior_details_130_2,Hanger_02,f730e2fab41495e73bf0e665266a51a692d1ca54,2ef7b8f76464ac15cea9c2eaf23bfb992cfa8a20,26,1.0
a94ba9bbec3c7a0631d733abb8998ef1b3f49443,interior_details_130_2,MB27346,f730e2fab41495e73bf0e665266a51a692d1ca54,f3b1fb66463bf84b593dad9fd1028aa8db6f3720,29,1.0
a94ba9bbec3c7a0631d733abb8998ef1b3f49443,interior_details_130_2,MB28699,f730e2fab41495e73bf0e665266a51a692d1ca54,ee36e4d66958199793add93da479822f4d1164e6,39,0.9230769230769231
a94ba9bbec3c7a0631d733abb8998ef1b3f49443,interior_details_130_2,MB29874,f730e2fab41495e73bf0e665266a51a692d1ca54,7cc042e01ac7e57de362ae777017d3e1b727c9f0,16,1.0
a94ba9bbec3c7a0631d733abb8998ef1b3f49443,interior_details_130_2,MB30203,f730e2fab41495e73bf0e665266a51a692d1ca54,e6e0c7209f8a7908c49f803651f7382e3a2e75c5,13,1.0
a94ba9bbec3c7a0631d733abb8998ef1b3f49443,interior_details_130_2,MB30758,f730e2fab41495e73bf0e665266a51a692d1ca54,61c2291042151124f703bb567c32ab30fda22360,12,1.0
a94ba9bbec3c7a0631d733abb8998ef1b3f49443,interior_details_130_2,antique_furniture_item_18,f730e2fab41495e73bf0e665266a51a692d1ca54,bad9c53885fbc5be5a358b2ae742704b9f280dfa,28,0.9285714285714286
a94ba9bbec3c7a0631d733abb8998ef1b3f49443,interior_details_130_2,build51,f730e2fab41495e73bf0e665266a51a692d1ca54,c6a67bcc6433546d8ede05ca6b05e089509d27ed,21,1.0
a94ba9bbec3c7a0631d733abb8998ef1b3f49443,interior_details_130_2,calc01,f730e2fab41495e73bf0e665266a51a692d1ca54,1858def1a1ecf0e1de87fdbb649b8586cd9210fb,17,1.0
a94ba9bbec3c7a0631d733abb8998ef1b3f49443,interior_details_130_2,dromedary,f730e2fab41495e73bf0e665266a51a692d1ca54,d47c3fb53513386e01d13c19f771ca5eb0f7da90,14,0.8571428571428571
a94ba9bbec3c7a0631d733abb8998ef1b3f49443,interior_details_130_2,flarenut_spanner,f730e2fab41495e73bf0e665266a51a692d1ca54,3b87ec5ffc07c08a35116928a8b6ffb64390e0a4,19,1.0
a94ba9bbec3c7a0631d733abb8998ef1b3f49443,interior_details_130_2,interior_details_103_4,f730e2fab41495e73bf0e665266a51a692d1ca54,6c726f0ba025cab6490df5c05a6c436be87205ad,19,0.9473684210526315
a94ba9bbec3c7a0631d733abb8998ef1b3f49443,interior_details_130_2,kitchen_equipment_knife2,f730e2fab41495e73bf0e665266a51a692d1ca54,4c406e5b2db8e63397199570ff59e65caeca5775,5,1.0
a94ba9bbec3c7a0631d733abb8998ef1b3f49443,interior_details_130_2,lo_poly_animal_BEAR_BLK,f730e2fab41495e73bf0e665266a51a692d1ca54,3c6c194cc864f2a655446efa548eef153a393618,21,1.0
a94ba9bbec3c7a0631d733abb8998ef1b3f49443,interior_details_130_2,lo_poly_animal_CHICKDEE,f730e2fab41495e73bf0e665266a51a692d1ca54,b95b95002cc603d8b4aec4836d1edc6b1f129efb,21,1.0
a94ba9bbec3c7a0631d733abb8998ef1b3f49443,interior_details_130_2,lo_poly_animal_RHINO_2,f730e2fab41495e73bf0e665266a51a692d1ca54,b87e834ba5e263774477edc6fc956070795ab1b6,13,1.0
a94ba9bbec3c7a0631d733abb8998ef1b3f49443,interior_details_130_2,lo_poly_animal_TRANTULA,f730e2fab41495e73bf0e665266a51a692d1ca54,8f14ff8cf138e89d90211a7811968af08d4d7098,21,0.9047619047619048
a94ba9bbec3c7a0631d733abb8998ef1b3f49443,interior_details_130_2,weimaraner,f730e2fab41495e73bf0e665266a51a692d1ca54,4f263a161cdd009ff7f9aa88ed9be2b852772142,15,1.0
a94ba9bbec3c7a0631d733abb8998ef1b3f49443,interior_details_130_2,womens_stockings_01M,f730e2fab41495e73bf0e665266a51a692d1ca54,7ed95b3ba88443ed63f25ffe0b5fb52d78dab676,13,1.0
a94ba9bbec3c7a0631d733abb8998ef1b3f49443,interior_details_130_2,zebra,f730e2fab41495e73bf0e665266a51a692d1ca54,21afbd503b5d4f9c399c4a66baef6bd6e894715f,19,1.0
a96e6990ed4e95540a093ce61eef20ccd536eca8,lo_poly_animal_RHINO_2,22_acoustic_guitar,b87e834ba5e263774477edc6fc956070795ab1b6,b17c9b116f73af5e54e294b1362187bb666a1737,7,0.7142857142857143
a96e6990ed4e95540a093ce61eef20ccd536eca8,lo_poly_animal_RHINO_2,MB27346,b87e834ba5e263774477edc6fc956070795ab1b6,f3b1fb66463bf84b593dad9fd1028aa8db6f3720,6,0.6666666666666666
a96e6990ed4e95540a093ce61eef20ccd536eca8,lo_poly_animal_RHINO_2,MB28699,b87e834ba5e263774477edc6fc956070795ab1b6,ee36e4d66958199793add93da479822f4d1164e6,8,0.25
a96e6990ed4e95540a093ce61eef20ccd536eca8,lo_poly_animal_RHINO_2,MB29874,b87e834ba5e263774477edc6fc956070795ab1b6,7cc042e01ac7e57de362ae777017d3e1b727c9f0,16,0.375
a96e6990ed4e95540a093ce61eef20ccd536eca8,lo_poly_animal_RHINO_2,MB30203,b87e834ba5e263774477edc6fc956070795ab1b6,e6e0c7209f8a7908c49f803651f7382e3a2e75c5,23,0.6086956521739131
a96e6990ed4e95540a093ce61eef20ccd536eca8,lo_poly_animal_RHINO_2,MB30758,b87e834ba5e263774477edc6fc956070795ab1b6,61c2291042151124f703bb567c32ab30fda22360,16,0.125
a96e6990ed4e95540a093ce61eef20ccd536eca8,lo_poly_animal_RHINO_2,antique_furniture_item_18,b87e834ba5e263774477edc6fc956070795ab1b6,bad9c53885fbc5be5a358b2ae742704b9f280dfa,9,0.7777777777777778
a96e6990ed4e95540a093ce61eef20ccd536eca8,lo_poly_animal_RHINO_2,calc01,b87e834ba5e263774477edc6fc956070795ab1b6,1858def1a1ecf0e1de87fdbb649b8586cd9210fb,14,0.8571428571428571
a96e6990ed4e95540a093ce61eef20ccd536eca8,lo_poly_animal_RHINO_2,dromedary,b87e834ba5e263774477edc6fc956070795ab1b6,d47c3fb53513386e01d13c19f771ca5eb0f7da90,14,0.14285714285714285
a96e6990ed4e95540a093ce61eef20ccd536eca8,lo_poly_animal_RHINO_2,flarenut_spanner,b87e834ba5e263774477edc6fc956070795ab1b6,3b87ec5ffc07c08a35116928a8b6ffb64390e0a4,7,0.42857142857142855
a96e6990ed4e95540a093ce61eef20ccd536eca8,lo_poly_animal_RHINO_2,interior_details_103_4,b87e834ba5e263774477edc6fc956070795ab1b6,6c726f0ba025cab6490df5c05a6c436be87205ad,12,0.6666666666666666
a96e6990ed4e95540a093ce61eef20ccd536eca8,lo_poly_animal_RHINO_2,interior_details_130_2,b87e834ba5e263774477edc6fc956070795ab1b6,f730e2fab41495e73bf0e665266a51a692d1ca54,6,0.5
a96e6990ed4e95540a093ce61eef20ccd536eca8,lo_poly_animal_RHINO_2,lo_poly_animal_BEAR_BLK,b87e834ba5e263774477edc6fc956070795ab1b6,3c6c194cc864f2a655446efa548eef153a393618,15,0.7333333333333333
a96e6990ed4e95540a093ce61eef20ccd536eca8,lo_poly_animal_RHINO_2,lo_poly_animal_CHICKDEE,b87e834ba5e263774477edc6fc956070795ab1b6,b95b95002cc603d8b4aec4836d1edc6b1f129efb,4,0.0
a96e6990ed4e95540a093ce61eef20ccd536eca8,lo_poly_animal_RHINO_2,lo_poly_animal_TRANTULA,b87e834ba5e263774477edc6fc956070795ab1b6,8f14ff8cf138e89d90211a7811968af08d4d7098,9,0.2222222222222222
a96e6990ed4e95540a093ce61eef20ccd536eca8,lo_poly_animal_RHINO_2,weimaraner,b87e834ba5e263774477edc6fc956070795ab1b6,4f263a161cdd009ff7f9aa88ed9be2b852772142,14,0.21428571428571427
a96e6990ed4e95540a093ce61eef20ccd536eca8,lo_poly_animal_RHINO_2,womens_shorts_01M,b87e834ba5e263774477edc6fc956070795ab1b6,66c09717173c555eced9e7a167f405b7d08ab18f,5,0.6
a96e6990ed4e95540a093ce61eef20ccd536eca8,lo_poly_animal_RHINO_2,womens_stockings_01M,b87e834ba5e263774477edc6fc956070795ab1b6,7ed95b3ba88443ed63f25ffe0b5fb52d78dab676,6,0.5
a96e6990ed4e95540a093ce61eef20ccd536eca8,lo_poly_animal_RHINO_2,zebra,b87e834ba5e263774477edc6fc956070795ab1b6,21afbd503b5d4f9c399c4a66baef6bd6e894715f,5,0.4
a99572163992155d32d9795c8a44f8f4a5f921b5,weimaraner,22_acoustic_guitar,4f263a161cdd009ff7f9aa88ed9be2b852772142,b17c9b116f73af5e54e294b1362187bb666a1737,6,1.0
a99572163992155d32d9795c8a44f8f4a5f921b5,weimaraner,Hanger_02,4f263a161cdd009ff7f9aa88ed9be2b852772142,2ef7b8f76464ac15cea9c2eaf23bfb992cfa8a20,18,0.9444444444444444
a99572163992155d32d9795c8a44f8f4a5f921b5,weimaraner,MB27346,4f263a161cdd009ff7f9aa88ed9be2b852772142,f3b1fb66463bf84b593dad9fd1028aa8db6f3720,12,1.0
a99572163992155d32d9795c8a44f8f4a5f921b5,weimaraner,MB28699,4f263a161cdd009ff7f9aa88ed9be2b852772142,ee36e4d66958199793add93da479822f4d1164e6,14,1.0
a99572163992155d32d9795c8a44f8f4a5f921b5,weimaraner,MB29874,4f263a161cdd009ff7f9aa88ed9be2b852772142,7cc042e01ac7e57de362ae777017d3e1b727c9f0,38,0.9736842105263158
a99572163992155d32d9795c8a44f8f4a5f921b5,weimaraner,MB30203,4f263a161cdd009ff7f9aa88ed9be2b852772142,e6e0c7209f8a7908c49f803651f7382e3a2e75c5,17,0.9411764705882353
a99572163992155d32d9795c8a44f8f4a5f921b5,weimaraner,MB30758,4f263a161cdd009ff7f9aa88ed9be2b852772142,61c2291042151124f703bb567c32ab30fda22360,6,1.0
a99572163992155d32d9795c8a44f8f4a5f921b5,weimaraner,antique_furniture_item_18,4f263a161cdd009ff7f9aa88ed9be2b852772142,bad9c53885fbc5be5a358b2ae742704b9f280dfa,18,1.0
a99572163992155d32d9795c8a44f8f4a5f921b5,weimaraner,build51,4f263a161cdd009ff7f9aa88ed9be2b852772142,c6a67bcc6433546d8ede05ca6b05e089509d27ed,9,1.0
a99572163992155d32d9795c8a44f8f4a5f921b5,weimaraner,calc01,4f263a161cdd009ff7f9aa88ed9be2b852772142,1858def1a1ecf0e1de87fdbb649b8586cd9210fb,9,1.0
a99572163992155d32d9795c8a44f8f4a5f921b5,weimaraner,dromedary,4f263a161cdd009ff7f9aa88ed9be2b852772142,d47c3fb53513386e01d13c19f771ca5eb0f7da90,22,0.8636363636363636
a99572163992155d32d9795c8a44f8f4a5f921b5,weimaraner,flarenut_spanner,4f263a161cdd009ff7f9aa88ed9be2b852772142,3b87ec5ffc07c08a35116928a8b6ffb64390e0a4,15,1.0
a99572163992155d32d9795c8a44f8f4a5f921b5,weimaraner,interior_details_103_4,4f263a161cdd009ff7f9aa88ed9be2b852772142,6c726f0ba025cab6490df5c05a6c436be87205ad,17,1.0
a99572163992155d32d9795c8a44f8f4a5f921b5,weimaraner,interior_details_130_2,4f263a161cdd009ff7f9aa88ed9be2b852772142,f730e2fab41495e73bf0e665266a51a692d1ca54,10,1.0
a99572163992155d32d9795c8a44f8f4a5f921b5,weimaraner,kitchen_equipment_knife2,4f263a161cdd009ff7f9aa88ed9be2b852772142,4c406e5b2db8e63397199570ff59e65caeca5775,17,0.9411764705882353
a99572163992155d32d9795c8a44f8f4a5f921b5,weimaraner,lo_poly_animal_BEAR_BLK,4f263a161cdd009ff7f9aa88ed9be2b852772142,3c6c194cc864f2a655446efa548eef153a393618,14,1.0
a99572163992155d32d9795c8a44f8f4a5f921b5,weimaraner,lo_poly_animal_CHICKDEE,4f263a161cdd009ff7f9aa88ed9be2b852772142,b95b95002cc603d8b4aec4836d1edc6b1f129efb,14,1.0
a99572163992155d32d9795c8a44f8f4a5f921b5,weimaraner,lo_poly_animal_ELE_AS1,4f263a161cdd009ff7f9aa88ed9be2b852772142,41313a938cb781cbd60a6870530e116a9d98e48c,19,0.9473684210526315
a99572163992155d32d9795c8a44f8f4a5f921b5,weimaraner,lo_poly_animal_RHINO_2,4f263a161cdd009ff7f9aa88ed9be2b852772142,b87e834ba5e263774477edc6fc956070795ab1b6,8,1.0
a99572163992155d32d9795c8a44f8f4a5f921b5,weimaraner,lo_poly_animal_TRANTULA,4f263a161cdd009ff7f9aa88ed9be2b852772142,8f14ff8cf138e89d90211a7811968af08d4d7098,17,0.8823529411764706
a99572163992155d32d9795c8a44f8f4a5f921b5,weimaraner,womens_shorts_01M,4f263a161cdd009ff7f9aa88ed9be2b852772142,66c09717173c555eced9e7a167f405b7d08ab18f,11,1.0
a99572163992155d32d9795c8a44f8f4a5f921b5,weimaraner,womens_stockings_01M,4f263a161cdd009ff7f9aa88ed9be2b852772142,7ed95b3ba88443ed63f25ffe0b5fb52d78dab676,12,1.0
a99572163992155d32d9795c8a44f8f4a5f921b5,weimaraner,zebra,4f263a161cdd009ff7f9aa88ed9be2b852772142,21afbd503b5d4f9c399c4a66baef6bd6e894715f,17,0.9411764705882353
a9b7843a1aee1eeececcc6ba9745aae13f5212ad,MB30758,22_acoustic_guitar,61c2291042151124f703bb567c32ab30fda22360,b17c9b116f73af5e54e294b1362187bb666a1737,5,1.0
a9b7843a1aee1eeececcc6ba9745aae13f5212ad,MB30758,Hanger_02,61c2291042151124f703bb567c32ab30fda22360,2ef7b8f76464ac15cea9c2eaf23bfb992cfa8a20,5,1.0
a9b7843a1aee1eeececcc6ba9745aae13f5212ad,MB30758,MB27346,61c2291042151124f703bb567c32ab30fda22360,f3b1fb66463bf84b593dad9fd1028aa8db6f3720,4,1.0
a9b7843a1aee1eeececcc6ba9745aae13f5212ad,MB30758,MB28699,61c2291042151124f703bb567c32ab30fda22360,ee36e4d66958199793add93da479822f4d1164e6,4,1.0
a9b7843a1aee1eeececcc6ba9745aae13f5212ad,MB30758,MB29874,61c2291042151124f703bb567c32ab30fda22360,7cc042e01ac7e57de362ae777017d3e1b727c9f0,10,0.8
a9b7843a1aee1eeececcc6ba9745aae13f5212ad,MB30758,MB30203,61c2291042151124f703bb567c32ab30fda22360,e6e0c7209f8a7908c49f803651f7382e3a2e75c5,12,1.0
a9b7843a1aee1eeececcc6ba9745aae13f5212ad,MB30758,build51,61c2291042151124f703bb567c32ab30fda22360,c6a67bcc6433546d8ede05ca6b05e089509d27ed,13,1.0
a9b7843a1aee1eeececcc6ba9745aae13f5212ad,MB30758,calc01,61c2291042151124f703bb567c32ab30fda22360,1858def1a1ecf0e1de87fdbb649b8586cd9210fb,12,0.9166666666666666
a9b7843a1aee1eeececcc6ba9745aae13f5212ad,MB30758,dromedary,61c2291042151124f703bb567c32ab30fda22360,d47c3fb53513386e01d13c19f771ca5eb0f7da90,15,0.8666666666666667
a9b7843a1aee1eeececcc6ba9745aae13f5212ad,MB30758,flarenut_spanner,61c2291042151124f703bb567c32ab30fda22360,3b87ec5ffc07c08a35116928a8b6ffb64390e0a4,7,1.0
a9b7843a1aee1eeececcc6ba9745aae13f5212ad,MB30758,interior_details_130_2,61c2291042151124f703bb567c32ab30fda22360,f730e2fab41495e73bf0e665266a51a692d1ca54,16,1.0
a9b7843a1aee1eeececcc6ba9745aae13f5212ad,MB30758,kitchen_equipment_knife2,61c2291042151124f703bb567c32ab30fda22360,4c406e5b2db8e63397199570ff59e65caeca5775,8,1.0
a9b7843a1aee1eeececcc6ba9745aae13f5212ad,MB30758,lo_poly_animal_BEAR_BLK,61c2291042151124f703bb567c32ab30fda22360,3c6c194cc864f2a655446efa548eef153a393618,21,1.0
a9b7843a1aee1eeececcc6ba9745aae13f5212ad,MB30758,lo_poly_animal_CHICKDEE,61c2291042151124f703bb567c32ab30fda22360,b95b95002cc603d8b4aec4836d1edc6b1f129efb,17,1.0
a9b7843a1aee1eeececcc6ba9745aae13f5212ad,MB30758,lo_poly_animal_ELE_AS1,61c2291042151124f703bb567c32ab30fda22360,41313a938cb781cbd60a6870530e116a9d98e48c,8,0.75
a9b7843a1aee1eeececcc6ba9745aae13f5212ad,MB30758,lo_poly_animal_RHINO_2,61c2291042151124f703bb567c32ab30fda22360,b87e834ba5e263774477edc6fc956070795ab1b6,6,0.8333333333333334
a9b7843a1aee1eeececcc6ba9745aae13f5212ad,MB30758,weimaraner,61c2291042151124f703bb567c32ab30fda22360,4f263a161cdd009ff7f9aa88ed9be2b852772142,7,0.8571428571428571
a9b7843a1aee1eeececcc6ba9745aae13f5212ad,MB30758,womens_shorts_01M,61c2291042151124f703bb567c32ab30fda22360,66c09717173c555eced9e7a167f405b7d08ab18f,5,1.0
a9b7843a1aee1eeececcc6ba9745aae13f5212ad,MB30758,womens_stockings_01M,61c2291042151124f703bb567c32ab30fda22360,7ed95b3ba88443ed63f25ffe0b5fb52d78dab676,9,1.0
a9b7843a1aee1eeececcc6ba9745aae13f5212ad,MB30758,zebra,61c2291042151124f703bb567c32ab30fda22360,21afbd503b5d4f9c399c4a66baef6bd6e894715f,6,1.0
ab222822e9a53d9cb2a072c74cb8f551ca9e6f5a,flarenut_spanner,22_acoustic_guitar,3b87ec5ffc07c08a35116928a8b6ffb64390e0a4,b17c9b116f73af5e54e294b1362187bb666a1737,12,1.0
ab222822e9a53d9cb2a072c74cb8f551ca9e6f5a,flarenut_spanner,Hanger_02,3b87ec5ffc07c08a35116928a8b6ffb64390e0a4,2ef7b8f76464ac15cea9c2eaf23bfb992cfa8a20,16,1.0
ab222822e9a53d9cb2a072c74cb8f551ca9e6f5a,flarenut_spanner,MB27346,3b87ec5ffc07c08a35116928a8b6ffb64390e0a4,f3b1fb66463bf84b593dad9fd1028aa8db6f3720,9,1.0
ab222822e9a53d9cb2a072c74cb8f551ca9e6f5a,flarenut_spanner,MB28699,3b87ec5ffc07c08a35116928a8b6ffb64390e0a4,ee36e4d66958199793add93da479822f4d1164e6,11,1.0
ab222822e9a53d9cb2a072c74cb8f551ca9e6f5a,flarenut_spanner,MB29874,3b87ec5ffc07c08a35116928a8b6ffb64390e0a4,7cc042e01ac7e57de362ae777017d3e1b727c9f0,10,1.0
ab222822e9a53d9cb2a072c74cb8f551ca9e6f5a,flarenut_spanner,MB30203,3b87ec5ffc07c08a35116928a8b6ffb64390e0a4,e6e0c7209f8a7908c49f803651f7382e3a2e75c5,8,1.0
ab222822e9a53d9cb2a072c74cb8f551ca9e6f5a,flarenut_spanner,MB30758,3b87ec5ffc07c08a35116928a8b6ffb64390e0a4,61c2291042151124f703bb567c32ab30fda22360,8,1.0
ab222822e9a53d9cb2a072c74cb8f551ca9e6f5a,flarenut_spanner,antique_furniture_item_18,3b87ec5ffc07c08a35116928a8b6ffb64390e0a4,bad9c53885fbc5be5a358b2ae742704b9f280dfa,5,1.0
ab222822e9a53d9cb2a072c74cb8f551ca9e6f5a,flarenut_spanner,build51,3b87ec5ffc07c08a35116928a8b6ffb64390e0a4,c6a67bcc6433546d8ede05ca6b05e089509d27ed,20,1.0
ab222822e9a53d9cb2a072c74cb8f551ca9e6f5a,flarenut_spanner,calc01,3b87ec5ffc07c08a35116928a8b6ffb64390e0a4,1858def1a1ecf0e1de87fdbb649b8586cd9210fb,8,1.0
ab222822e9a53d9cb2a072c74cb8f551ca9e6f5a,flarenut_spanner,dromedary,3b87ec5ffc07c08a35116928a8b6ffb64390e0a4,d47c3fb53513386e01d13c19f771ca5eb0f7da90,7,1.0
ab222822e9a53d9cb2a072c74cb8f551ca9e6f5a,flarenut_spanner,interior_details_103_4,3b87ec5ffc07c08a35116928a8b6ffb64390e0a4,6c726f0ba025cab6490df5c05a6c436be87205ad,13,0.9230769230769231
ab222822e9a53d9cb2a072c74cb8f551ca9e6f5a,flarenut_spanner,interior_details_130_2,3b87ec5ffc07c08a35116928a8b6ffb64390e0a4,f730e2fab41495e73bf0e665266a51a692d1ca54,8,1.0
ab222822e9a53d9cb2a072c74cb8f551ca9e6f5a,flarenut_spanner,kitchen_equipment_knife2,3b87ec5ffc07c08a35116928a8b6ffb64390e0a4,4c406e5b2db8e63397199570ff59e65caeca5775,22,1.0
ab222822e9a53d9cb2a072c74cb8f551ca9e6f5a,flarenut_spanner,lo_poly_animal_BEAR_BLK,3b87ec5ffc07c08a35116928a8b6ffb64390e0a4,3c6c194cc864f2a655446efa548eef153a393618,10,1.0
ab222822e9a53d9cb2a072c74cb8f551ca9e6f5a,flarenut_spanner,lo_poly_animal_CHICKDEE,3b87ec5ffc07c08a35116928a8b6ffb64390e0a4,b95b95002cc603d8b4aec4836d1edc6b1f129efb,16,1.0
ab222822e9a53d9cb2a072c74cb8f551ca9e6f5a,flarenut_spanner,lo_poly_animal_ELE_AS1,3b87ec5ffc07c08a35116928a8b6ffb64390e0a4,41313a938cb781cbd60a6870530e116a9d98e48c,8,1.0
ab222822e9a53d9cb2a072c74cb8f551ca9e6f5a,flarenut_spanner,lo_poly_animal_RHINO_2,3b87ec5ffc07c08a35116928a8b6ffb64390e0a4,b87e834ba5e263774477edc6fc956070795ab1b6,17,1.0
ab222822e9a53d9cb2a072c74cb8f551ca9e6f5a,flarenut_spanner,lo_poly_animal_TRANTULA,3b87ec5ffc07c08a35116928a8b6ffb64390e0a4,8f14ff8cf138e89d90211a7811968af08d4d7098,8,1.0
ab222822e9a53d9cb2a072c74cb8f551ca9e6f5a,flarenut_spanner,weimaraner,3b87ec5ffc07c08a35116928a8b6ffb64390e0a4,4f263a161cdd009ff7f9aa88ed9be2b852772142,5,1.0
ab222822e9a53d9cb2a072c74cb8f551ca9e6f5a,flarenut_spanner,womens_shorts_01M,3b87ec5ffc07c08a35116928a8b6ffb64390e0a4,66c09717173c555eced9e7a167f405b7d08ab18f,6,1.0
ab222822e9a53d9cb2a072c74cb8f551ca9e6f5a,flarenut_spanner,womens_stockings_01M,3b87ec5ffc07c08a35116928a8b6ffb64390e0a4,7ed95b3ba88443ed63f25ffe0b5fb52d78dab676,21,1.0
ab222822e9a53d9cb2a072c74cb8f551ca9e6f5a,flarenut_spanner,zebra,3b87ec5ffc07c08a35116928a8b6ffb64390e0a4,21afbd503b5d4f9c399c4a66baef6bd6e894715f,8,1.0
ab7d9b6b80b5f232744df363c36a56c9444eaf5a,interior_details_103_4,22_acoustic_guitar,6c726f0ba025cab6490df5c05a6c436be87205ad,b17c9b116f73af5e54e294b1362187bb666a1737,14,1.0
ab7d9b6b80b5f232744df363c36a56c9444eaf5a,interior_details_103_4,Hanger_02,6c726f0ba025cab6490df5c05a6c436be87205ad,2ef7b8f76464ac15cea9c2eaf23bfb992cfa8a20,5,1.0
ab7d9b6b80b5f232744df363c36a56c9444eaf5a,interior_details_103_4,MB27346,6c726f0ba025cab6490df5c05a6c436be87205ad,f3b1fb66463bf84b593dad9fd1028aa8db6f3720,8,1.0
ab7d9b6b80b5f232744df363c36a56c9444eaf5a,interior_details_103_4,MB28699,6c726f0ba025cab6490df5c05a6c436be87205ad,ee36e4d66958199793add93da479822f4d1164e6,9,0.7777777777777778
ab7d9b6b80b5f232744df363c36a56c9444eaf5a,interior_details_103_4,MB29874,6c726f0ba025cab6490df5c05a6c436be87205ad,7cc042e01ac7e57de362ae777017d3e1b727c9f0,6,1.0
ab7d9b6b80b5f232744df363c36a56c9444eaf5a,interior_details_103_4,MB30203,6c726f0ba025cab6490df5c05a6c436be87205ad,e6e0c7209f8a7908c49f803651f7382e3a2e75c5,10,1.0
ab7d9b6b80b5f232744df363c36a56c9444eaf5a,interior_details_103_4,antique_furniture_item_18,6c726f0ba025cab6490df5c05a6c436be87205ad,bad9c53885fbc5be5a358b2ae742704b9f280dfa,17,1.0
ab7d9b6b80b5f232744df363c36a56c9444eaf5a,interior_details_103_4,build51,6c726f0ba025cab6490df5c05a6c436be87205ad,c6a67bcc6433546d8ede05ca6b05e089509d27ed,17,0.8235294117647058
ab7d9b6b80b5f232744df363c36a56c9444eaf5a,interior_details_103_4,calc01,6c726f0ba025cab6490df5c05a6c436be87205ad,1858def1a1ecf0e1de87fdbb649b8586cd9210fb,5,1.0
ab7d9b6b80b5f232744df363c36a56c9444eaf5a,interior_details_103_4,dromedary,6c726f0ba025cab6490df5c05a6c436be87205ad,d47c3fb53513386e01d13c19f771ca5eb0f7da90,13,1.0
ab7d9b6b80b5f232744df363c36a56c9444eaf5a,interior_details_103_4,flarenut_spanner,6c726f0ba025cab6490df5c05a6c436be87205ad,3b87ec5ffc07c08a35116928a8b6ffb64390e0a4,7,1.0
ab7d9b6b80b5f232744df363c36a56c9444eaf5a,interior_details_103_4,interior_details_130_2,6c726f0ba025cab6490df5c05a6c436be87205ad,f730e2fab41495e73bf0e665266a51a692d1ca54,6,1.0
ab7d9b6b80b5f232744df363c36a56c9444eaf5a,interior_details_103_4,lo_poly_animal_BEAR_BLK,6c726f0ba025cab6490df5c05a6c436be87205ad,3c6c194cc864f2a655446efa548eef153a393618,27,1.0
ab7d9b6b80b5f232744df363c36a56c9444eaf5a,interior_details_103_4,lo_poly_animal_ELE_AS1,6c726f0ba025cab6490df5c05a6c436be87205ad,41313a938cb781cbd60a6870530e116a9d98e48c,5,1.0
ab7d9b6b80b5f232744df363c36a56c9444eaf5a,interior_details_103_4,lo_poly_animal_RHINO_2,6c726f0ba025cab6490df5c05a6c436be87205ad,b87e834ba5e263774477edc6fc956070795ab1b6,20,1.0
ab7d9b6b80b5f232744df363c36a56c9444eaf5a,interior_details_103_4,lo_poly_animal_TRANTULA,6c726f0ba025cab6490df5c05a6c436be87205ad,8f14ff8cf138e89d90211a7811968af08d4d7098,5,1.0
ab7d9b6b80b5f232744df363c36a56c9444eaf5a,interior_details_103_4,womens_shorts_01M,6c726f0ba025cab6490df5c05a6c436be87205ad,66c09717173c555eced9e7a167f405b7d08ab18f,13,1.0
ab7d9b6b80b5f232744df363c36a56c9444eaf5a,interior_details_103_4,womens_stockings_01M,6c726f0ba025cab6490df5c05a6c436be87205ad,7ed95b3ba88443ed63f25ffe0b5fb52d78dab676,6,1.0
ab7d9b6b80b5f232744df363c36a56c9444eaf5a,interior_details_103_4,zebra,6c726f0ba025cab6490df5c05a6c436be87205ad,21afbd503b5d4f9c399c4a66baef6bd6e894715f,26,1.0
ad81b439c6667535861e37eda1e3021c3b1d69c2,MB27346,22_acoustic_guitar,f3b1fb66463bf84b593dad9fd1028aa8db6f3720,b17c9b116f73af5e54e294b1362187bb666a1737,14,0.8571428571428571
ad81b439c6667535861e37eda1e3021c3b1d69c2,MB27346,Hanger_02,f3b1fb66463bf84b593dad9fd1028aa8db6f3720,2ef7b8f76464ac15cea9c2eaf23bfb992cfa8a20,7,1.0
ad81b439c6667535861e37eda1e3021c3b1d69c2,MB27346,MB28699,f3b1fb66463bf84b593dad9fd1028aa8db6f3720,ee36e4d66958199793add93da479822f4d1164e6,7,1.0
ad81b439c6667535861e37eda1e3021c3b1d69c2,MB27346,MB29874,f3b1fb66463bf84b593dad9fd1028aa8db6f3720,7cc042e01ac7e57de362ae777017d3e1b727c9f0,7,0.8571428571428571
ad81b439c6667535861e37eda1e3021c3b1d69c2,MB27346,MB30203,f3b1fb66463bf84b593dad9fd1028aa8db6f3720,e6e0c7209f8a7908c49f803651f7382e3a2e75c5,10,1.0
ad81b439c6667535861e37eda1e3021c3b1d69c2,MB27346,MB30758,f3b1fb66463bf84b593dad9fd1028aa8db6f3720,61c2291042151124f703bb567c32ab30fda22360,13,0.46153846153846156
ad81b439c6667535861e37eda1e3021c3b1d69c2,MB27346,antique_furniture_item_18,f3b1fb66463bf84b593dad9fd1028aa8db6f3720,bad9c53885fbc5be5a358b2ae742704b9f280dfa,12,0.9166666666666666
ad81b439c6667535861e37eda1e3021c3b1d69c2,MB27346,calc01,f3b1fb66463bf84b593dad9fd1028aa8db6f3720,1858def1a1ecf0e1de87fdbb649b8586cd9210fb,7,0.8571428571428571
ad81b439c6667535861e37eda1e3021c3b1d69c2,MB27346,dromedary,f3b1fb66463bf84b593dad9fd1028aa8db6f3720,d47c3fb53513386e01d13c19f771ca5eb0f7da90,4,1.0
ad81b439c6667535861e37eda1e3021c3b1d69c2,MB27346,flarenut_spanner,f3b1fb66463bf84b593dad9fd1028aa8db6f3720,3b87ec5ffc07c08a35116928a8b6ffb64390e0a4,15,1.0
ad81b439c6667535861e37eda1e3021c3b1d69c2,MB27346,interior_details_103_4,f3b1fb66463bf84b593dad9fd1028aa8db6f3720,6c726f0ba025cab6490df5c05a6c436be87205ad,25,0.96
ad81b439c6667535861e37eda1e3021c3b1d69c2,MB27346,interior_details_130_2,f3b1fb66463bf84b593dad9fd1028aa8db6f3720,f730e2fab41495e73bf0e665266a51a692d1ca54,6,1.0
ad81b439c6667535861e37eda1e3021c3b1d69c2,MB27346,kitchen_equipment_knife2,f3b1fb66463bf84b593dad9fd1028aa8db6f3720,4c406e5b2db8e63397199570ff59e65caeca5775,10,0.9
ad81b439c6667535861e37eda1e3021c3b1d69c2,MB27346,lo_poly_animal_BEAR_BLK,f3b1fb66463bf84b593dad9fd1028aa8db6f3720,3c6c194cc864f2a655446efa548eef153a393618,13,1.0
ad81b439c6667535861e37eda1e3021c3b1d69c2,MB27346,lo_poly_animal_CHICKDEE,f3b1fb66463bf84b593dad9fd1028aa8db6f3720,b95b95002cc603d8b4aec4836d1edc6b1f129efb,19,0.7894736842105263
ad81b439c6667535861e37eda1e3021c3b1d69c2,MB27346,lo_poly_animal_ELE_AS1,f3b1fb66463bf84b593dad9fd1028aa8db6f3720,41313a938cb781cbd60a6870530e116a9d98e48c,13,0.7692307692307693
ad81b439c6667535861e37eda1e3021c3b1d69c2,MB27346,lo_poly_animal_RHINO_2,f3b1fb66463bf84b593dad9fd1028aa8db6f3720,b87e834ba5e263774477edc6fc956070795ab1b6,14,1.0
ad81b439c6667535861e37eda1e3021c3b1d69c2,MB27346,lo_poly_animal_TRANTULA,f3b1fb66463bf84b593dad9fd1028aa8db6f3720,8f14ff8cf138e89d90211a7811968af08d4d7098,8,0.75
ad81b439c6667535861e37eda1e3021c3b1d69c2,MB27346,weimaraner,f3b1fb66463bf84b593dad9fd1028aa8db6f3720,4f263a161cdd009ff7f9aa88ed9be2b852772142,9,0.7777777777777778
ad81b439c6667535861e37eda1e3021c3b1d69c2,MB27346,womens_shorts_01M,f3b1fb66463bf84b593dad9fd1028aa8db6f3720,66c09717173c555eced9e7a167f405b7d08ab18f,11,1.0
ad81b439c6667535861e37eda1e3021c3b1d69c2,MB27346,womens_stockings_01M,f3b1fb66463bf84b593dad9fd1028aa8db6f3720,7ed95b3ba88443ed63f25ffe0b5fb52d78dab676,8,0.875
ad81b439c6667535861e37eda1e3021c3b1d69c2,MB27346,zebra,f3b1fb66463bf84b593dad9fd1028aa8db6f3720,21afbd503b5d4f9c399c4a66baef6bd6e894715f,5,1.0
adc927fcbde7875f293f294319129788e723f121,interior_details_130_2,22_acoustic_guitar,f730e2fab41495e73bf0e665266a51a692d1ca54,b17c9b116f73af5e54e294b1362187bb666a1737,8,0.75
adc927fcbde7875f293f294319129788e723f121,interior_details_130_2,Hanger_02,f730e2fab41495e73bf0e665266a51a692d1ca54,2ef7b8f76464ac15cea9c2eaf23bfb992cfa8a20,7,1.0
adc927fcbde7875f293f294319129788e723f121,interior_details_130_2,MB27346,f730e2fab41495e73bf0e665266a51a692d1ca54,f3b1fb66463bf84b593dad9fd1028aa8db6f3720,12,1.0
adc927fcbde7875f293f294319129788e723f121,interior_details_130_2,MB28699,f730e2fab41495e73bf0e665266a51a692d1ca54,ee36e4d66958199793add93da479822f4d1164e6,12,0.6666666666666666
adc927fcbde7875f293f294319129788e723f121,interior_details_130_2,MB29874,f730e2fab41495e73bf0e665266a51a692d1ca54,7cc042e01ac7e57de362ae777017d3e1b727c9f0,6,1.0
adc927fcbde7875f293f294319129788e723f121,interior_details_130_2,MB30203,f730e2fab41495e73bf0e665266a51a692d1ca54,e6e0c7209f8a7908c49f803651f7382e3a2e75c5,21,0.8571428571428571
adc927fcbde7875f293f294319129788e723f121,interior_details_130_2,antique_furniture_item_18,f730e2fab41495e73bf0e665266a51a692d1ca54,bad9c53885fbc5be5a358b2ae742704b9f280dfa,6,0.8333333333333334
adc927fcbde7875f293f294319129788e723f121,interior_details_130_2,build51,f730e2fab41495e73bf0e665266a51a692d1ca54,c6a67bcc6433546d8ede05ca6b05e089509d27ed,12,1.0
adc927fcbde7875f293f294319129788e723f121,interior_details_130_2,calc01,f730e2fab41495e73bf0e665266a51a692d1ca54,1858def1a1ecf0e1de87fdbb649b8586cd9210fb,9,0.8888888888888888
adc927fcbde7875f293f294319129788e723f121,interior_details_130_2,dromedary,f730e2fab41495e73bf0e665266a51a692d1ca54,d47c3fb53513386e01d13c19f771ca5eb0f7da90,13,0.9230769230769231
adc927fcbde7875f293f294319129788e723f121,interior_details_130_2,flarenut_spanner,f730e2fab41495e73bf0e665266a51a692d1ca54,3b87ec5ffc07c08a35116928a8b6ffb64390e0a4,19,0.7368421052631579
adc927fcbde7875f293f294319129788e723f121,interior_details_130_2,interior_details_103_4,f730e2fab41495e73bf0e665266a51a692d1ca54,6c726f0ba025cab6490df5c05a6c436be87205ad,10,0.9
adc927fcbde7875f293f294319129788e723f121,interior_details_130_2,kitchen_equipment_knife2,f730e2fab41495e73bf0e665266a51a692d1ca54,4c406e5b2db8e63397199570ff59e65caeca5775,4,1.0
adc927fcbde7875f293f294319129788e723f121,interior_details_130_2,lo_poly_animal_BEAR_BLK,f730e2fab41495e73bf0e665266a51a692d1ca54,3c6c194cc864f2a655446efa548eef153a393618,12,0.9166666666666666
adc927fcbde7875f293f294319129788e723f121,interior_details_130_2,lo_poly_animal_CHICKDEE,f730e2fab41495e73bf0e665266a51a692d1ca54,b95b95002cc603d8b4aec4836d1edc6b1f129efb,5,1.0
adc927fcbde7875f293f294319129788e723f121,interior_details_130_2,lo_poly_animal_RHINO_2,f730e2fab41495e73bf0e665266a51a692d1ca54,b87e834ba5e263774477edc6fc956070795ab1b6,5,1.0
adc927fcbde7875f293f294319129788e723f121,interior_details_130_2,lo_poly_animal_TRANTULA,f730e2fab41495e73bf0e665266a51a692d1ca54,8f14ff8cf138e89d90211a7811968af08d4d7098,4,1.0
adc927fcbde7875f293f294319129788e723f121,interior_details_130_2,weimaraner,f730e2fab41495e73bf0e665266a51a692d1ca54,4f263a161cdd009ff7f9aa88ed9be2b852772142,14,0.8571428571428571
adc927fcbde7875f293f294319129788e723f121,interior_details_130_2,womens_shorts_01M,f730e2fab41495e73bf0e665266a51a692d1ca54,66c09717173c555eced9e7a167f405b7d08ab18f,5,1.0
adc927fcbde7875f293f294319129788e723f121,interior_details_130_2,womens_stockings_01M,f730e2fab41495e73bf0e665266a51a692d1ca54,7ed95b3ba88443ed63f25ffe0b5fb52d78dab676,5,0.8
adc927fcbde7875f293f294319129788e723f121,interior_details_130_2,zebra,f730e2fab41495e73bf0e665266a51a692d1ca54,21afbd503b5d4f9c399c4a66baef6bd6e894715f,15,0.9333333333333333
aed9de25bed88eb4ee0590a86af1f9f1ca494f98,MB29874,22_acoustic_guitar,7cc042e01ac7e57de362ae777017d3e1b727c9f0,b17c9b116f73af5e54e294b1362187bb666a1737,7,0.2857142857142857
aed9de25bed88eb4ee0590a86af1f9f1ca494f98,MB29874,Hanger_02,7cc042e01ac7e57de362ae777017d3e1b727c9f0,2ef7b8f76464ac15cea9c2eaf23bfb992cfa8a20,5,0.6
aed9de25bed88eb4ee0590a86af1f9f1ca494f98,MB29874,MB27346,7cc042e01ac7e57de362ae777017d3e1b727c9f0,f3b1fb66463bf84b593dad9fd1028aa8db6f3720,9,0.5555555555555556
aed9de25bed88eb4ee0590a86af1f9f1ca494f98,MB29874,MB28699,7cc042e01ac7e57de362ae777017d3e1b727c9f0,ee36e4d66958199793add93da479822f4d1164e6,12,0.5833333333333334
aed9de25bed88eb4ee0590a86af1f9f1ca494f98,MB29874,MB30203,7cc042e01ac7e57de362ae777017d3e1b727c9f0,e6e0c7209f8a7908c49f803651f7382e3a2e75c5,9,0.6666666666666666
aed9de25bed88eb4ee0590a86af1f9f1ca494f98,MB29874,MB30758,7cc042e01ac7e57de362ae777017d3e1b727c9f0,61c2291042151124f703bb567c32ab30fda22360,5,0.6
aed9de25bed88eb4ee0590a86af1f9f1ca494f98,MB29874,antique_furniture_item_18,7cc042e01ac7e57de362ae777017d3e1b727c9f0,bad9c53885fbc5be5a358b2ae742704b9f280dfa,5,0.6
aed9de25bed88eb4ee0590a86af1f9f1ca494f98,MB29874,build51,7cc042e01ac7e57de362ae777017d3e1b727c9f0,c6a67bcc6433546d8ede05ca6b05e089509d27ed,7,0.5714285714285714
aed9de25bed88eb4ee0590a86af1f9f1ca494f98,MB29874,calc01,7cc042e01ac7e57de362ae777017d3e1b727c9f0,1858def1a1ecf0e1de87fdbb649b8586cd9210fb,7,0.42857142857142855
aed9de25bed88eb4ee0590a86af1f9f1ca494f98,MB29874,dromedary,7cc042e01ac7e57de362ae777017d3e1b727c9f0,d47c3fb53513386e01d13c19f771ca5eb0f7da90,5,0.6
aed9de25bed88eb4ee0590a86af1f9f1ca494f98,MB29874,flarenut_spanner,7cc042e01ac7e57de362ae777017d3e1b727c9f0,3b87ec5ffc07c08a35116928a8b6ffb64390e0a4,5,0.0
aed9de25bed88eb4ee0590a86af1f9f1ca494f98,MB29874,interior_details_103_4,7cc042e01ac7e57de362ae777017d3e1b727c9f0,6c726f0ba025cab6490df5c05a6c436be87205ad,6,0.6666666666666666
aed9de25bed88eb4ee0590a86af1f9f1ca494f98,MB29874,interior_details_130_2,7cc042e01ac7e57de362ae777017d3e1b727c9f0,f730e2fab41495e73bf0e665266a51a692d1ca54,7,0.42857142857142855
aed9de25bed88eb4ee0590a86af1f9f1ca494f98,MB29874,kitchen_equipment_knife2,7cc042e01ac7e57de362ae777017d3e1b727c9f0,4c406e5b2db8e63397199570ff59e65caeca5775,5,0.6
aed9de25bed88eb4ee0590a86af1f9f1ca494f98,MB29874,lo_poly_animal_BEAR_BLK,7cc042e01ac7e57de362ae777017d3e1b727c9f0,3c6c194cc864f2a655446efa548eef153a393618,8,1.0
aed9de25bed88eb4ee0590a86af1f9f1ca494f98,MB29874,lo_poly_animal_CHICKDEE,7cc042e01ac7e57de362ae777017d3e1b727c9f0,b95b95002cc603d8b4aec4836d1edc6b1f129efb,8,0.375
aed9de25bed88eb4ee0590a86af1f9f1ca494f98,MB29874,lo_poly_animal_ELE_AS1,7cc042e01ac7e57de362ae777017d3e1b727c9f0,41313a938cb781cbd60a6870530e116a9d98e48c,14,0.5714285714285714
aed9de25bed88eb4ee0590a86af1f9f1ca494f98,MB29874,lo_poly_animal_RHINO_2,7cc042e01ac7e57de362ae777017d3e1b727c9f0,b87e834ba5e263774477edc6fc956070795ab1b6,7,0.5714285714285714
aed9de25bed88eb4ee0590a86af1f9f1ca494f98,MB29874,lo_poly_animal_TRANTULA,7cc042e01ac7e57de362ae777017d3e1b727c9f0,8f14ff8cf138e89d90211a7811968af08d4d7098,10,0.5
aed9de25bed88eb4ee0590a86af1f9f1ca494f98,MB29874,weimaraner,7cc042e01ac7e57de362ae777017d3e1b727c9f0,4f263a161cdd009ff7f9aa88ed9be2b852772142,8,0.125
aed9de25bed88eb4ee0590a86af1f9f1ca494f98,MB29874,womens_shorts_01M,7cc042e01ac7e57de362ae777017d3e1b727c9f0,66c09717173c555eced9e7a167f405b7d08ab18f,4,1.0
aed9de25bed88eb4ee0590a86af1f9f1ca494f98,MB29874,womens_stockings_01M,7cc042e01ac7e57de362ae777017d3e1b727c9f0,7ed95b3ba88443ed63f25ffe0b5fb52d78dab676,6,0.8333333333333334
aed9de25bed88eb4ee0590a86af1f9f1ca494f98,MB29874,zebra,7cc042e01ac7e57de362ae777017d3e1b727c9f0,21afbd503b5d4f9c399c4a66baef6bd6e894715f,6,0.3333333333333333
b2c3e5e3bf6f5de8c4975bba0020da7eddf5c849,lo_poly_animal_CHICKDEE,22_acoustic_guitar,b95b95002cc603d8b4aec4836d1edc6b1f129efb,b17c9b116f73af5e54e294b1362187bb666a1737,8,0.875
b2c3e5e3bf6f5de8c4975bba0020da7eddf5c849,lo_poly_animal_CHICKDEE,Hanger_02,b95b95002cc603d8b4aec4836d1edc6b1f129efb,2ef7b8f76464ac15cea9c2eaf23bfb992cfa8a20,5,0.6
b2c3e5e3bf6f5de8c4975bba0020da7eddf5c849,lo_poly_animal_CHICKDEE,MB27346,b95b95002cc603d8b4aec4836d1edc6b1f129efb,f3b1fb66463bf84b593dad9fd1028aa8db6f3720,9,0.8888888888888888
b2c3e5e3bf6f5de8c4975bba0020da7eddf5c849,lo_poly_animal_CHICKDEE,MB28699,b95b95002cc603d8b4aec4836d1edc6b1f129efb,ee36e4d66958199793add93da479822f4d1164e6,8,1.0
b2c3e5e3bf6f5de8c4975bba0020da7eddf5c849,lo_poly_animal_CHICKDEE,MB29874,b95b95002cc603d8b4aec4836d1edc6b1f129efb,7cc042e01ac7e57de362ae777017d3e1b727c9f0,7,0.8571428571428571
b2c3e5e3bf6f5de8c4975bba0020da7eddf5c849,lo_poly_animal_CHICKDEE,MB30203,b95b95002cc603d8b4aec4836d1edc6b1f129efb,e6e0c7209f8a7908c49f803651f7382e3a2e75c5,12,1.0
b2c3e5e3bf6f5de8c4975bba0020da7eddf5c849,lo_poly_animal_CHICKDEE,MB30758,b95b95002cc603d8b4aec4836d1edc6b1f129efb,61c2291042151124f703bb567c32ab30fda22360,6,0.6666666666666666
b2c3e5e3bf6f5de8c4975bba0020da7eddf5c849,lo_poly_animal_CHICKDEE,antique_furniture_item_18,b95b95002cc603d8b4aec4836d1edc6b1f129efb,bad9c53885fbc5be5a358b2ae742704b9f280dfa,10,1.0
b2c3e5e3bf6f5de8c4975bba0020da7eddf5c849,lo_poly_animal_CHICKDEE,build51,b95b95002cc603d8b4aec4836d1edc6b1f129efb,c6a67bcc6433546d8ede05ca6b05e089509d27ed,7,0.7142857142857143
b2c3e5e3bf6f5de8c4975bba0020da7eddf5c849,lo_poly_animal_CHICKDEE,calc01,b95b95002cc603d8b4aec4836d1edc6b1f129efb,1858def1a1ecf0e1de87fdbb649b8586cd9210fb,5,1.0
b2c3e5e3bf6f5de8c4975bba0020da7eddf5c849,lo_poly_animal_CHICKDEE,dromedary,b95b95002cc603d8b4aec4836d1edc6b1f129efb,d47c3fb53513386e01d13c19f771ca5eb0f7da90,13,0.7692307692307693
b2c3e5e3bf6f5de8c4975bba0020da7eddf5c849,lo_poly_animal_CHICKDEE,flarenut_spanner,b95b95002cc603d8b4aec4836d1edc6b1f129efb,3b87ec5ffc07c08a35116928a8b6ffb64390e0a4,13,1.0
b2c3e5e3bf6f5de8c4975bba0020da7eddf5c849,lo_poly_animal_CHICKDEE,interior_details_103_4,b95b95002cc603d8b4aec4836d1edc6b1f129efb,6c726f0ba025cab6490df5c05a6c436be87205ad,11,1.0
b2c3e5e3bf6f5de8c4975bba0020da7eddf5c849,lo_poly_animal_CHICKDEE,kitchen_equipment_knife2,b95b95002cc603d8b4aec4836d1edc6b1f129efb,4c406e5b2db8e63397199570ff59e65caeca5775,13,1.0
b2c3e5e3bf6f5de8c4975bba0020da7eddf5c849,lo_poly_animal_CHICKDEE,lo_poly_animal_BEAR_BLK,b95b95002cc603d8b4aec4836d1edc6b1f129efb,3c6c194cc864f2a655446efa548eef153a393618,6,1.0
b2c3e5e3bf6f5de8c4975bba0020da7eddf5c849,lo_poly_animal_CHICKDEE,lo_poly_animal_ELE_AS1,b95b95002cc603d8b4aec4836d1edc6b1f129efb,41313a938cb781cbd60a6870530e116a9d98e48c,14,0.8571428571428571
b2c3e5e3bf6f5de8c4975bba0020da7eddf5c849,lo_poly_animal_CHICKDEE,lo_poly_animal_RHINO_2,b95b95002cc603d8b4aec4836d1edc6b1f129efb,b87e834ba5e263774477edc6fc956070795ab1b6,11,0.9090909090909091
b2c3e5e3bf6f5de8c4975bba0020da7eddf5c849,lo_poly_animal_CHICKDEE,lo_poly_animal_TRANTULA,b95b95002cc603d8b4aec4836d1edc6b1f129efb,8f14ff8cf138e89d90211a7811968af08d4d7098,17,0.9411764705882353
b2c3e5e3bf6f5de8c4975bba0020da7eddf5c849,lo_poly_animal_CHICKDEE,weimaraner,b95b95002cc603d8b4aec4836d1edc6b1f129efb,4f263a161cdd009ff7f9aa88ed9be2b852772142,11,0.8181818181818182
b2c3e5e3bf6f5de8c4975bba0020da7eddf5c849,lo_poly_animal_CHICKDEE,womens_shorts_01M,b95b95002cc603d8b4aec4836d1edc6b1f129efb,66c09717173c555eced9e7a167f405b7d08ab18f,7,0.8571428571428571
b2c3e5e3bf6f5de8c4975bba0020da7eddf5c849,lo_poly_animal_CHICKDEE,womens_stockings_01M,b95b95002cc603d8b4aec4836d1edc6b1f129efb,7ed95b3ba88443ed63f25ffe0b5fb52d78dab676,4,0.75
b2c3e5e3bf6f5de8c4975bba0020da7eddf5c849,lo_poly_animal_CHICKDEE,zebra,b95b95002cc603d8b4aec4836d1edc6b1f129efb,21afbd503b5d4f9c399c4a66baef6bd6e894715f,9,0.8888888888888888
b371941214dcbbf3e7261b1f15280bf4a2bf7ea1,weimaraner,22_acoustic_guitar,4f263a161cdd009ff7f9aa88ed9be2b852772142,b17c9b116f73af5e54e294b1362187bb666a1737,10,0.9
b371941214dcbbf3e7261b1f15280bf4a2bf7ea1,weimaraner,Hanger_02,4f263a161cdd009ff7f9aa88ed9be2b852772142,2ef7b8f76464ac15cea9c2eaf23bfb992cfa8a20,25,0.92
b371941214dcbbf3e7261b1f15280bf4a2bf7ea1,weimaraner,MB27346,4f263a161cdd009ff7f9aa88ed9be2b852772142,f3b1fb66463bf84b593dad9fd1028aa8db6f3720,7,0.7142857142857143
b371941214dcbbf3e7261b1f15280bf4a2bf7ea1,weimaraner,MB28699,4f263a161cdd009ff7f9aa88ed9be2b852772142,ee36e4d66958199793add93da479822f4d1164e6,15,0.6666666666666666
b371941214dcbbf3e7261b1f15280bf4a2bf7ea1,weimaraner,MB29874,4f263a161cdd009ff7f9aa88ed9be2b852772142,7cc042e01ac7e57de362ae777017d3e1b727c9f0,10,1.0
b371941214dcbbf3e7261b1f15280bf4a2bf7ea1,weimaraner,MB30203,4f263a161cdd009ff7f9aa88ed9be2b852772142,e6e0c7209f8a7908c49f803651f7382e3a2e75c5,25,0.84
b371941214dcbbf3e7261b1f15280bf4a2bf7ea1,weimaraner,MB30758,4f263a161cdd009ff7f9aa88ed9be2b852772142,61c2291042151124f703bb567c32ab30fda22360,23,0.7391304347826086
b371941214dcbbf3e7261b1f15280bf4a2bf7ea1,weimaraner,antique_furniture_item_18,4f263a161cdd009ff7f9aa88ed9be2b852772142,bad9c53885fbc5be5a358b2ae742704b9f280dfa,18,0.9444444444444444
b371941214dcbbf3e7261b1f15280bf4a2bf7ea1,weimaraner,build51,4f263a161cdd009ff7f9aa88ed9be2b852772142,c6a67bcc6433546d8ede05ca6b05e089509d27ed,21,0.9047619047619048
b371941214dcbbf3e7261b1f15280bf4a2bf7ea1,weimaraner,calc01,4f263a161cdd009ff7f9aa88ed9be2b852772142,1858def1a1ecf0e1de87fdbb649b8586cd9210fb,5,1.0
b371941214dcbbf3e7261b1f15280bf4a2bf7ea1,weimaraner,dromedary,4f263a161cdd009ff7f9aa88ed9be2b852772142,d47c3fb53513386e01d13c19f771ca5eb0f7da90,20,0.55
b371941214dcbbf3e7261b1f15280bf4a2bf7ea1,weimaraner,flarenut_spanner,4f263a161cdd009ff7f9aa88ed9be2b852772142,3b87ec5ffc07c08a35116928a8b6ffb64390e0a4,7,0.8571428571428571
b371941214dcbbf3e7261b1f15280bf4a2bf7ea1,weimaraner,interior_details_103_4,4f263a161cdd009ff7f9aa88ed9be2b852772142,6c726f0ba025cab6490df5c05a6c436be87205ad,18,0.8333333333333334
b371941214dcbbf3e7261b1f15280bf4a2bf7ea1,weimaraner,interior_details_130_2,4f263a161cdd009ff7f9aa88ed9be2b852772142,f730e2fab41495e73bf0e665266a51a692d1ca54,6,1.0
b371941214dcbbf3e7261b1f15280bf4a2bf7ea1,weimaraner,kitchen_equipment_knife2,4f263a161cdd009ff7f9aa88ed9be2b852772142,4c406e5b2db8e63397199570ff59e65caeca5775,22,0.6818181818181818
b371941214dcbbf3e7261b1f15280bf4a2bf7ea1,weimaraner,lo_poly_animal_BEAR_BLK,4f263a161cdd009ff7f9aa88ed9be2b852772142,3c6c194cc864f2a655446efa548eef153a393618,13,1.0
b371941214dcbbf3e7261b1f15280bf4a2bf7ea1,weimaraner,lo_poly_animal_CHICKDEE,4f263a161cdd009ff7f9aa88ed9be2b852772142,b95b95002cc603d8b4aec4836d1edc6b1f129efb,11,0.7272727272727273
b371941214dcbbf3e7261b1f15280bf4a2bf7ea1,weimaraner,lo_poly_animal_ELE_AS1,4f263a161cdd009ff7f9aa88ed9be2b852772142,41313a938cb781cbd60a6870530e116a9d98e48c,13,0.9230769230769231
b371941214dcbbf3e7261b1f15280bf4a2bf7ea1,weimaraner,lo_poly_animal_RHINO_2,4f263a161cdd009ff7f9aa88ed9be2b852772142,b87e834ba5e263774477edc6fc956070795ab1b6,25,0.76
b371941214dcbbf3e7261b1f15280bf4a2bf7ea1,weimaraner,lo_poly_animal_TRANTULA,4f263a161cdd009ff7f9aa88ed9be2b852772142,8f14ff8cf138e89d90211a7811968af08d4d7098,13,0.46153846153846156
b371941214dcbbf3e7261b1f15280bf4a2bf7ea1,weimaraner,womens_shorts_01M,4f263a161cdd009ff7f9aa88ed9be2b852772142,66c09717173c555eced9e7a167f405b7d08ab18f,19,0.8947368421052632
b371941214dcbbf3e7261b1f15280bf4a2bf7ea1,weimaraner,womens_stockings_01M,4f263a161cdd009ff7f9aa88ed9be2b852772142,7ed95b3ba88443ed63f25ffe0b5fb52d78dab676,37,0.8378378378378378
b371941214dcbbf3e7261b1f15280bf4a2bf7ea1,weimaraner,zebra,4f263a161cdd009ff7f9aa88ed9be2b852772142,21afbd503b5d4f9c399c4a66baef6bd6e894715f,12,1.0
b4072a81be4bc200db209b38e4aa5fff427be9d3,womens_shorts_01M,22_acoustic_guitar,66c09717173c555eced9e7a167f405b7d08ab18f,b17c9b116f73af5e54e294b1362187bb666a1737,12,1.0
b4072a81be4bc200db209b38e4aa5fff427be9d3,womens_shorts_01M,Hanger_02,66c09717173c555eced9e7a167f405b7d08ab18f,2ef7b8f76464ac15cea9c2eaf23bfb992cfa8a20,26,1.0
b4072a81be4bc200db209b38e4aa5fff427be9d3,womens_shorts_01M,MB27346,66c09717173c555eced9e7a167f405b7d08ab18f,f3b1fb66463bf84b593dad9fd1028aa8db6f3720,19,0.9473684210526315
b4072a81be4bc200db209b38e4aa5fff427be9d3,womens_shorts_01M,MB28699,66c09717173c555eced9e7a167f405b7d08ab18f,ee36e4d66958199793add93da479822f4d1164e6,10,1.0
b4072a81be4bc200db209b38e4aa5fff427be9d3,womens_shorts_01M,MB29874,66c09717173c555eced9e7a167f405b7d08ab18f,7cc042e01ac7e57de362ae777017d3e1b727c9f0,17,1.0
b4072a81be4bc200db209b38e4aa5fff427be9d3,womens_shorts_01M,MB30203,66c09717173c555eced9e7a167f405b7d08ab18f,e6e0c7209f8a7908c49f803651f7382e3a2e75c5,24,1.0
b4072a81be4bc200db209b38e4aa5fff427be9d3,womens_shorts_01M,MB30758,66c09717173c555eced9e7a167f405b7d08ab18f,61c2291042151124f703bb567c32ab30fda22360,24,0.9166666666666666
b4072a81be4bc200db209b38e4aa5fff427be9d3,womens_shorts_01M,antique_furniture_item_18,66c09717173c555eced9e7a167f405b7d08ab18f,bad9c53885fbc5be5a358b2ae742704b9f280dfa,28,0.9642857142857143
b4072a81be4bc200db209b38e4aa5fff427be9d3,womens_shorts_01M,build51,66c09717173c555eced9e7a167f405b7d08ab18f,c6a67bcc6433546d8ede05ca6b05e089509d27ed,13,1.0
b4072a81be4bc200db209b38e4aa5fff427be9d3,womens_shorts_01M,calc01,66c09717173c555eced9e7a167f405b7d08ab18f,1858def1a1ecf0e1de87fdbb649b8586cd9210fb,20,1.0
b4072a81be4bc200db209b38e4aa5fff427be9d3,womens_shorts_01M,dromedary,66c09717173c555eced9e7a167f405b7d08ab18f,d47c3fb53513386e01d13c19f771ca5eb0f7da90,28,1.0
b4072a81be4bc200db209b38e4aa5fff427be9d3,womens_shorts_01M,flarenut_spanner,66c09717173c555eced9e7a167f405b7d08ab18f,3b87ec5ffc07c08a35116928a8b6ffb64390e0a4,11,1.0
b4072a81be4bc200db209b38e4aa5fff427be9d3,womens_shorts_01M,interior_details_103_4,66c09717173c555eced9e7a167f405b7d08ab18f,6c726f0ba025cab6490df5c05a6c436be87205ad,5,1.0
b4072a81be4bc200db209b38e4aa5fff427be9d3,womens_shorts_01M,interior_details_130_2,66c09717173c555eced9e7a167f405b7d08ab18f,f730e2fab41495e73bf0e665266a51a692d1ca54,10,1.0
b4072a81be4bc200db209b38e4aa5fff427be9d3,womens_shorts_01M,kitchen_equipment_knife2,66c09717173c555eced9e7a167f405b7d08ab18f,4c406e5b2db8e63397199570ff59e65caeca5775,21,1.0
b4072a81be4bc200db209b38e4aa5fff427be9d3,womens_shorts_01M,lo_poly_animal_BEAR_BLK,66c09717173c555eced9e7a167f405b7d08ab18f,3c6c194cc864f2a655446efa548eef153a393618,13,1.0
b4072a81be4bc200db209b38e4aa5fff427be9d3,womens_shorts_01M,lo_poly_animal_CHICKDEE,66c09717173c555eced9e7a167f405b7d08ab18f,b95b95002cc603d8b4aec4836d1edc6b1f129efb,11,0.9090909090909091
b4072a81be4bc200db209b38e4aa5fff427be9d3,womens_shorts_01M,lo_poly_animal_ELE_AS1,66c09717173c555eced9e7a167f405b7d08ab18f,41313a938cb781cbd60a6870530e116a9d98e48c,19,1.0
b4072a81be4bc200db209b38e4aa5fff427be9d3,womens_shorts_01M,lo_poly_animal_TRANTULA,66c09717173c555eced9e7a167f405b7d08ab18f,8f14ff8cf138e89d90211a7811968af08d4d7098,11,1.0
b4072a81be4bc200db209b38e4aa5fff427be9d3,womens_shorts_01M,weimaraner,66c09717173c555eced9e7a167f405b7d08ab18f,4f263a161cdd009ff7f9aa88ed9be2b852772142,21,1.0
b4072a81be4bc200db209b38e4aa5fff427be9d3,womens_shorts_01M,womens_stockings_01M,66c09717173c555eced9e7a167f405b7d08ab18f,7ed95b3ba88443ed63f25ffe0b5fb52d78dab676,17,1.0
b4446885269f21af2729e908dfe5ea2a632b7583,flarenut_spanner,22_acoustic_guitar,3b87ec5ffc07c08a35116928a8b6ffb64390e0a4,b17c9b116f73af5e54e294b1362187bb666a1737,8,0.875
b4446885269f21af2729e908dfe5ea2a632b7583,flarenut_spanner,Hanger_02,3b87ec5ffc07c08a35116928a8b6ffb64390e0a4,2ef7b8f76464ac15cea9c2eaf23bfb992cfa8a20,11,1.0
b4446885269f21af2729e908dfe5ea2a632b7583,flarenut_spanner,MB27346,3b87ec5ffc07c08a35116928a8b6ffb64390e0a4,f3b1fb66463bf84b593dad9fd1028aa8db6f3720,8,1.0
b4446885269f21af2729e908dfe5ea2a632b7583,flarenut_spanner,MB29874,3b87ec5ffc07c08a35116928a8b6ffb64390e0a4,7cc042e01ac7e57de362ae777017d3e1b727c9f0,10,1.0
b4446885269f21af2729e908dfe5ea2a632b7583,flarenut_spanner,MB30203,3b87ec5ffc07c08a35116928a8b6ffb64390e0a4,e6e0c7209f8a7908c49f803651f7382e3a2e75c5,17,0.9411764705882353
b4446885269f21af2729e908dfe5ea2a632b7583,flarenut_spanner,MB30758,3b87ec5ffc07c08a35116928a8b6ffb64390e0a4,61c2291042151124f703bb567c32ab30fda22360,12,0.8333333333333334
b4446885269f21af2729e908dfe5ea2a632b7583,flarenut_spanner,antique_furniture_item_18,3b87ec5ffc07c08a35116928a8b6ffb64390e0a4,bad9c53885fbc5be5a358b2ae742704b9f280dfa,6,0.8333333333333334
b4446885269f21af2729e908dfe5ea2a632b7583,flarenut_spanner,build51,3b87ec5ffc07c08a35116928a8b6ffb64390e0a4,c6a67bcc6433546d8ede05ca6b05e089509d27ed,5,1.0
b4446885269f21af2729e908dfe5ea2a632b7583,flarenut_spanner,calc01,3b87ec5ffc07c08a35116928a8b6ffb64390e0a4,1858def1a1ecf0e1de87fdbb649b8586cd9210fb,12,0.9166666666666666
b4446885269f21af2729e908dfe5ea2a632b7583,flarenut_spanner,dromedary,3b87ec5ffc07c08a35116928a8b6ffb64390e0a4,d47c3fb53513386e01d13c19f771ca5eb0f7da90,16,1.0
b4446885269f21af2729e908dfe5ea2a632b7583,flarenut_spanner,interior_details_130_2,3b87ec5ffc07c08a35116928a8b6ffb64390e0a4,f730e2fab41495e73bf0e665266a51a692d1ca54,12,0.9166666666666666
b4446885269f21af2729e908dfe5ea2a632b7583,flarenut_spanner,kitchen_equipment_knife2,3b87ec5ffc07c08a35116928a8b6ffb64390e0a4,4c406e5b2db8e63397199570ff59e65caeca5775,11,0.7272727272727273
b4446885269f21af2729e908dfe5ea2a632b7583,flarenut_spanner,lo_poly_animal_BEAR_BLK,3b87ec5ffc07c08a35116928a8b6ffb64390e0a4,3c6c194cc864f2a655446efa548eef153a393618,9,1.0
b4446885269f21af2729e908dfe5ea2a632b7583,flarenut_spanner,lo_poly_animal_CHICKDEE,3b87ec5ffc07c08a35116928a8b6ffb64390e0a4,b95b95002cc603d8b4aec4836d1edc6b1f129efb,9,0.8888888888888888
b4446885269f21af2729e908dfe5ea2a632b7583,flarenut_spanner,lo_poly_animal_ELE_AS1,3b87ec5ffc07c08a35116928a8b6ffb64390e0a4,41313a938cb781cbd60a6870530e116a9d98e48c,6,1.0
b4446885269f21af2729e908dfe5ea2a632b7583,flarenut_spanner,lo_poly_animal_RHINO_2,3b87ec5ffc07c08a35116928a8b6ffb64390e0a4,b87e834ba5e263774477edc6fc956070795ab1b6,17,1.0
b4446885269f21af2729e908dfe5ea2a632b7583,flarenut_spanner,weimaraner,3b87ec5ffc07c08a35116928a8b6ffb64390e0a4,4f263a161cdd009ff7f9aa88ed9be2b852772142,9,1.0
b4446885269f21af2729e908dfe5ea2a632b7583,flarenut_spanner,womens_shorts_01M,3b87ec5ffc07c08a35116928a8b6ffb64390e0a4,66c09717173c555eced9e7a167f405b7d08ab18f,7,1.0
b4446885269f21af2729e908dfe5ea2a632b7583,flarenut_spanner,womens_stockings_01M,3b87ec5ffc07c08a35116928a8b6ffb64390e0a4,7ed95b3ba88443ed63f25ffe0b5fb52d78dab676,4,0.75
b4446885269f21af2729e908dfe5ea2a632b7583,flarenut_spanner,zebra,3b87ec5ffc07c08a35116928a8b6ffb64390e0a4,21afbd503b5d4f9c399c4a66baef6bd6e894715f,13,1.0
b71109352910a2a2c41d47768812b8408afbda45,lo_poly_animal_ELE_AS1,22_acoustic_guitar,41313a938cb781cbd60a6870530e116a9d98e48c,b17c9b116f73af5e54e294b1362187bb666a1737,20,1.0
b71109352910a2a2c41d47768812b8408afbda45,lo_poly_animal_ELE_AS1,Hanger_02,41313a938cb781cbd60a6870530e116a9d98e48c,2ef7b8f76464ac15cea9c2eaf23bfb992cfa8a20,27,1.0
b71109352910a2a2c41d47768812b8408afbda45,lo_poly_animal_ELE_AS1,MB27346,41313a938cb781cbd60a6870530e116a9d98e48c,f3b1fb66463bf84b593dad9fd1028aa8db6f3720,17,0.9411764705882353
b71109352910a2a2c41d47768812b8408afbda45,lo_poly_animal_ELE_AS1,MB28699,41313a938cb781cbd60a6870530e116a9d98e48c,ee36e4d66958199793add93da479822f4d1164e6,9,0.8888888888888888
b71109352910a2a2c41d47768812b8408afbda45,lo_poly_animal_ELE_AS1,MB29874,41313a938cb781cbd60a6870530e116a9d98e48c,7cc042e01ac7e57de362ae777017d3e1b727c9f0,27,0.9629629629629629
b71109352910a2a2c41d47768812b8408afbda45,lo_poly_animal_ELE_AS1,MB30203,41313a938cb781cbd60a6870530e116a9d98e48c,e6e0c7209f8a7908c49f803651f7382e3a2e75c5,15,1.0
b71109352910a2a2c41d47768812b8408afbda45,lo_poly_animal_ELE_AS1,MB30758,41313a938cb781cbd60a6870530e116a9d98e48c,61c2291042151124f703bb567c32ab30fda22360,12,1.0
b71109352910a2a2c41d47768812b8408afbda45,lo_poly_animal_ELE_AS1,antique_furniture_item_18,41313a938cb781cbd60a6870530e116a9d98e48c,bad9c53885fbc5be5a358b2ae742704b9f280dfa,28,1.0
b71109352910a2a2c41d47768812b8408afbda45,lo_poly_animal_ELE_AS1,build51,41313a938cb781cbd60a6870530e116a9d98e48c,c6a67bcc6433546d8ede05ca6b05e089509d27ed,21,0.9047619047619048
b71109352910a2a2c41d47768812b8408afbda45,lo_poly_animal_ELE_AS1,calc01,41313a938cb781cbd60a6870530e116a9d98e48c,1858def1a1ecf0e1de87fdbb649b8586cd9210fb,7,0.8571428571428571
b71109352910a2a2c41d47768812b8408afbda45,lo_poly_animal_ELE_AS1,dromedary,41313a938cb781cbd60a6870530e116a9d98e48c,d47c3fb53513386e01d13c19f771ca5eb0f7da90,18,1.0
b71109352910a2a2c41d47768812b8408afbda45,lo_poly_animal_ELE_AS1,flarenut_spanner,41313a938cb781cbd60a6870530e116a9d98e48c,3b87ec5ffc07c08a35116928a8b6ffb64390e0a4,25,0.92
b71109352910a2a2c41d47768812b8408afbda45,lo_poly_animal_ELE_AS1,interior_details_103_4,41313a938cb781cbd60a6870530e116a9d98e48c,6c726f0ba025cab6490df5c05a6c436be87205ad,24,1.0
b71109352910a2a2c41d47768812b8408afbda45,lo_poly_animal_ELE_AS1,interior_details_130_2,41313a938cb781cbd60a6870530e116a9d98e48c,f730e2fab41495e73bf0e665266a51a692d1ca54,17,1.0
b71109352910a2a2c41d47768812b8408afbda45,lo_poly_animal_ELE_AS1,kitchen_equipment_knife2,41313a938cb781cbd60a6870530e116a9d98e48c,4c406e5b2db8e63397199570ff59e65caeca5775,19,1.0
b71109352910a2a2c41d47768812b8408afbda45,lo_poly_animal_ELE_AS1,lo_poly_animal_BEAR_BLK,41313a938cb781cbd60a6870530e116a9d98e48c,3c6c194cc864f2a655446efa548eef153a393618,10,1.0
b71109352910a2a2c41d47768812b8408afbda45,lo_poly_animal_ELE_AS1,lo_poly_animal_CHICKDEE,41313a938cb781cbd60a6870530e116a9d98e48c,b95b95002cc603d8b4aec4836d1edc6b1f129efb,17,1.0
b71109352910a2a2c41d47768812b8408afbda45,lo_poly_animal_ELE_AS1,lo_poly_animal_RHINO_2,41313a938cb781cbd60a6870530e116a9d98e48c,b87e834ba5e263774477edc6fc956070795ab1b6,12,0.9166666666666666
b71109352910a2a2c41d47768812b8408afbda45,lo_poly_animal_ELE_AS1,lo_poly_animal_TRANTULA,41313a938cb781cbd60a6870530e116a9d98e48c,8f14ff8cf138e89d90211a7811968af08d4d7098,19,1.0
b71109352910a2a2c41d47768812b8408afbda45,lo_poly_animal_ELE_AS1,weimaraner,41313a938cb781cbd60a6870530e116a9d98e48c,4f263a161cdd009ff7f9aa88ed9be2b852772142,4,1.0
b71109352910a2a2c41d47768812b8408afbda45,lo_poly_animal_ELE_AS1,womens_shorts_01M,41313a938cb781cbd60a6870530e116a9d98e48c,66c09717173c555eced9e7a167f405b7d08ab18f,26,0.9230769230769231
b71109352910a2a2c41d47768812b8408afbda45,lo_poly_animal_ELE_AS1,womens_stockings_01M,41313a938cb781cbd60a6870530e116a9d98e48c,7ed95b3ba88443ed63f25ffe0b5fb52d78dab676,24,1.0
b71109352910a2a2c41d47768812b8408afbda45,lo_poly_animal_ELE_AS1,zebra,41313a938cb781cbd60a6870530e116a9d98e48c,21afbd503b5d4f9c399c4a66baef6bd6e894715f,32,1.0
b90a7e4cac3c6fb8016035d5cfed681c44c1d0f7,zebra,22_acoustic_guitar,21afbd503b5d4f9c399c4a66baef6bd6e894715f,b17c9b116f73af5e54e294b1362187bb666a1737,10,1.0
b90a7e4cac3c6fb8016035d5cfed681c44c1d0f7,zebra,Hanger_02,21afbd503b5d4f9c399c4a66baef6bd6e894715f,2ef7b8f76464ac15cea9c2eaf23bfb992cfa8a20,5,1.0
b90a7e4cac3c6fb8016035d5cfed681c44c1d0f7,zebra,MB27346,21afbd503b5d4f9c399c4a66baef6bd6e894715f,f3b1fb66463bf84b593dad9fd1028aa8db6f3720,9,1.0
b90a7e4cac3c6fb8016035d5cfed681c44c1d0f7,zebra,MB28699,21afbd503b5d4f9c399c4a66baef6bd6e894715f,ee36e4d66958199793add93da479822f4d1164e6,23,1.0
b90a7e4cac3c6fb8016035d5cfed681c44c1d0f7,zebra,MB29874,21afbd503b5d4f9c399c4a66baef6bd6e894715f,7cc042e01ac7e57de362ae777017d3e1b727c9f0,10,1.0
b90a7e4cac3c6fb8016035d5cfed681c44c1d0f7,zebra,MB30203,21afbd503b5d4f9c399c4a66baef6bd6e894715f,e6e0c7209f8a7908c49f803651f7382e3a2e75c5,8,1.0
b90a7e4cac3c6fb8016035d5cfed681c44c1d0f7,zebra,MB30758,21afbd503b5d4f9c399c4a66baef6bd6e894715f,61c2291042151124f703bb567c32ab30fda22360,6,1.0
b90a7e4cac3c6fb8016035d5cfed681c44c1d0f7,zebra,antique_furniture_item_18,21afbd503b5d4f9c399c4a66baef6bd6e894715f,bad9c53885fbc5be5a358b2ae742704b9f280dfa,11,1.0
b90a7e4cac3c6fb8016035d5cfed681c44c1d0f7,zebra,build51,21afbd503b5d4f9c399c4a66baef6bd6e894715f,c6a67bcc6433546d8ede05ca6b05e089509d27ed,13,1.0
b90a7e4cac3c6fb8016035d5cfed681c44c1d0f7,zebra,calc01,21afbd503b5d4f9c399c4a66baef6bd6e894715f,1858def1a1ecf0e1de87fdbb649b8586cd9210fb,21,1.0
b90a7e4cac3c6fb8016035d5cfed681c44c1d0f7,zebra,flarenut_spanner,21afbd503b5d4f9c399c4a66baef6bd6e894715f,3b87ec5ffc07c08a35116928a8b6ffb64390e0a4,10,1.0
b90a7e4cac3c6fb8016035d5cfed681c44c1d0f7,zebra,interior_details_103_4,21afbd503b5d4f9c399c4a66baef6bd6e894715f,6c726f0ba025cab6490df5c05a6c436be87205ad,8,1.0
b90a7e4cac3c6fb8016035d5cfed681c44c1d0f7,zebra,interior_details_130_2,21afbd503b5d4f9c399c4a66baef6bd6e894715f,f730e2fab41495e73bf0e665266a51a692d1ca54,11,1.0
b90a7e4cac3c6fb8016035d5cfed681c44c1d0f7,zebra,kitchen_equipment_knife2,21afbd503b5d4f9c399c4a66baef6bd6e894715f,4c406e5b2db8e63397199570ff59e65caeca5775,10,1.0
b90a7e4cac3c6fb8016035d5cfed681c44c1d0f7,zebra,lo_poly_animal_BEAR_BLK,21afbd503b5d4f9c399c4a66baef6bd6e894715f,3c6c194cc864f2a655446efa548eef153a393618,9,1.0
b90a7e4cac3c6fb8016035d5cfed681c44c1d0f7,zebra,lo_poly_animal_CHICKDEE,21afbd503b5d4f9c399c4a66baef6bd6e894715f,b95b95002cc603d8b4aec4836d1edc6b1f129efb,8,1.0
b90a7e4cac3c6fb8016035d5cfed681c44c1d0f7,zebra,lo_poly_animal_ELE_AS1,21afbd503b5d4f9c399c4a66baef6bd6e894715f,41313a938cb781cbd60a6870530e116a9d98e48c,7,1.0
b90a7e4cac3c6fb8016035d5cfed681c44c1d0f7,zebra,lo_poly_animal_RHINO_2,21afbd503b5d4f9c399c4a66baef6bd6e894715f,b87e834ba5e263774477edc6fc956070795ab1b6,6,1.0
b90a7e4cac3c6fb8016035d5cfed681c44c1d0f7,zebra,lo_poly_animal_TRANTULA,21afbd503b5d4f9c399c4a66baef6bd6e894715f,8f14ff8cf138e89d90211a7811968af08d4d7098,6,1.0
b90a7e4cac3c6fb8016035d5cfed681c44c1d0f7,zebra,weimaraner,21afbd503b5d4f9c399c4a66baef6bd6e894715f,4f263a161cdd009ff7f9aa88ed9be2b852772142,9,1.0
b90a7e4cac3c6fb8016035d5cfed681c44c1d0f7,zebra,womens_shorts_01M,21afbd503b5d4f9c399c4a66baef6bd6e894715f,66c09717173c555eced9e7a167f405b7d08ab18f,16,1.0
b90a7e4cac3c6fb8016035d5cfed681c44c1d0f7,zebra,womens_stockings_01M,21afbd503b5d4f9c399c4a66baef6bd6e894715f,7ed95b3ba88443ed63f25ffe0b5fb52d78dab676,10,1.0
ba466f852b66af5f2781df5b93c5e2ab69abd528,MB28699,22_acoustic_guitar,ee36e4d66958199793add93da479822f4d1164e6,b17c9b116f73af5e54e294b1362187bb666a1737,7,1.0
ba466f852b66af5f2781df5b93c5e2ab69abd528,MB28699,Hanger_02,ee36e4d66958199793add93da479822f4d1164e6,2ef7b8f76464ac15cea9c2eaf23bfb992cfa8a20,9,0.8888888888888888
ba466f852b66af5f2781df5b93c5e2ab69abd528,MB28699,MB27346,ee36e4d66958199793add93da479822f4d1164e6,f3b1fb66463bf84b593dad9fd1028aa8db6f3720,11,1.0
ba466f852b66af5f2781df5b93c5e2ab69abd528,MB28699,MB29874,ee36e4d66958199793add93da479822f4d1164e6,7cc042e01ac7e57de362ae777017d3e1b727c9f0,8,1.0
ba466f852b66af5f2781df5b93c5e2ab69abd528,MB28699,MB30203,ee36e4d66958199793add93da479822f4d1164e6,e6e0c7209f8a7908c49f803651f7382e3a2e75c5,6,0.8333333333333334
ba466f852b66af5f2781df5b93c5e2ab69abd528,MB28699,MB30758,ee36e4d66958199793add93da479822f4d1164e6,61c2291042151124f703bb567c32ab30fda22360,6,1.0
ba466f852b66af5f2781df5b93c5e2ab69abd528,MB28699,build51,ee36e4d66958199793add93da479822f4d1164e6,c6a67bcc6433546d8ede05ca6b05e089509d27ed,8,0.875
ba466f852b66af5f2781df5b93c5e2ab69abd528,MB28699,calc01,ee36e4d66958199793add93da479822f4d1164e6,1858def1a1ecf0e1de87fdbb649b8586cd9210fb,7,1.0
ba466f852b66af5f2781df5b93c5e2ab69abd528,MB28699,dromedary,ee36e4d66958199793add93da479822f4d1164e6,d47c3fb53513386e01d13c19f771ca5eb0f7da90,6,1.0
ba466f852b66af5f2781df5b93c5e2ab69abd528,MB28699,flarenut_spanner,ee36e4d66958199793add93da479822f4d1164e6,3b87ec5ffc07c08a35116928a8b6ffb64390e0a4,12,1.0
ba466f852b66af5f2781df5b93c5e2ab69abd528,MB28699,interior_details_103_4,ee36e4d66958199793add93da479822f4d1164e6,6c726f0ba025cab6490df5c05a6c436be87205ad,6,0.6666666666666666
ba466f852b66af5f2781df5b93c5e2ab69abd528,MB28699,interior_details_130_2,ee36e4d66958199793add93da479822f4d1164e6,f730e2fab41495e73bf0e665266a51a692d1ca54,17,0.7647058823529411
ba466f852b66af5f2781df5b93c5e2ab69abd528,MB28699,kitchen_equipment_knife2,ee36e4d66958199793add93da479822f4d1164e6,4c406e5b2db8e63397199570ff59e65caeca5775,6,0.6666666666666666
ba466f852b66af5f2781df5b93c5e2ab69abd528,MB28699,lo_poly_animal_BEAR_BLK,ee36e4d66958199793add93da479822f4d1164e6,3c6c194cc864f2a655446efa548eef153a393618,13,1.0
ba466f852b66af5f2781df5b93c5e2ab69abd528,MB28699,lo_poly_animal_ELE_AS1,ee36e4d66958199793add93da479822f4d1164e6,41313a938cb781cbd60a6870530e116a9d98e48c,4,1.0
ba466f852b66af5f2781df5b93c5e2ab69abd528,MB28699,lo_poly_animal_RHINO_2,ee36e4d66958199793add93da479822f4d1164e6,b87e834ba5e263774477edc6fc956070795ab1b6,14,1.0
ba466f852b66af5f2781df5b93c5e2ab69abd528,MB28699,lo_poly_animal_TRANTULA,ee36e4d66958199793add93da479822f4d1164e6,8f14ff8cf138e89d90211a7811968af08d4d7098,8,1.0
ba466f852b66af5f2781df5b93c5e2ab69abd528,MB28699,weimaraner,ee36e4d66958199793add93da479822f4d1164e6,4f263a161cdd009ff7f9aa88ed9be2b852772142,4,1.0
ba466f852b66af5f2781df5b93c5e2ab69abd528,MB28699,womens_shorts_01M,ee36e4d66958199793add93da479822f4d1164e6,66c09717173c555eced9e7a167f405b7d08ab18f,5,1.0
ba466f852b66af5f2781df5b93c5e2ab69abd528,MB28699,womens_stockings_01M,ee36e4d66958199793add93da479822f4d1164e6,7ed95b3ba88443ed63f25ffe0b5fb52d78dab676,18,0.9444444444444444
ba466f852b66af5f2781df5b93c5e2ab69abd528,MB28699,zebra,ee36e4d66958199793add93da479822f4d1164e6,21afbd503b5d4f9c399c4a66baef6bd6e894715f,12,1.0
bab0ef7b0e1a20d2b2aa0f71d9e46940d4187374,MB30203,Hanger_02,e6e0c7209f8a7908c49f803651f7382e3a2e75c5,2ef7b8f76464ac15cea9c2eaf23bfb992cfa8a20,24,1.0
bab0ef7b0e1a20d2b2aa0f71d9e46940d4187374,MB30203,MB27346,e6e0c7209f8a7908c49f803651f7382e3a2e75c5,f3b1fb66463bf84b593dad9fd1028aa8db6f3720,21,1.0
bab0ef7b0e1a20d2b2aa0f71d9e46940d4187374,MB30203,MB28699,e6e0c7209f8a7908c49f803651f7382e3a2e75c5,ee36e4d66958199793add93da479822f4d1164e6,13,1.0
bab0ef7b0e1a20d2b2aa0f71d9e46940d4187374,MB30203,MB29874,e6e0c7209f8a7908c49f803651f7382e3a2e75c5,7cc042e01ac7e57de362ae777017d3e1b727c9f0,11,1.0
bab0ef7b0e1a20d2b2aa0f71d9e46940d4187374,MB30203,MB30758,e6e0c7209f8a7908c49f803651f7382e3a2e75c5,61c2291042151124f703bb567c32ab30fda22360,8,1.0
bab0ef7b0e1a20d2b2aa0f71d9e46940d4187374,MB30203,antique_furniture_item_18,e6e0c7209f8a7908c49f803651f7382e3a2e75c5,bad9c53885fbc5be5a358b2ae742704b9f280dfa,22,1.0
bab0ef7b0e1a20d2b2aa0f71d9e46940d4187374,MB30203,build51,e6e0c7209f8a7908c49f803651f7382e3a2e75c5,c6a67bcc6433546d8ede05ca6b05e089509d27ed,14,1.0
bab0ef7b0e1a20d2b2aa0f71d9e46940d4187374,MB30203,calc01,e6e0c7209f8a7908c49f803651f7382e3a2e75c5,1858def1a1ecf0e1de87fdbb649b8586cd9210fb,15,1.0
bab0ef7b0e1a20d2b2aa0f71d9e46940d4187374,MB30203,dromedary,e6e0c7209f8a7908c49f803651f7382e3a2e75c5,d47c3fb53513386e01d13c19f771ca5eb0f7da90,10,1.0
bab0ef7b0e1a20d2b2aa0f71d9e46940d4187374,MB30203,flarenut_spanner,e6e0c7209f8a7908c49f803651f7382e3a2e75c5,3b87ec5ffc07c08a35116928a8b6ffb64390e0a4,18,0.8888888888888888
bab0ef7b0e1a20d2b2aa0f71d9e46940d4187374,MB30203,interior_details_103_4,e6e0c7209f8a7908c49f803651f7382e3a2e75c5,6c726f0ba025cab6490df5c05a6c436be87205ad,14,1.0
bab0ef7b0e1a20d2b2aa0f71d9e46940d4187374,MB30203,interior_details_130_2,e6e0c7209f8a7908c49f803651f7382e3a2e75c5,f730e2fab41495e73bf0e665266a51a692d1ca54,14,1.0
bab0ef7b0e1a20d2b2aa0f71d9e46940d4187374,MB30203,kitchen_equipment_knife2,e6e0c7209f8a7908c49f803651f7382e3a2e75c5,4c406e5b2db8e63397199570ff59e65caeca5775,10,1.0
bab0ef7b0e1a20d2b2aa0f71d9e46940d4187374,MB30203,lo_poly_animal_BEAR_BLK,e6e0c7209f8a7908c49f803651f7382e3a2e75c5,3c6c194cc864f2a655446efa548eef153a393618,21,1.0
bab0ef7b0e1a20d2b2aa0f71d9e46940d4187374,MB30203,lo_poly_animal_CHICKDEE,e6e0c7209f8a7908c49f803651f7382e3a2e75c5,b95b95002cc603d8b4aec4836d1edc6b1f129efb,23,0.9565217391304348
bab0ef7b0e1a20d2b2aa0f71d9e46940d4187374,MB30203,lo_poly_animal_ELE_AS1,e6e0c7209f8a7908c49f803651f7382e3a2e75c5,41313a938cb781cbd60a6870530e116a9d98e48c,19,0.9473684210526315
bab0ef7b0e1a20d2b2aa0f71d9e46940d4187374,MB30203,lo_poly_animal_RHINO_2,e6e0c7209f8a7908c49f803651f7382e3a2e75c5,b87e834ba5e263774477edc6fc956070795ab1b6,22,1.0
bab0ef7b0e1a20d2b2aa0f71d9e46940d4187374,MB30203,lo_poly_animal_TRANTULA,e6e0c7209f8a7908c49f803651f7382e3a2e75c5,8f14ff8cf138e89d90211a7811968af08d4d7098,21,0.9523809523809523
bab0ef7b0e1a20d2b2aa0f71d9e46940d4187374,MB30203,weimaraner,e6e0c7209f8a7908c49f803651f7382e3a2e75c5,4f263a161cdd009ff7f9aa88ed9be2b852772142,7,1.0
bab0ef7b0e1a20d2b2aa0f71d9e46940d4187374,MB30203,womens_shorts_01M,e6e0c7209f8a7908c49f803651f7382e3a2e75c5,66c09717173c555eced9e7a167f405b7d08ab18f,15,1.0
bab0ef7b0e1a20d2b2aa0f71d9e46940d4187374,MB30203,womens_stockings_01M,e6e0c7209f8a7908c49f803651f7382e3a2e75c5,7ed95b3ba88443ed63f25ffe0b5fb52d78dab676,12,0.9166666666666666
bab0ef7b0e1a20d2b2aa0f71d9e46940d4187374,MB30203,zebra,e6e0c7209f8a7908c49f803651f7382e3a2e75c5,21afbd503b5d4f9c399c4a66baef6bd6e894715f,18,1.0
bba67cbe6f814c7652fe4b1e37520927394a4671,antique_furniture_item_18,22_acoustic_guitar,bad9c53885fbc5be5a358b2ae742704b9f280dfa,b17c9b116f73af5e54e294b1362187bb666a1737,17,1.0
bba67cbe6f814c7652fe4b1e37520927394a4671,antique_furniture_item_18,Hanger_02,bad9c53885fbc5be5a358b2ae742704b9f280dfa,2ef7b8f76464ac15cea9c2eaf23bfb992cfa8a20,29,1.0
bba67cbe6f814c7652fe4b1e37520927394a4671,antique_furniture_item_18,MB27346,bad9c53885fbc5be5a358b2ae742704b9f280dfa,f3b1fb66463bf84b593dad9fd1028aa8db6f3720,18,1.0
bba67cbe6f814c7652fe4b1e37520927394a4671,antique_furniture_item_18,MB28699,bad9c53885fbc5be5a358b2ae742704b9f280dfa,ee36e4d66958199793add93da479822f4d1164e6,12,1.0
bba67cbe6f814c7652fe4b1e37520927394a4671,antique_furniture_item_18,MB29874,bad9c53885fbc5be5a358b2ae742704b9f280dfa,7cc042e01ac7e57de362ae777017d3e1b727c9f0,24,1.0
bba67cbe6f814c7652fe4b1e37520927394a4671,antique_furniture_item_18,MB30203,bad9c53885fbc5be5a358b2ae742704b9f280dfa,e6e0c7209f8a7908c49f803651f7382e3a2e75c5,30,1.0
bba67cbe6f814c7652fe4b1e37520927394a4671,antique_furniture_item_18,MB30758,bad9c53885fbc5be5a358b2ae742704b9f280dfa,61c2291042151124f703bb567c32ab30fda22360,19,1.0
bba67cbe6f814c7652fe4b1e37520927394a4671,antique_furniture_item_18,build51,bad9c53885fbc5be5a358b2ae742704b9f280dfa,c6a67bcc6433546d8ede05ca6b05e089509d27ed,14,1.0
bba67cbe6f814c7652fe4b1e37520927394a4671,antique_furniture_item_18,calc01,bad9c53885fbc5be5a358b2ae742704b9f280dfa,1858def1a1ecf0e1de87fdbb649b8586cd9210fb,29,0.9655172413793104
bba67cbe6f814c7652fe4b1e37520927394a4671,antique_furniture_item_18,dromedary,bad9c53885fbc5be5a358b2ae742704b9f280dfa,d47c3fb53513386e01d13c19f771ca5eb0f7da90,19,1.0
bba67cbe6f814c7652fe4b1e37520927394a4671,antique_furniture_item_18,flarenut_spanner,bad9c53885fbc5be5a358b2ae742704b9f280dfa,3b87ec5ffc07c08a35116928a8b6ffb64390e0a4,22,1.0
bba67cbe6f814c7652fe4b1e37520927394a4671,antique_furniture_item_18,interior_details_103_4,bad9c53885fbc5be5a358b2ae742704b9f280dfa,6c726f0ba025cab6490df5c05a6c436be87205ad,8,1.0
bba67cbe6f814c7652fe4b1e37520927394a4671,antique_furniture_item_18,interior_details_130_2,bad9c53885fbc5be5a358b2ae742704b9f280dfa,f730e2fab41495e73bf0e665266a51a692d1ca54,22,1.0
bba67cbe6f814c7652fe4b1e37520927394a4671,antique_furniture_item_18,kitchen_equipment_knife2,bad9c53885fbc5be5a358b2ae742704b9f280dfa,4c406e5b2db8e63397199570ff59e65caeca5775,27,1.0
bba67cbe6f814c7652fe4b1e37520927394a4671,antique_furniture_item_18,lo_poly_animal_BEAR_BLK,bad9c53885fbc5be5a358b2ae742704b9f280dfa,3c6c194cc864f2a655446efa548eef153a393618,9,1.0
bba67cbe6f814c7652fe4b1e37520927394a4671,antique_furniture_item_18,lo_poly_animal_CHICKDEE,bad9c53885fbc5be5a358b2ae742704b9f280dfa,b95b95002cc603d8b4aec4836d1edc6b1f129efb,27,1.0
bba67cbe6f814c7652fe4b1e37520927394a4671,antique_furniture_item_18,lo_poly_animal_ELE_AS1,bad9c53885fbc5be5a358b2ae742704b9f280dfa,41313a938cb781cbd60a6870530e116a9d98e48c,22,1.0
bba67cbe6f814c7652fe4b1e37520927394a4671,antique_furniture_item_18,lo_poly_animal_RHINO_2,bad9c53885fbc5be5a358b2ae742704b9f280dfa,b87e834ba5e263774477edc6fc956070795ab1b6,14,1.0
bba67cbe6f814c7652fe4b1e37520927394a4671,antique_furniture_item_18,lo_poly_animal_TRANTULA,bad9c53885fbc5be5a358b2ae742704b9f280dfa,8f14ff8cf138e89d90211a7811968af08d4d7098,21,1.0
bba67cbe6f814c7652fe4b1e37520927394a4671,antique_furniture_item_18,weimaraner,bad9c53885fbc5be5a358b2ae742704b9f280dfa,4f263a161cdd009ff7f9aa88ed9be2b852772142,16,1.0
bba67cbe6f814c7652fe4b1e37520927394a4671,antique_furniture_item_18,womens_shorts_01M,bad9c53885fbc5be5a358b2ae742704b9f280dfa,66c09717173c555eced9e7a167f405b7d08ab18f,8,1.0
bba67cbe6f814c7652fe4b1e37520927394a4671,antique_furniture_item_18,womens_stockings_01M,bad9c53885fbc5be5a358b2ae742704b9f280dfa,7ed95b3ba88443ed63f25ffe0b5fb52d78dab676,33,0.9696969696969697
bba67cbe6f814c7652fe4b1e37520927394a4671,antique_furniture_item_18,zebra,bad9c53885fbc5be5a358b2ae742704b9f280dfa,21afbd503b5d4f9c399c4a66baef6bd6e894715f,14,1.0
bbf1201875677e010ddfb076bea12d9f9e44d27e,Hanger_02,22_acoustic_guitar,2ef7b8f76464ac15cea9c2eaf23bfb992cfa8a20,b17c9b116f73af5e54e294b1362187bb666a1737,7,0.8571428571428571
bbf1201875677e010ddfb076bea12d9f9e44d27e,Hanger_02,MB28699,2ef7b8f76464ac15cea9c2eaf23bfb992cfa8a20,ee36e4d66958199793add93da479822f4d1164e6,17,0.9411764705882353
bbf1201875677e010ddfb076bea12d9f9e44d27e,Hanger_02,build51,2ef7b8f76464ac15cea9c2eaf23bfb992cfa8a20,c6a67bcc6433546d8ede05ca6b05e089509d27ed,15,1.0
bbf1201875677e010ddfb076bea12d9f9e44d27e,Hanger_02,calc01,2ef7b8f76464ac15cea9c2eaf23bfb992cfa8a20,1858def1a1ecf0e1de87fdbb649b8586cd9210fb,6,0.8333333333333334
bbf1201875677e010ddfb076bea12d9f9e44d27e,Hanger_02,dromedary,2ef7b8f76464ac15cea9c2eaf23bfb992cfa8a20,d47c3fb53513386e01d13c19f771ca5eb0f7da90,16,1.0
bbf1201875677e010ddfb076bea12d9f9e44d27e,Hanger_02,flarenut_spanner,2ef7b8f76464ac15cea9c2eaf23bfb992cfa8a20,3b87ec5ffc07c08a35116928a8b6ffb64390e0a4,7,1.0
bbf1201875677e010ddfb076bea12d9f9e44d27e,Hanger_02,interior_details_103_4,2ef7b8f76464ac15cea9c2eaf23bfb992cfa8a20,6c726f0ba025cab6490df5c05a6c436be87205ad,13,0.9230769230769231
bbf1201875677e010ddfb076bea12d9f9e44d27e,Hanger_02,interior_details_130_2,2ef7b8f76464ac15cea9c2eaf23bfb992cfa8a20,f730e2fab41495e73bf0e665266a51a692d1ca54,16,1.0
bbf1201875677e010ddfb076bea12d9f9e44d27e,Hanger_02,kitchen_equipment_knife2,2ef7b8f76464ac15cea9c2eaf23bfb992cfa8a20,4c406e5b2db8e63397199570ff59e65caeca5775,16,1.0
bbf1201875677e010ddfb076bea12d9f9e44d27e,Hanger_02,lo_poly_animal_BEAR_BLK,2ef7b8f76464ac15cea9c2eaf23bfb992cfa8a20,3c6c194cc864f2a655446efa548eef153a393618,12,1.0
bbf1201875677e010ddfb076bea12d9f9e44d27e,Hanger_02,lo_poly_animal_CHICKDEE,2ef7b8f76464ac15cea9c2eaf23bfb992cfa8a20,b95b95002cc603d8b4aec4836d1edc6b1f129efb,5,1.0
bbf1201875677e010ddfb076bea12d9f9e44d27e,Hanger_02,lo_poly_animal_ELE_AS1,2ef7b8f76464ac15cea9c2eaf23bfb992cfa8a20,41313a938cb781cbd60a6870530e116a9d98e48c,11,1.0
bbf1201875677e010ddfb076bea12d9f9e44d27e,Hanger_02,lo_poly_animal_RHINO_2,2ef7b8f76464ac15cea9c2eaf23bfb992cfa8a20,b87e834ba5e263774477edc6fc956070795ab1b6,8,1.0
bbf1201875677e010ddfb076bea12d9f9e44d27e,Hanger_02,lo_poly_animal_TRANTULA,2ef7b8f76464ac15cea9c2eaf23bfb992cfa8a20,8f14ff8cf138e89d90211a7811968af08d4d7098,14,1.0
bbf1201875677e010ddfb076bea12d9f9e44d27e,Hanger_02,weimaraner,2ef7b8f76464ac15cea9c2eaf23bfb992cfa8a20,4f263a161cdd009ff7f9aa88ed9be2b852772142,5,1.0
bbf1201875677e010ddfb076bea12d9f9e44d27e,Hanger_02,womens_shorts_01M,2ef7b8f76464ac15cea9c2eaf23bfb992cfa8a20,66c09717173c555eced9e7a167f405b7d08ab18f,4,1.0
bbf1201875677e010ddfb076bea12d9f9e44d27e,Hanger_02,womens_stockings_01M,2ef7b8f76464ac15cea9c2eaf23bfb992cfa8a20,7ed95b3ba88443ed63f25ffe0b5fb52d78dab676,5,1.0
bbf1201875677e010ddfb076bea12d9f9e44d27e,Hanger_02,zebra,2ef7b8f76464ac15cea9c2eaf23bfb992cfa8a20,21afbd503b5d4f9c399c4a66baef6bd6e894715f,12,1.0
bc5ae9875d69f41fa59d6934169332d8f6592f77,lo_poly_animal_BEAR_BLK,22_acoustic_guitar,3c6c194cc864f2a655446efa548eef153a393618,b17c9b116f73af5e54e294b1362187bb666a1737,10,0.8
bc5ae9875d69f41fa59d6934169332d8f6592f77,lo_poly_animal_BEAR_BLK,Hanger_02,3c6c194cc864f2a655446efa548eef153a393618,2ef7b8f76464ac15cea9c2eaf23bfb992cfa8a20,8,0.375
bc5ae9875d69f41fa59d6934169332d8f6592f77,lo_poly_animal_BEAR_BLK,MB27346,3c6c194cc864f2a655446efa548eef153a393618,f3b1fb66463bf84b593dad9fd1028aa8db6f3720,10,0.6
bc5ae9875d69f41fa59d6934169332d8f6592f77,lo_poly_animal_BEAR_BLK,MB28699,3c6c194cc864f2a655446efa548eef153a393618,ee36e4d66958199793add93da479822f4d1164e6,8,0.625
bc5ae9875d69f41fa59d6934169332d8f6592f77,lo_poly_animal_BEAR_BLK,MB29874,3c6c194cc864f2a655446efa548eef153a393618,7cc042e01ac7e57de362ae777017d3e1b727c9f0,6,0.5
bc5ae9875d69f41fa59d6934169332d8f6592f77,lo_poly_animal_BEAR_BLK,MB30203,3c6c194cc864f2a655446efa548eef153a393618,e6e0c7209f8a7908c49f803651f7382e3a2e75c5,7,0.7142857142857143
bc5ae9875d69f41fa59d6934169332d8f6592f77,lo_poly_animal_BEAR_BLK,MB30758,3c6c194cc864f2a655446efa548eef153a393618,61c2291042151124f703bb567c32ab30fda22360,4,0.75
bc5ae9875d69f41fa59d6934169332d8f6592f77,lo_poly_animal_BEAR_BLK,antique_furniture_item_18,3c6c194cc864f2a655446efa548eef153a393618,bad9c53885fbc5be5a358b2ae742704b9f280dfa,11,0.36363636363636365
bc5ae9875d69f41fa59d6934169332d8f6592f77,lo_poly_animal_BEAR_BLK,build51,3c6c194cc864f2a655446efa548eef153a393618,c6a67bcc6433546d8ede05ca6b05e089509d27ed,15,0.6
bc5ae9875d69f41fa59d6934169332d8f6592f77,lo_poly_animal_BEAR_BLK,calc01,3c6c194cc864f2a655446efa548eef153a393618,1858def1a1ecf0e1de87fdbb649b8586cd9210fb,15,0.5333333333333333
bc5ae9875d69f41fa59d6934169332d8f6592f77,lo_poly_animal_BEAR_BLK,dromedary,3c6c194cc864f2a655446efa548eef153a393618,d47c3fb53513386e01d13c19f771ca5eb0f7da90,5,0.4
bc5ae9875d69f41fa59d6934169332d8f6592f77,lo_poly_animal_BEAR_BLK,interior_details_103_4,3c6c194cc864f2a655446efa548eef153a393618,6c726f0ba025cab6490df5c05a6c436be87205ad,11,0.8181818181818182
bc5ae9875d69f41fa59d6934169332d8f6592f77,lo_poly_animal_BEAR_BLK,interior_details_130_2,3c6c194cc864f2a655446efa548eef153a393618,f730e2fab41495e73bf0e665266a51a692d1ca54,10,0.8
bc5ae9875d69f41fa59d6934169332d8f6592f77,lo_poly_animal_BEAR_BLK,lo_poly_animal_CHICKDEE,3c6c194cc864f2a655446efa548eef153a393618,b95b95002cc603d8b4aec4836d1edc6b1f129efb,14,0.9285714285714286
bc5ae9875d69f41fa59d6934169332d8f6592f77,lo_poly_animal_BEAR_BLK,lo_poly_animal_ELE_AS1,3c6c194cc864f2a655446efa548eef153a393618,41313a938cb781cbd60a6870530e116a9d98e48c,8,0.625
bc5ae9875d69f41fa59d6934169332d8f6592f77,lo_poly_animal_BEAR_BLK,lo_poly_animal_RHINO_2,3c6c194cc864f2a655446efa548eef153a393618,b87e834ba5e263774477edc6fc956070795ab1b6,4,1.0
bc5ae9875d69f41fa59d6934169332d8f6592f77,lo_poly_animal_BEAR_BLK,lo_poly_animal_TRANTULA,3c6c194cc864f2a655446efa548eef153a393618,8f14ff8cf138e89d90211a7811968af08d4d7098,12,0.5833333333333334
bc5ae9875d69f41fa59d6934169332d8f6592f77,lo_poly_animal_BEAR_BLK,weimaraner,3c6c194cc864f2a655446efa548eef153a393618,4f263a161cdd009ff7f9aa88ed9be2b852772142,14,0.6428571428571429
bc5ae9875d69f41fa59d6934169332d8f6592f77,lo_poly_animal_BEAR_BLK,womens_shorts_01M,3c6c194cc864f2a655446efa548eef153a393618,66c09717173c555eced9e7a167f405b7d08ab18f,8,0.75
bc5ae9875d69f41fa59d6934169332d8f6592f77,lo_poly_animal_BEAR_BLK,womens_stockings_01M,3c6c194cc864f2a655446efa548eef153a393618,7ed95b3ba88443ed63f25ffe0b5fb52d78dab676,9,0.5555555555555556
bc5ae9875d69f41fa59d6934169332d8f6592f77,lo_poly_animal_BEAR_BLK,zebra,3c6c194cc864f2a655446efa548eef153a393618,21afbd503b5d4f9c399c4a66baef6bd6e894715f,4,0.5
be883a236a4ab23684295e4c78e8664219851e0a,interior_details_103_4,22_acoustic_guitar,6c726f0ba025cab6490df5c05a6c436be87205ad,b17c9b116f73af5e54e294b1362187bb666a1737,15,0.5333333333333333
be883a236a4ab23684295e4c78e8664219851e0a,interior_details_103_4,Hanger_02,6c726f0ba025cab6490df5c05a6c436be87205ad,2ef7b8f76464ac15cea9c2eaf23bfb992cfa8a20,13,0.46153846153846156
be883a236a4ab23684295e4c78e8664219851e0a,interior_details_103_4,MB27346,6c726f0ba025cab6490df5c05a6c436be87205ad,f3b1fb66463bf84b593dad9fd1028aa8db6f3720,7,0.5714285714285714
be883a236a4ab23684295e4c78e8664219851e0a,interior_details_103_4,MB28699,6c726f0ba025cab6490df5c05a6c436be87205ad,ee36e4d66958199793add93da479822f4d1164e6,11,0.36363636363636365
be883a236a4ab23684295e4c78e8664219851e0a,interior_details_103_4,MB29874,6c726f0ba025cab6490df5c05a6c436be87205ad,7cc042e01ac7e57de362ae777017d3e1b727c9f0,9,0.6666666666666666
be883a236a4ab23684295e4c78e8664219851e0a,interior_details_103_4,MB30203,6c726f0ba025cab6490df5c05a6c436be87205ad,e6e0c7209f8a7908c49f803651f7382e3a2e75c5,15,0.7333333333333333
be883a236a4ab23684295e4c78e8664219851e0a,interior_details_103_4,MB30758,6c726f0ba025cab6490df5c05a6c436be87205ad,61c2291042151124f703bb567c32ab30fda22360,5,0.4
be883a236a4ab23684295e4c78e8664219851e0a,interior_details_103_4,antique_furniture_item_18,6c726f0ba025cab6490df5c05a6c436be87205ad,bad9c53885fbc5be5a358b2ae742704b9f280dfa,5,0.0
be883a236a4ab23684295e4c78e8664219851e0a,interior_details_103_4,build51,6c726f0ba025cab6490df5c05a6c436be87205ad,c6a67bcc6433546d8ede05ca6b05e089509d27ed,6,0.5
be883a236a4ab23684295e4c78e8664219851e0a,interior_details_103_4,calc01,6c726f0ba025cab6490df5c05a6c436be87205ad,1858def1a1ecf0e1de87fdbb649b8586cd9210fb,8,0.375
be883a236a4ab23684295e4c78e8664219851e0a,interior_details_103_4,dromedary,6c726f0ba025cab6490df5c05a6c436be87205ad,d47c3fb53513386e01d13c19f771ca5eb0f7da90,10,0.2
be883a236a4ab23684295e4c78e8664219851e0a,interior_details_103_4,interior_details_130_2,6c726f0ba025cab6490df5c05a6c436be87205ad,f730e2fab41495e73bf0e665266a51a692d1ca54,11,0.2727272727272727
be883a236a4ab23684295e4c78e8664219851e0a,interior_details_103_4,kitchen_equipment_knife2,6c726f0ba025cab6490df5c05a6c436be87205ad,4c406e5b2db8e63397199570ff59e65caeca5775,4,0.75
be883a236a4ab23684295e4c78e8664219851e0a,interior_details_103_4,lo_poly_animal_BEAR_BLK,6c726f0ba025cab6490df5c05a6c436be87205ad,3c6c194cc864f2a655446efa548eef153a393618,16,0.5625
be883a236a4ab23684295e4c78e8664219851e0a,interior_details_103_4,lo_poly_animal_CHICKDEE,6c726f0ba025cab6490df5c05a6c436be87205ad,b95b95002cc603d8b4aec4836d1edc6b1f129efb,4,0.75
be883a236a4ab23684295e4c78e8664219851e0a,interior_details_103_4,lo_poly_animal_ELE_AS1,6c726f0ba025cab6490df5c05a6c436be87205ad,41313a938cb781cbd60a6870530e116a9d98e48c,5,0.2
be883a236a4ab23684295e4c78e8664219851e0a,interior_details_103_4,lo_poly_animal_RHINO_2,6c726f0ba025cab6490df5c05a6c436be87205ad,b87e834ba5e263774477edc6fc956070795ab1b6,11,0.7272727272727273
be883a236a4ab23684295e4c78e8664219851e0a,interior_details_103_4,lo_poly_animal_TRANTULA,6c726f0ba025cab6490df5c05a6c436be87205ad,8f14ff8cf138e89d90211a7811968af08d4d7098,10,0.5
be883a236a4ab23684295e4c78e8664219851e0a,interior_details_103_4,weimaraner,6c726f0ba025cab6490df5c05a6c436be87205ad,4f263a161cdd009ff7f9aa88ed9be2b852772142,12,0.5833333333333334
be883a236a4ab23684295e4c78e8664219851e0a,interior_details_103_4,womens_shorts_01M,6c726f0ba025cab6490df5c05a6c436be87205ad,66c09717173c555eced9e7a167f405b7d08ab18f,18,0.8888888888888888
be883a236a4ab23684295e4c78e8664219851e0a,interior_details_103_4,womens_stockings_01M,6c726f0ba025cab6490df5c05a6c436be87205ad,7ed95b3ba88443ed63f25ffe0b5fb52d78dab676,9,0.4444444444444444
be883a236a4ab23684295e4c78e8664219851e0a,interior_details_103_4,zebra,6c726f0ba025cab6490df5c05a6c436be87205ad,21afbd503b5d4f9c399c4a66baef6bd6e894715f,9,0.2222222222222222
bfa1b4adc373cb260a2dc40ac89a7d3aa7b46c06,interior_details_130_2,22_acoustic_guitar,f730e2fab41495e73bf0e665266a51a692d1ca54,b17c9b116f73af5e54e294b1362187bb666a1737,15,0.9333333333333333
bfa1b4adc373cb260a2dc40ac89a7d3aa7b46c06,interior_details_130_2,Hanger_02,f730e2fab41495e73bf0e665266a51a692d1ca54,2ef7b8f76464ac15cea9c2eaf23bfb992cfa8a20,17,0.6470588235294118
bfa1b4adc373cb260a2dc40ac89a7d3aa7b46c06,interior_details_130_2,MB27346,f730e2fab41495e73bf0e665266a51a692d1ca54,f3b1fb66463bf84b593dad9fd1028aa8db6f3720,20,0.55
bfa1b4adc373cb260a2dc40ac89a7d3aa7b46c06,interior_details_130_2,MB28699,f730e2fab41495e73bf0e665266a51a692d1ca54,ee36e4d66958199793add93da479822f4d1164e6,17,0.8235294117647058
bfa1b4adc373cb260a2dc40ac89a7d3aa7b46c06,interior_details_130_2,MB29874,f730e2fab41495e73bf0e665266a51a692d1ca54,7cc042e01ac7e57de362ae777017d3e1b727c9f0,5,1.0
bfa1b4adc373cb260a2dc40ac89a7d3aa7b46c06,interior_details_130_2,MB30203,f730e2fab41495e73bf0e665266a51a692d1ca54,e6e0c7209f8a7908c49f803651f7382e3a2e75c5,15,0.5333333333333333
bfa1b4adc373cb260a2dc40ac89a7d3aa7b46c06,interior_details_130_2,MB30758,f730e2fab41495e73bf0e665266a51a692d1ca54,61c2291042151124f703bb567c32ab30fda22360,11,0.7272727272727273
bfa1b4adc373cb260a2dc40ac89a7d3aa7b46c06,interior_details_130_2,antique_furniture_item_18,f730e2fab41495e73bf0e665266a51a692d1ca54,bad9c53885fbc5be5a358b2ae742704b9f280dfa,9,0.8888888888888888
bfa1b4adc373cb260a2dc40ac89a7d3aa7b46c06,interior_details_130_2,build51,f730e2fab41495e73bf0e665266a51a692d1ca54,c6a67bcc6433546d8ede05ca6b05e089509d27ed,13,1.0
bfa1b4adc373cb260a2dc40ac89a7d3aa7b46c06,interior_details_130_2,calc01,f730e2fab41495e73bf0e665266a51a692d1ca54,1858def1a1ecf0e1de87fdbb649b8586cd9210fb,8,0.75
bfa1b4adc373cb260a2dc40ac89a7d3aa7b46c06,interior_details_130_2,dromedary,f730e2fab41495e73bf0e665266a51a692d1ca54,d47c3fb53513386e01d13c19f771ca5eb0f7da90,10,0.9
bfa1b4adc373cb260a2dc40ac89a7d3aa7b46c06,interior_details_130_2,flarenut_spanner,f730e2fab41495e73bf0e665266a51a692d1ca54,3b87ec5ffc07c08a35116928a8b6ffb64390e0a4,17,0.7647058823529411
bfa1b4adc373cb260a2dc40ac89a7d3aa7b46c06,interior_details_130_2,interior_details_103_4,f730e2fab41495e73bf0e665266a51a692d1ca54,6c726f0ba025cab6490df5c05a6c436be87205ad,10,1.0
bfa1b4adc373cb260a2dc40ac89a7d3aa7b46c06,interior_details_130_2,kitchen_equipment_knife2,f730e2fab41495e73bf0e665266a51a692d1ca54,4c406e5b2db8e63397199570ff59e65caeca5775,5,0.8
bfa1b4adc373cb260a2dc40ac89a7d3aa7b46c06,interior_details_130_2,lo_poly_animal_BEAR_BLK,f730e2fab41495e73bf0e665266a51a692d1ca54,3c6c194cc864f2a655446efa548eef153a393618,19,1.0
bfa1b4adc373cb260a2dc40ac89a7d3aa7b46c06,interior_details_130_2,lo_poly_animal_CHICKDEE,f730e2fab41495e73bf0e665266a51a692d1ca54,b95b95002cc603d8b4aec4836d1edc6b1f129efb,10,0.9
bfa1b4adc373cb260a2dc40ac89a7d3aa7b46c06,interior_details_130_2,lo_poly_animal_ELE_AS1,f730e2fab41495e73bf0e665266a51a692d1ca54,41313a938cb781cbd60a6870530e116a9d98e48c,9,0.7777777777777778
bfa1b4adc373cb260a2dc40ac89a7d3aa7b46c06,interior_details_130_2,lo_poly_animal_RHINO_2,f730e2fab41495e73bf0e665266a51a692d1ca54,b87e834ba5e263774477edc6fc956070795ab1b6,12,0.75
bfa1b4adc373cb260a2dc40ac89a7d3aa7b46c06,interior_details_130_2,lo_poly_animal_TRANTULA,f730e2fab41495e73bf0e665266a51a692d1ca54,8f14ff8cf138e89d90211a7811968af08d4d7098,13,0.9230769230769231
bfa1b4adc373cb260a2dc40ac89a7d3aa7b46c06,interior_details_130_2,weimaraner,f730e2fab41495e73bf0e665266a51a692d1ca54,4f263a161cdd009ff7f9aa88ed9be2b852772142,21,0.8095238095238095
bfa1b4adc373cb260a2dc40ac89a7d3aa7b46c06,interior_details_130_2,womens_shorts_01M,f730e2fab41495e73bf0e665266a51a692d1ca54,66c09717173c555eced9e7a167f405b7d08ab18f,4,1.0
bfa1b4adc373cb260a2dc40ac89a7d3aa7b46c06,interior_details_130_2,womens_stockings_01M,f730e2fab41495e73bf0e665266a51a692d1ca54,7ed95b3ba88443ed63f25ffe0b5fb52d78dab676,17,0.8235294117647058
bfa1b4adc373cb260a2dc40ac89a7d3aa7b46c06,interior_details_130_2,zebra,f730e2fab41495e73bf0e665266a51a692d1ca54,21afbd503b5d4f9c399c4a66baef6bd6e894715f,17,0.8823529411764706
c14accb3e98113e43babac8092b8d21dce1143dc,kitchen_equipment_knife2,22_acoustic_guitar,4c406e5b2db8e63397199570ff59e65caeca5775,b17c9b116f73af5e54e294b1362187bb666a1737,16,0.25
c14accb3e98113e43babac8092b8d21dce1143dc,kitchen_equipment_knife2,Hanger_02,4c406e5b2db8e63397199570ff59e65caeca5775,2ef7b8f76464ac15cea9c2eaf23bfb992cfa8a20,7,0.42857142857142855
c14accb3e98113e43babac8092b8d21dce1143dc,kitchen_equipment_knife2,MB27346,4c406e5b2db8e63397199570ff59e65caeca5775,f3b1fb66463bf84b593dad9fd1028aa8db6f3720,10,0.6
c14accb3e98113e43babac8092b8d21dce1143dc,kitchen_equipment_knife2,MB29874,4c406e5b2db8e63397199570ff59e65caeca5775,7cc042e01ac7e57de362ae777017d3e1b727c9f0,11,0.18181818181818182
c14accb3e98113e43babac8092b8d21dce1143dc,kitchen_equipment_knife2,MB30203,4c406e5b2db8e63397199570ff59e65caeca5775,e6e0c7209f8a7908c49f803651f7382e3a2e75c5,4,1.0
c14accb3e98113e43babac8092b8d21dce1143dc,kitchen_equipment_knife2,MB30758,4c406e5b2db8e63397199570ff59e65caeca5775,61c2291042151124f703bb567c32ab30fda22360,5,0.2
c14accb3e98113e43babac8092b8d21dce1143dc,kitchen_equipment_knife2,antique_furniture_item_18,4c406e5b2db8e63397199570ff59e65caeca5775,bad9c53885fbc5be5a358b2ae742704b9f280dfa,11,0.2727272727272727
c14accb3e98113e43babac8092b8d21dce1143dc,kitchen_equipment_knife2,build51,4c406e5b2db8e63397199570ff59e65caeca5775,c6a67bcc6433546d8ede05ca6b05e089509d27ed,7,0.5714285714285714
c14accb3e98113e43babac8092b8d21dce1143dc,kitchen_equipment_knife2,calc01,4c406e5b2db8e63397199570ff59e65caeca5775,1858def1a1ecf0e1de87fdbb649b8586cd9210fb,7,0.2857142857142857
c14accb3e98113e43babac8092b8d21dce1143dc,kitchen_equipment_knife2,dromedary,4c406e5b2db8e63397199570ff59e65caeca5775,d47c3fb53513386e01d13c19f771ca5eb0f7da90,6,0.5
c14accb3e98113e43babac8092b8d21dce1143dc,kitchen_equipment_knife2,interior_details_103_4,4c406e5b2db8e63397199570ff59e65caeca5775,6c726f0ba025cab6490df5c05a6c436be87205ad,5,0.8
c14accb3e98113e43babac8092b8d21dce1143dc,kitchen_equipment_knife2,interior_details_130_2,4c406e5b2db8e63397199570ff59e65caeca5775,f730e2fab41495e73bf0e665266a51a692d1ca54,10,0.6
c14accb3e98113e43babac8092b8d21dce1143dc,kitchen_equipment_knife2,lo_poly_animal_BEAR_BLK,4c406e5b2db8e63397199570ff59e65caeca5775,3c6c194cc864f2a655446efa548eef153a393618,8,0.625
c14accb3e98113e43babac8092b8d21dce1143dc,kitchen_equipment_knife2,lo_poly_animal_CHICKDEE,4c406e5b2db8e63397199570ff59e65caeca5775,b95b95002cc603d8b4aec4836d1edc6b1f129efb,9,0.3333333333333333
c14accb3e98113e43babac8092b8d21dce1143dc,kitchen_equipment_knife2,lo_poly_animal_ELE_AS1,4c406e5b2db8e63397199570ff59e65caeca5775,41313a938cb781cbd60a6870530e116a9d98e48c,14,0.42857142857142855
c14accb3e98113e43babac8092b8d21dce1143dc,kitchen_equipment_knife2,lo_poly_animal_RHINO_2,4c406e5b2db8e63397199570ff59e65caeca5775,b87e834ba5e263774477edc6fc956070795ab1b6,8,0.5
c14accb3e98113e43babac8092b8d21dce1143dc,kitchen_equipment_knife2,lo_poly_animal_TRANTULA,4c406e5b2db8e63397199570ff59e65caeca5775,8f14ff8cf138e89d90211a7811968af08d4d7098,5,0.8
c14accb3e98113e43babac8092b8d21dce1143dc,kitchen_equipment_knife2,weimaraner,4c406e5b2db8e63397199570ff59e65caeca5775,4f263a161cdd009ff7f9aa88ed9be2b852772142,11,0.6363636363636364
c14accb3e98113e43babac8092b8d21dce1143dc,kitchen_equipment_knife2,womens_shorts_01M,4c406e5b2db8e63397199570ff59e65caeca5775,66c09717173c555eced9e7a167f405b7d08ab18f,17,0.5294117647058824
c14accb3e98113e43babac8092b8d21dce1143dc,kitchen_equipment_knife2,zebra,4c406e5b2db8e63397199570ff59e65caeca5775,21afbd503b5d4f9c399c4a66baef6bd6e894715f,8,0.5
c22b1e9cd2956c3069851660879ae630026f4b7c,lo_poly_animal_RHINO_2,22_acoustic_guitar,b87e834ba5e263774477edc6fc956070795ab1b6,b17c9b116f73af5e54e294b1362187bb666a1737,5,0.6
c22b1e9cd2956c3069851660879ae630026f4b7c,lo_poly_animal_RHINO_2,Hanger_02,b87e834ba5e263774477edc6fc956070795ab1b6,2ef7b8f76464ac15cea9c2eaf23bfb992cfa8a20,18,0.8888888888888888
c22b1e9cd2956c3069851660879ae630026f4b7c,lo_poly_animal_RHINO_2,MB27346,b87e834ba5e263774477edc6fc956070795ab1b6,f3b1fb66463bf84b593dad9fd1028aa8db6f3720,11,0.8181818181818182
c22b1e9cd2956c3069851660879ae630026f4b7c,lo_poly_animal_RHINO_2,MB28699,b87e834ba5e263774477edc6fc956070795ab1b6,ee36e4d66958199793add93da479822f4d1164e6,11,0.8181818181818182
c22b1e9cd2956c3069851660879ae630026f4b7c,lo_poly_animal_RHINO_2,MB29874,b87e834ba5e263774477edc6fc956070795ab1b6,7cc042e01ac7e57de362ae777017d3e1b727c9f0,15,0.6
c22b1e9cd2956c3069851660879ae630026f4b7c,lo_poly_animal_RHINO_2,MB30203,b87e834ba5e263774477edc6fc956070795ab1b6,e6e0c7209f8a7908c49f803651f7382e3a2e75c5,8,0.5
c22b1e9cd2956c3069851660879ae630026f4b7c,lo_poly_animal_RHINO_2,MB30758,b87e834ba5e263774477edc6fc956070795ab1b6,61c2291042151124f703bb567c32ab30fda22360,12,0.75
c22b1e9cd2956c3069851660879ae630026f4b7c,lo_poly_animal_RHINO_2,antique_furniture_item_18,b87e834ba5e263774477edc6fc956070795ab1b6,bad9c53885fbc5be5a358b2ae742704b9f280dfa,10,0.9
c22b1e9cd2956c3069851660879ae630026f4b7c,lo_poly_animal_RHINO_2,build51,b87e834ba5e263774477edc6fc956070795ab1b6,c6a67bcc6433546d8ede05ca6b05e089509d27ed,20,0.85
c22b1e9cd2956c3069851660879ae630026f4b7c,lo_poly_animal_RHINO_2,calc01,b87e834ba5e263774477edc6fc956070795ab1b6,1858def1a1ecf0e1de87fdbb649b8586cd9210fb,6,0.6666666666666666
c22b1e9cd2956c3069851660879ae630026f4b7c,lo_poly_animal_RHINO_2,dromedary,b87e834ba5e263774477edc6fc956070795ab1b6,d47c3fb53513386e01d13c19f771ca5eb0f7da90,17,0.7647058823529411
c22b1e9cd2956c3069851660879ae630026f4b7c,lo_poly_animal_RHINO_2,flarenut_spanner,b87e834ba5e263774477edc6fc956070795ab1b6,3b87ec5ffc07c08a35116928a8b6ffb64390e0a4,10,0.7
c22b1e9cd2956c3069851660879ae630026f4b7c,lo_poly_animal_RHINO_2,interior_details_103_4,b87e834ba5e263774477edc6fc956070795ab1b6,6c726f0ba025cab6490df5c05a6c436be87205ad,21,0.8571428571428571
c22b1e9cd2956c3069851660879ae630026f4b7c,lo_poly_animal_RHINO_2,interior_details_130_2,b87e834ba5e263774477edc6fc956070795ab1b6,f730e2fab41495e73bf0e665266a51a692d1ca54,8,1.0
c22b1e9cd2956c3069851660879ae630026f4b7c,lo_poly_animal_RHINO_2,kitchen_equipment_knife2,b87e834ba5e263774477edc6fc956070795ab1b6,4c406e5b2db8e63397199570ff59e65caeca5775,4,1.0
c22b1e9cd2956c3069851660879ae630026f4b7c,lo_poly_animal_RHINO_2,lo_poly_animal_BEAR_BLK,b87e834ba5e263774477edc6fc956070795ab1b6,3c6c194cc864f2a655446efa548eef153a393618,4,0.75
c22b1e9cd2956c3069851660879ae630026f4b7c,lo_poly_animal_RHINO_2,lo_poly_animal_CHICKDEE,b87e834ba5e263774477edc6fc956070795ab1b6,b95b95002cc603d8b4aec4836d1edc6b1f129efb,10,1.0
c22b1e9cd2956c3069851660879ae630026f4b7c,lo_poly_animal_RHINO_2,lo_poly_animal_ELE_AS1,b87e834ba5e263774477edc6fc956070795ab1b6,41313a938cb781cbd60a6870530e116a9d98e48c,20,0.6
c22b1e9cd2956c3069851660879ae630026f4b7c,lo_poly_animal_RHINO_2,lo_poly_animal_TRANTULA,b87e834ba5e263774477edc6fc956070795ab1b6,8f14ff8cf138e89d90211a7811968af08d4d7098,11,0.7272727272727273
c22b1e9cd2956c3069851660879ae630026f4b7c,lo_poly_animal_RHINO_2,weimaraner,b87e834ba5e263774477edc6fc956070795ab1b6,4f263a161cdd009ff7f9aa88ed9be2b852772142,8,0.75
c22b1e9cd2956c3069851660879ae630026f4b7c,lo_poly_animal_RHINO_2,womens_shorts_01M,b87e834ba5e263774477edc6fc956070795ab1b6,66c09717173c555eced9e7a167f405b7d08ab18f,7,0.8571428571428571
c22b1e9cd2956c3069851660879ae630026f4b7c,lo_poly_animal_RHINO_2,womens_stockings_01M,b87e834ba5e263774477edc6fc956070795ab1b6,7ed95b3ba88443ed63f25ffe0b5fb52d78dab676,29,0.9655172413793104
c22b1e9cd2956c3069851660879ae630026f4b7c,lo_poly_animal_RHINO_2,zebra,b87e834ba5e263774477edc6fc956070795ab1b6,21afbd503b5d4f9c399c4a66baef6bd6e894715f,6,0.6666666666666666
c28be4febe50feb046dea8926e5b3267c8186c6f,MB30203,22_acoustic_guitar,e6e0c7209f8a7908c49f803651f7382e3a2e75c5,b17c9b116f73af5e54e294b1362187bb666a1737,6,1.0
c28be4febe50feb046dea8926e5b3267c8186c6f,MB30203,Hanger_02,e6e0c7209f8a7908c49f803651f7382e3a2e75c5,2ef7b8f76464ac15cea9c2eaf23bfb992cfa8a20,11,1.0
c28be4febe50feb046dea8926e5b3267c8186c6f,MB30203,MB27346,e6e0c7209f8a7908c49f803651f7382e3a2e75c5,f3b1fb66463bf84b593dad9fd1028aa8db6f3720,8,1.0
c28be4febe50feb046dea8926e5b3267c8186c6f,MB30203,MB28699,e6e0c7209f8a7908c49f803651f7382e3a2e75c5,ee36e4d66958199793add93da479822f4d1164e6,15,1.0
c28be4febe50feb046dea8926e5b3267c8186c6f,MB30203,MB30758,e6e0c7209f8a7908c49f803651f7382e3a2e75c5,61c2291042151124f703bb567c32ab30fda22360,5,0.8
c28be4febe50feb046dea8926e5b3267c8186c6f,MB30203,antique_furniture_item_18,e6e0c7209f8a7908c49f803651f7382e3a2e75c5,bad9c53885fbc5be5a358b2ae742704b9f280dfa,15,1.0
c28be4febe50feb046dea8926e5b3267c8186c6f,MB30203,calc01,e6e0c7209f8a7908c49f803651f7382e3a2e75c5,1858def1a1ecf0e1de87fdbb649b8586cd9210fb,19,1.0
c28be4febe50feb046dea8926e5b3267c8186c6f,MB30203,flarenut_spanner,e6e0c7209f8a7908c49f803651f7382e3a2e75c5,3b87ec5ffc07c08a35116928a8b6ffb64390e0a4,5,1.0
c28be4febe50feb046dea8926e5b3267c8186c6f,MB30203,interior_details_103_4,e6e0c7209f8a7908c49f803651f7382e3a2e75c5,6c726f0ba025cab6490df5c05a6c436be87205ad,16,1.0
c28be4febe50feb046dea8926e5b3267c8186c6f,MB30203,interior_details_130_2,e6e0c7209f8a7908c49f803651f7382e3a2e75c5,f730e2fab41495e73bf0e665266a51a692d1ca54,5,1.0
c28be4febe50feb046dea8926e5b3267c8186c6f,MB30203,kitchen_equipment_knife2,e6e0c7209f8a7908c49f803651f7382e3a2e75c5,4c406e5b2db8e63397199570ff59e65caeca5775,6,0.8333333333333334
c28be4febe50feb046dea8926e5b3267c8186c6f,MB30203,lo_poly_animal_BEAR_BLK,e6e0c7209f8a7908c49f803651f7382e3a2e75c5,3c6c194cc864f2a655446efa548eef153a393618,13,1.0
c28be4febe50feb046dea8926e5b3267c8186c6f,MB30203,lo_poly_animal_ELE_AS1,e6e0c7209f8a7908c49f803651f7382e3a2e75c5,41313a938cb781cbd60a6870530e116a9d98e48c,6,1.0
c28be4febe50feb046dea8926e5b3267c8186c6f,MB30203,lo_poly_animal_RHINO_2,e6e0c7209f8a7908c49f803651f7382e3a2e75c5,b87e834ba5e263774477edc6fc956070795ab1b6,8,1.0
c28be4febe50feb046dea8926e5b3267c8186c6f,MB30203,lo_poly_animal_TRANTULA,e6e0c7209f8a7908c49f803651f7382e3a2e75c5,8f14ff8cf138e89d90211a7811968af08d4d7098,20,1.0
c28be4febe50feb046dea8926e5b3267c8186c6f,MB30203,weimaraner,e6e0c7209f8a7908c49f803651f7382e3a2e75c5,4f263a161cdd009ff7f9aa88ed9be2b852772142,4,1.0
c28be4febe50feb046dea8926e5b3267c8186c6f,MB30203,womens_shorts_01M,e6e0c7209f8a7908c49f803651f7382e3a2e75c5,66c09717173c555eced9e7a167f405b7d08ab18f,8,1.0
c28be4febe50feb046dea8926e5b3267c8186c6f,MB30203,womens_stockings_01M,e6e0c7209f8a7908c49f803651f7382e3a2e75c5,7ed95b3ba88443ed63f25ffe0b5fb52d78dab676,14,1.0
c28be4febe50feb046dea8926e5b3267c8186c6f,MB30203,zebra,e6e0c7209f8a7908c49f803651f7382e3a2e75c5,21afbd503b5d4f9c399c4a66baef6bd6e894715f,8,1.0
c2c0f3453c5ce32ff9fab2c3dbe8154dc548a198,MB27346,22_acoustic_guitar,f3b1fb66463bf84b593dad9fd1028aa8db6f3720,b17c9b116f73af5e54e294b1362187bb666a1737,16,0.5625
c2c0f3453c5ce32ff9fab2c3dbe8154dc548a198,MB27346,Hanger_02,f3b1fb66463bf84b593dad9fd1028aa8db6f3720,2ef7b8f76464ac15cea9c2eaf23bfb992cfa8a20,22,0.8636363636363636
c2c0f3453c5ce32ff9fab2c3dbe8154dc548a198,MB27346,MB28699,f3b1fb66463bf84b593dad9fd1028aa8db6f3720,ee36e4d66958199793add93da479822f4d1164e6,11,0.6363636363636364
c2c0f3453c5ce32ff9fab2c3dbe8154dc548a198,MB27346,MB29874,f3b1fb66463bf84b593dad9fd1028aa8db6f3720,7cc042e01ac7e57de362ae777017d3e1b727c9f0,8,0.25
c2c0f3453c5ce32ff9fab2c3dbe8154dc548a198,MB27346,MB30203,f3b1fb66463bf84b593dad9fd1028aa8db6f3720,e6e0c7209f8a7908c49f803651f7382e3a2e75c5,17,0.7647058823529411
c2c0f3453c5ce32ff9fab2c3dbe8154dc548a198,MB27346,MB30758,f3b1fb66463bf84b593dad9fd1028aa8db6f3720,61c2291042151124f703bb567c32ab30fda22360,18,0.16666666666666666
c2c0f3453c5ce32ff9fab2c3dbe8154dc548a198,MB27346,antique_furniture_item_18,f3b1fb66463bf84b593dad9fd1028aa8db6f3720,bad9c53885fbc5be5a358b2ae742704b9f280dfa,31,0.967741935483871
c2c0f3453c5ce32ff9fab2c3dbe8154dc548a198,MB27346,build51,f3b1fb66463bf84b593dad9fd1028aa8db6f3720,c6a67bcc6433546d8ede05ca6b05e089509d27ed,16,0.9375
c2c0f3453c5ce32ff9fab2c3dbe8154dc548a198,MB27346,calc01,f3b1fb66463bf84b593dad9fd1028aa8db6f3720,1858def1a1ecf0e1de87fdbb649b8586cd9210fb,11,1.0
c2c0f3453c5ce32ff9fab2c3dbe8154dc548a198,MB27346,dromedary,f3b1fb66463bf84b593dad9fd1028aa8db6f3720,d47c3fb53513386e01d13c19f771ca5eb0f7da90,21,0.7619047619047619
c2c0f3453c5ce32ff9fab2c3dbe8154dc548a198,MB27346,flarenut_spanner,f3b1fb66463bf84b593dad9fd1028aa8db6f3720,3b87ec5ffc07c08a35116928a8b6ffb64390e0a4,14,0.7142857142857143
c2c0f3453c5ce32ff9fab2c3dbe8154dc548a198,MB27346,interior_details_103_4,f3b1fb66463bf84b593dad9fd1028aa8db6f3720,6c726f0ba025cab6490df5c05a6c436be87205ad,7,1.0
c2c0f3453c5ce32ff9fab2c3dbe8154dc548a198,MB27346,interior_details_130_2,f3b1fb66463bf84b593dad9fd1028aa8db6f3720,f730e2fab41495e73bf0e665266a51a692d1ca54,16,0.8125
c2c0f3453c5ce32ff9fab2c3dbe8154dc548a198,MB27346,kitchen_equipment_knife2,f3b1fb66463bf84b593dad9fd1028aa8db6f3720,4c406e5b2db8e63397199570ff59e65caeca5775,22,0.6818181818181818
c2c0f3453c5ce32ff9fab2c3dbe8154dc548a198,MB27346,lo_poly_animal_BEAR_BLK,f3b1fb66463bf84b593dad9fd1028aa8db6f3720,3c6c194cc864f2a655446efa548eef153a393618,19,0.9473684210526315
c2c0f3453c5ce32ff9fab2c3dbe8154dc548a198,MB27346,lo_poly_animal_CHICKDEE,f3b1fb66463bf84b593dad9fd1028aa8db6f3720,b95b95002cc603d8b4aec4836d1edc6b1f129efb,10,0.7
c2c0f3453c5ce32ff9fab2c3dbe8154dc548a198,MB27346,lo_poly_animal_ELE_AS1,f3b1fb66463bf84b593dad9fd1028aa8db6f3720,41313a938cb781cbd60a6870530e116a9d98e48c,20,0.9
c2c0f3453c5ce32ff9fab2c3dbe8154dc548a198,MB27346,lo_poly_animal_RHINO_2,f3b1fb66463bf84b593dad9fd1028aa8db6f3720,b87e834ba5e263774477edc6fc956070795ab1b6,10,0.8
c2c0f3453c5ce32ff9fab2c3dbe8154dc548a198,MB27346,lo_poly_animal_TRANTULA,f3b1fb66463bf84b593dad9fd1028aa8db6f3720,8f14ff8cf138e89d90211a7811968af08d4d7098,25,0.52
c2c0f3453c5ce32ff9fab2c3dbe8154dc548a198,MB27346,weimaraner,f3b1fb66463bf84b593dad9fd1028aa8db6f3720,4f263a161cdd009ff7f9aa88ed9be2b852772142,13,0.7692307692307693
c2c0f3453c5ce32ff9fab2c3dbe8154dc548a198,MB27346,womens_shorts_01M,f3b1fb66463bf84b593dad9fd1028aa8db6f3720,66c09717173c555eced9e7a167f405b7d08ab18f,17,0.9411764705882353
c2c0f3453c5ce32ff9fab2c3dbe8154dc548a198,MB27346,womens_stockings_01M,f3b1fb66463bf84b593dad9fd1028aa8db6f3720,7ed95b3ba88443ed63f25ffe0b5fb52d78dab676,15,1.0
c2c0f3453c5ce32ff9fab2c3dbe8154dc548a198,MB27346,zebra,f3b1fb66463bf84b593dad9fd1028aa8db6f3720,21afbd503b5d4f9c399c4a66baef6bd6e894715f,13,0.6153846153846154
c2ef0957385768a46a2eb8d62e4c61dbc7badcf2,weimaraner,Hanger_02,4f263a161cdd009ff7f9aa88ed9be2b852772142,2ef7b8f76464ac15cea9c2eaf23bfb992cfa8a20,8,1.0
c2ef0957385768a46a2eb8d62e4c61dbc7badcf2,weimaraner,MB27346,4f263a161cdd009ff7f9aa88ed9be2b852772142,f3b1fb66463bf84b593dad9fd1028aa8db6f3720,8,1.0
c2ef0957385768a46a2eb8d62e4c61dbc7badcf2,weimaraner,MB28699,4f263a161cdd009ff7f9aa88ed9be2b852772142,ee36e4d66958199793add93da479822f4d1164e6,11,1.0
c2ef0957385768a46a2eb8d62e4c61dbc7badcf2,weimaraner,MB29874,4f263a161cdd009ff7f9aa88ed9be2b852772142,7cc042e01ac7e57de362ae777017d3e1b727c9f0,15,1.0
c2ef0957385768a46a2eb8d62e4c61dbc7badcf2,weimaraner,MB30203,4f263a161cdd009ff7f9aa88ed9be2b852772142,e6e0c7209f8a7908c49f803651f7382e3a2e75c5,15,0.9333333333333333
c2ef0957385768a46a2eb8d62e4c61dbc7badcf2,weimaraner,MB30758,4f263a161cdd009ff7f9aa88ed9be2b852772142,61c2291042151124f703bb567c32ab30fda22360,6,1.0
c2ef0957385768a46a2eb8d62e4c61dbc7badcf2,weimaraner,antique_furniture_item_18,4f263a161cdd009ff7f9aa88ed9be2b852772142,bad9c53885fbc5be5a358b2ae742704b9f280dfa,8,1.0
c2ef0957385768a46a2eb8d62e4c61dbc7badcf2,weimaraner,build51,4f263a161cdd009ff7f9aa88ed9be2b852772142,c6a67bcc6433546d8ede05ca6b05e089509d27ed,7,0.8571428571428571
c2ef0957385768a46a2eb8d62e4c61dbc7badcf2,weimaraner,calc01,4f263a161cdd009ff7f9aa88ed9be2b852772142,1858def1a1ecf0e1de87fdbb649b8586cd9210fb,10,1.0
c2ef0957385768a46a2eb8d62e4c61dbc7badcf2,weimaraner,dromedary,4f263a161cdd009ff7f9aa88ed9be2b852772142,d47c3fb53513386e01d13c19f771ca5eb0f7da90,8,0.625
c2ef0957385768a46a2eb8d62e4c61dbc7badcf2,weimaraner,flarenut_spanner,4f263a161cdd009ff7f9aa88ed9be2b852772142,3b87ec5ffc07c08a35116928a8b6ffb64390e0a4,7,1.0
c2ef0957385768a46a2eb8d62e4c61dbc7badcf2,weimaraner,interior_details_103_4,4f263a161cdd009ff7f9aa88ed9be2b852772142,6c726f0ba025cab6490df5c05a6c436be87205ad,9,1.0
c2ef0957385768a46a2eb8d62e4c61dbc7badcf2,weimaraner,interior_details_130_2,4f263a161cdd009ff7f9aa88ed9be2b852772142,f730e2fab41495e73bf0e665266a51a692d1ca54,12,0.9166666666666666
c2ef0957385768a46a2eb8d62e4c61dbc7badcf2,weimaraner,kitchen_equipment_knife2,4f263a161cdd009ff7f9aa88ed9be2b852772142,4c406e5b2db8e63397199570ff59e65caeca5775,6,1.0
c2ef0957385768a46a2eb8d62e4c61dbc7badcf2,weimaraner,lo_poly_animal_BEAR_BLK,4f263a161cdd009ff7f9aa88ed9be2b852772142,3c6c194cc864f2a655446efa548eef153a393618,12,1.0
c2ef0957385768a46a2eb8d62e4c61dbc7badcf2,weimaraner,lo_poly_animal_CHICKDEE,4f263a161cdd009ff7f9aa88ed9be2b852772142,b95b95002cc603d8b4aec4836d1edc6b1f129efb,4,1.0
c2ef0957385768a46a2eb8d62e4c61dbc7badcf2,weimaraner,lo_poly_animal_ELE_AS1,4f263a161cdd009ff7f9aa88ed9be2b852772142,41313a938cb781cbd60a6870530e116a9d98e48c,5,1.0
c2ef0957385768a46a2eb8d62e4c61dbc7badcf2,weimaraner,lo_poly_animal_RHINO_2,4f263a161cdd009ff7f9aa88ed9be2b852772142,b87e834ba5e263774477edc6fc956070795ab1b6,8,1.0
c2ef0957385768a46a2eb8d62e4c61dbc7badcf2,weimaraner,lo_poly_animal_TRANTULA,4f263a161cdd009ff7f9aa88ed9be2b852772142,8f14ff8cf138e89d90211a7811968af08d4d7098,9,0.8888888888888888
c2ef0957385768a46a2eb8d62e4c61dbc7badcf2,weimaraner,womens_stockings_01M,4f263a161cdd009ff7f9aa88ed9be2b852772142,7ed95b3ba88443ed63f25ffe0b5fb52d78dab676,19,1.0
c2ef0957385768a46a2eb8d62e4c61dbc7badcf2,weimaraner,zebra,4f263a161cdd009ff7f9aa88ed9be2b852772142,21afbd503b5d4f9c399c4a66baef6bd6e894715f,7,1.0
c3780bede39e1700f2ca253eff96cf4d0233e364,lo_poly_animal_RHINO_2,22_acoustic_guitar,b87e834ba5e263774477edc6fc956070795ab1b6,b17c9b116f73af5e54e294b1362187bb666a1737,16,0.9375
c3780bede39e1700f2ca253eff96cf4d0233e364,lo_poly_animal_RHINO_2,Hanger_02,b87e834ba5e263774477edc6fc956070795ab1b6,2ef7b8f76464ac15cea9c2eaf23bfb992cfa8a20,19,0.8947368421052632
c3780bede39e1700f2ca253eff96cf4d0233e364,lo_poly_animal_RHINO_2,MB27346,b87e834ba5e263774477edc6fc956070795ab1b6,f3b1fb66463bf84b593dad9fd1028aa8db6f3720,24,0.9583333333333334
c3780bede39e1700f2ca253eff96cf4d0233e364,lo_poly_animal_RHINO_2,MB28699,b87e834ba5e263774477edc6fc956070795ab1b6,ee36e4d66958199793add93da479822f4d1164e6,5,1.0
c3780bede39e1700f2ca253eff96cf4d0233e364,lo_poly_animal_RHINO_2,MB29874,b87e834ba5e263774477edc6fc956070795ab1b6,7cc042e01ac7e57de362ae777017d3e1b727c9f0,23,0.8260869565217391
c3780bede39e1700f2ca253eff96cf4d0233e364,lo_poly_animal_RHINO_2,MB30203,b87e834ba5e263774477edc6fc956070795ab1b6,e6e0c7209f8a7908c49f803651f7382e3a2e75c5,11,1.0
c3780bede39e1700f2ca253eff96cf4d0233e364,lo_poly_animal_RHINO_2,MB30758,b87e834ba5e263774477edc6fc956070795ab1b6,61c2291042151124f703bb567c32ab30fda22360,27,0.8518518518518519
c3780bede39e1700f2ca253eff96cf4d0233e364,lo_poly_animal_RHINO_2,antique_furniture_item_18,b87e834ba5e263774477edc6fc956070795ab1b6,bad9c53885fbc5be5a358b2ae742704b9f280dfa,26,0.9615384615384616
c3780bede39e1700f2ca253eff96cf4d0233e364,lo_poly_animal_RHINO_2,build51,b87e834ba5e263774477edc6fc956070795ab1b6,c6a67bcc6433546d8ede05ca6b05e089509d27ed,18,1.0
c3780bede39e1700f2ca253eff96cf4d0233e364,lo_poly_animal_RHINO_2,calc01,b87e834ba5e263774477edc6fc956070795ab1b6,1858def1a1ecf0e1de87fdbb649b8586cd9210fb,6,1.0
c3780bede39e1700f2ca253eff96cf4d0233e364,lo_poly_animal_RHINO_2,dromedary,b87e834ba5e263774477edc6fc956070795ab1b6,d47c3fb53513386e01d13c19f771ca5eb0f7da90,30,0.7666666666666667
c3780bede39e1700f2ca253eff96cf4d0233e364,lo_poly_animal_RHINO_2,flarenut_spanner,b87e834ba5e263774477edc6fc956070795ab1b6,3b87ec5ffc07c08a35116928a8b6ffb64390e0a4,26,1.0
c3780bede39e1700f2ca253eff96cf4d0233e364,lo_poly_animal_RHINO_2,interior_details_103_4,b87e834ba5e263774477edc6fc956070795ab1b6,6c726f0ba025cab6490df5c05a6c436be87205ad,20,0.95
c3780bede39e1700f2ca253eff96cf4d0233e364,lo_poly_animal_RHINO_2,interior_details_130_2,b87e834ba5e263774477edc6fc956070795ab1b6,f730e2fab41495e73bf0e665266a51a692d1ca54,15,1.0
c3780bede39e1700f2ca253eff96cf4d0233e364,lo_poly_animal_RHINO_2,kitchen_equipment_knife2,b87e834ba5e263774477edc6fc956070795ab1b6,4c406e5b2db8e63397199570ff59e65caeca5775,20,0.9
c3780bede39e1700f2ca253eff96cf4d0233e364,lo_poly_animal_RHINO_2,lo_poly_animal_BEAR_BLK,b87e834ba5e263774477edc6fc956070795ab1b6,3c6c194cc864f2a655446efa548eef153a393618,18,0.7222222222222222
c3780bede39e1700f2ca253eff96cf4d0233e364,lo_poly_animal_RHINO_2,lo_poly_animal_CHICKDEE,b87e834ba5e263774477edc6fc956070795ab1b6,b95b95002cc603d8b4aec4836d1edc6b1f129efb,15,0.8666666666666667
c3780bede39e1700f2ca253eff96cf4d0233e364,lo_poly_animal_RHINO_2,lo_poly_animal_ELE_AS1,b87e834ba5e263774477edc6fc956070795ab1b6,41313a938cb781cbd60a6870530e116a9d98e48c,24,0.625
c3780bede39e1700f2ca253eff96cf4d0233e364,lo_poly_animal_RHINO_2,lo_poly_animal_TRANTULA,b87e834ba5e263774477edc6fc956070795ab1b6,8f14ff8cf138e89d90211a7811968af08d4d7098,24,0.8333333333333334
c3780bede39e1700f2ca253eff96cf4d0233e364,lo_poly_animal_RHINO_2,weimaraner,b87e834ba5e263774477edc6fc956070795ab1b6,4f263a161cdd009ff7f9aa88ed9be2b852772142,15,0.4
c3780bede39e1700f2ca253eff96cf4d0233e364,lo_poly_animal_RHINO_2,womens_shorts_01M,b87e834ba5e263774477edc6fc956070795ab1b6,66c09717173c555eced9e7a167f405b7d08ab18f,10,1.0
c3780bede39e1700f2ca253eff96cf4d0233e364,lo_poly_animal_RHINO_2,womens_stockings_01M,b87e834ba5e263774477edc6fc956070795ab1b6,7ed95b3ba88443ed63f25ffe0b5fb52d78dab676,14,0.9285714285714286
c3780bede39e1700f2ca253eff96cf4d0233e364,lo_poly_animal_RHINO_2,zebra,b87e834ba5e263774477edc6fc956070795ab1b6,21afbd503b5d4f9c399c4a66baef6bd6e894715f,19,0.8421052631578947
c41f809597319ca71e37b2f4c028a556cdc05b30,calc01,22_acoustic_guitar,1858def1a1ecf0e1de87fdbb649b8586cd9210fb,b17c9b116f73af5e54e294b1362187bb666a1737,17,0.8235294117647058
c41f809597319ca71e37b2f4c028a556cdc05b30,calc01,MB27346,1858def1a1ecf0e1de87fdbb649b8586cd9210fb,f3b1fb66463bf84b593dad9fd1028aa8db6f3720,14,0.8571428571428571
c41f809597319ca71e37b2f4c028a556cdc05b30,calc01,MB28699,1858def1a1ecf0e1de87fdbb649b8586cd9210fb,ee36e4d66958199793add93da479822f4d1164e6,11,0.9090909090909091
c41f809597319ca71e37b2f4c028a556cdc05b30,calc01,MB29874,1858def1a1ecf0e1de87fdbb649b8586cd9210fb,7cc042e01ac7e57de362ae777017d3e1b727c9f0,8,1.0
c41f809597319ca71e37b2f4c028a556cdc05b30,calc01,MB30203,1858def1a1ecf0e1de87fdbb649b8586cd9210fb,e6e0c7209f8a7908c49f803651f7382e3a2e75c5,14,0.9285714285714286
c41f809597319ca71e37b2f4c028a556cdc05b30,calc01,MB30758,1858def1a1ecf0e1de87fdbb649b8586cd9210fb,61c2291042151124f703bb567c32ab30fda22360,5,0.8
c41f809597319ca71e37b2f4c028a556cdc05b30,calc01,antique_furniture_item_18,1858def1a1ecf0e1de87fdbb649b8586cd9210fb,bad9c53885fbc5be5a358b2ae742704b9f280dfa,8,0.875
c41f809597319ca71e37b2f4c028a556cdc05b30,calc01,build51,1858def1a1ecf0e1de87fdbb649b8586cd9210fb,c6a67bcc6433546d8ede05ca6b05e089509d27ed,8,1.0
c41f809597319ca71e37b2f4c028a556cdc05b30,calc01,dromedary,1858def1a1ecf0e1de87fdbb649b8586cd9210fb,d47c3fb53513386e01d13c19f771ca5eb0f7da90,4,1.0
c41f809597319ca71e37b2f4c028a556cdc05b30,calc01,flarenut_spanner,1858def1a1ecf0e1de87fdbb649b8586cd9210fb,3b87ec5ffc07c08a35116928a8b6ffb64390e0a4,10,1.0
c41f809597319ca71e37b2f4c028a556cdc05b30,calc01,interior_details_103_4,1858def1a1ecf0e1de87fdbb649b8586cd9210fb,6c726f0ba025cab6490df5c05a6c436be87205ad,10,1.0
c41f809597319ca71e37b2f4c028a556cdc05b30,calc01,interior_details_130_2,1858def1a1ecf0e1de87fdbb649b8586cd9210fb,f730e2fab41495e73bf0e665266a51a692d1ca54,16,0.9375
c41f809597319ca71e37b2f4c028a556cdc05b30,calc01,kitchen_equipment_knife2,1858def1a1ecf0e1de87fdbb649b8586cd9210fb,4c406e5b2db8e63397199570ff59e65caeca5775,6,0.8333333333333334
c41f809597319ca71e37b2f4c028a556cdc05b30,calc01,lo_poly_animal_BEAR_BLK,1858def1a1ecf0e1de87fdbb649b8586cd9210fb,3c6c194cc864f2a655446efa548eef153a393618,7,0.7142857142857143
c41f809597319ca71e37b2f4c028a556cdc05b30,calc01,lo_poly_animal_CHICKDEE,1858def1a1ecf0e1de87fdbb649b8586cd9210fb,b95b95002cc603d8b4aec4836d1edc6b1f129efb,13,0.6923076923076923
c41f809597319ca71e37b2f4c028a556cdc05b30,calc01,lo_poly_animal_ELE_AS1,1858def1a1ecf0e1de87fdbb649b8586cd9210fb,41313a938cb781cbd60a6870530e116a9d98e48c,11,0.8181818181818182
c41f809597319ca71e37b2f4c028a556cdc05b30,calc01,lo_poly_animal_RHINO_2,1858def1a1ecf0e1de87fdbb649b8586cd9210fb,b87e834ba5e263774477edc6fc956070795ab1b6,7,0.5714285714285714
c41f809597319ca71e37b2f4c028a556cdc05b30,calc01,lo_poly_animal_TRANTULA,1858def1a1ecf0e1de87fdbb649b8586cd9210fb,8f14ff8cf138e89d90211a7811968af08d4d7098,9,0.7777777777777778
c41f809597319ca71e37b2f4c028a556cdc05b30,calc01,weimaraner,1858def1a1ecf0e1de87fdbb649b8586cd9210fb,4f263a161cdd009ff7f9aa88ed9be2b852772142,9,0.6666666666666666
c41f809597319ca71e37b2f4c028a556cdc05b30,calc01,womens_shorts_01M,1858def1a1ecf0e1de87fdbb649b8586cd9210fb,66c09717173c555eced9e7a167f405b7d08ab18f,13,1.0
c41f809597319ca71e37b2f4c028a556cdc05b30,calc01,zebra,1858def1a1ecf0e1de87fdbb649b8586cd9210fb,21afbd503b5d4f9c399c4a66baef6bd6e894715f,10,0.8
c521e98f2c8e5318a2318d75494f844fae647956,womens_stockings_01M,22_acoustic_guitar,7ed95b3ba88443ed63f25ffe0b5fb52d78dab676,b17c9b116f73af5e54e294b1362187bb666a1737,9,1.0
c521e98f2c8e5318a2318d75494f844fae647956,womens_stockings_01M,Hanger_02,7ed95b3ba88443ed63f25ffe0b5fb52d78dab676,2ef7b8f76464ac15cea9c2eaf23bfb992cfa8a20,6,1.0
c521e98f2c8e5318a2318d75494f844fae647956,womens_stockings_01M,MB27346,7ed95b3ba88443ed63f25ffe0b5fb52d78dab676,f3b1fb66463bf84b593dad9fd1028aa8db6f3720,11,1.0
c521e98f2c8e5318a2318d75494f844fae647956,womens_stockings_01M,MB28699,7ed95b3ba88443ed63f25ffe0b5fb52d78dab676,ee36e4d66958199793add93da479822f4d1164e6,9,1.0
c521e98f2c8e5318a2318d75494f844fae647956,womens_stockings_01M,MB29874,7ed95b3ba88443ed63f25ffe0b5fb52d78dab676,7cc042e01ac7e57de362ae777017d3e1b727c9f0,7,1.0
c521e98f2c8e5318a2318d75494f844fae647956,womens_stockings_01M,MB30203,7ed95b3ba88443ed63f25ffe0b5fb52d78dab676,e6e0c7209f8a7908c49f803651f7382e3a2e75c5,7,1.0
c521e98f2c8e5318a2318d75494f844fae647956,womens_stockings_01M,MB30758,7ed95b3ba88443ed63f25ffe0b5fb52d78dab676,61c2291042151124f703bb567c32ab30fda22360,16,1.0
c521e98f2c8e5318a2318d75494f844fae647956,womens_stockings_01M,antique_furniture_item_18,7ed95b3ba88443ed63f25ffe0b5fb52d78dab676,bad9c53885fbc5be5a358b2ae742704b9f280dfa,5,1.0
c521e98f2c8e5318a2318d75494f844fae647956,womens_stockings_01M,build51,7ed95b3ba88443ed63f25ffe0b5fb52d78dab676,c6a67bcc6433546d8ede05ca6b05e089509d27ed,9,1.0
c521e98f2c8e5318a2318d75494f844fae647956,womens_stockings_01M,calc01,7ed95b3ba88443ed63f25ffe0b5fb52d78dab676,1858def1a1ecf0e1de87fdbb649b8586cd9210fb,4,1.0
c521e98f2c8e5318a2318d75494f844fae647956,womens_stockings_01M,dromedary,7ed95b3ba88443ed63f25ffe0b5fb52d78dab676,d47c3fb53513386e01d13c19f771ca5eb0f7da90,8,0.875
c521e98f2c8e5318a2318d75494f844fae647956,womens_stockings_01M,flarenut_spanner,7ed95b3ba88443ed63f25ffe0b5fb52d78dab676,3b87ec5ffc07c08a35116928a8b6ffb64390e0a4,12,1.0
c521e98f2c8e5318a2318d75494f844fae647956,womens_stockings_01M,kitchen_equipment_knife2,7ed95b3ba88443ed63f25ffe0b5fb52d78dab676,4c406e5b2db8e63397199570ff59e65caeca5775,6,1.0
c521e98f2c8e5318a2318d75494f844fae647956,womens_stockings_01M,lo_poly_animal_BEAR_BLK,7ed95b3ba88443ed63f25ffe0b5fb52d78dab676,3c6c194cc864f2a655446efa548eef153a393618,9,0.8888888888888888
c521e98f2c8e5318a2318d75494f844fae647956,womens_stockings_01M,lo_poly_animal_CHICKDEE,7ed95b3ba88443ed63f25ffe0b5fb52d78dab676,b95b95002cc603d8b4aec4836d1edc6b1f129efb,8,1.0
c521e98f2c8e5318a2318d75494f844fae647956,womens_stockings_01M,lo_poly_animal_ELE_AS1,7ed95b3ba88443ed63f25ffe0b5fb52d78dab676,41313a938cb781cbd60a6870530e116a9d98e48c,11,1.0
c521e98f2c8e5318a2318d75494f844fae647956,womens_stockings_01M,lo_poly_animal_RHINO_2,7ed95b3ba88443ed63f25ffe0b5fb52d78dab676,b87e834ba5e263774477edc6fc956070795ab1b6,9,0.8888888888888888
c521e98f2c8e5318a2318d75494f844fae647956,womens_stockings_01M,weimaraner,7ed95b3ba88443ed63f25ffe0b5fb52d78dab676,4f263a161cdd009ff7f9aa88ed9be2b852772142,15,1.0
c521e98f2c8e5318a2318d75494f844fae647956,womens_stockings_01M,womens_shorts_01M,7ed95b3ba88443ed63f25ffe0b5fb52d78dab676,66c09717173c555eced9e7a167f405b7d08ab18f,8,1.0
c55f795c71fd3d983422105eedc67e02a46895ac,build51,22_acoustic_guitar,c6a67bcc6433546d8ede05ca6b05e089509d27ed,b17c9b116f73af5e54e294b1362187bb666a1737,6,1.0
c55f795c71fd3d983422105eedc67e02a46895ac,build51,Hanger_02,c6a67bcc6433546d8ede05ca6b05e089509d27ed,2ef7b8f76464ac15cea9c2eaf23bfb992cfa8a20,15,1.0
c55f795c71fd3d983422105eedc67e02a46895ac,build51,MB27346,c6a67bcc6433546d8ede05ca6b05e089509d27ed,f3b1fb66463bf84b593dad9fd1028aa8db6f3720,4,0.75
c55f795c71fd3d983422105eedc67e02a46895ac,build51,MB28699,c6a67bcc6433546d8ede05ca6b05e089509d27ed,ee36e4d66958199793add93da479822f4d1164e6,16,1.0
c55f795c71fd3d983422105eedc67e02a46895ac,build51,MB29874,c6a67bcc6433546d8ede05ca6b05e089509d27ed,7cc042e01ac7e57de362ae777017d3e1b727c9f0,9,1.0
c55f795c71fd3d983422105eedc67e02a46895ac,build51,MB30203,c6a67bcc6433546d8ede05ca6b05e089509d27ed,e6e0c7209f8a7908c49f803651f7382e3a2e75c5,7,1.0
c55f795c71fd3d983422105eedc67e02a46895ac,build51,MB30758,c6a67bcc6433546d8ede05ca6b05e089509d27ed,61c2291042151124f703bb567c32ab30fda22360,7,1.0
c55f795c71fd3d983422105eedc67e02a46895ac,build51,antique_furniture_item_18,c6a67bcc6433546d8ede05ca6b05e089509d27ed,bad9c53885fbc5be5a358b2ae742704b9f280dfa,11,1.0
c55f795c71fd3d983422105eedc67e02a46895ac,build51,calc01,c6a67bcc6433546d8ede05ca6b05e089509d27ed,1858def1a1ecf0e1de87fdbb649b8586cd9210fb,14,1.0
c55f795c71fd3d983422105eedc67e02a46895ac,build51,dromedary,c6a67bcc6433546d8ede05ca6b05e089509d27ed,d47c3fb53513386e01d13c19f771ca5eb0f7da90,11,1.0
c55f795c71fd3d983422105eedc67e02a46895ac,build51,flarenut_spanner,c6a67bcc6433546d8ede05ca6b05e089509d27ed,3b87ec5ffc07c08a35116928a8b6ffb64390e0a4,5,1.0
c55f795c71fd3d983422105eedc67e02a46895ac,build51,interior_details_103_4,c6a67bcc6433546d8ede05ca6b05e089509d27ed,6c726f0ba025cab6490df5c05a6c436be87205ad,12,1.0
c55f795c71fd3d983422105eedc67e02a46895ac,build51,interior_details_130_2,c6a67bcc6433546d8ede05ca6b05e089509d27ed,f730e2fab41495e73bf0e665266a51a692d1ca54,19,1.0
c55f795c71fd3d983422105eedc67e02a46895ac,build51,kitchen_equipment_knife2,c6a67bcc6433546d8ede05ca6b05e089509d27ed,4c406e5b2db8e63397199570ff59e65caeca5775,6,1.0
c55f795c71fd3d983422105eedc67e02a46895ac,build51,lo_poly_animal_BEAR_BLK,c6a67bcc6433546d8ede05ca6b05e089509d27ed,3c6c194cc864f2a655446efa548eef153a393618,5,0.8
c55f795c71fd3d983422105eedc67e02a46895ac,build51,lo_poly_animal_CHICKDEE,c6a67bcc6433546d8ede05ca6b05e089509d27ed,b95b95002cc603d8b4aec4836d1edc6b1f129efb,6,1.0
c55f795c71fd3d983422105eedc67e02a46895ac,build51,lo_poly_animal_ELE_AS1,c6a67bcc6433546d8ede05ca6b05e089509d27ed,41313a938cb781cbd60a6870530e116a9d98e48c,6,1.0
c55f795c71fd3d983422105eedc67e02a46895ac,build51,lo_poly_animal_RHINO_2,c6a67bcc6433546d8ede05ca6b05e089509d27ed,b87e834ba5e263774477edc6fc956070795ab1b6,13,0.9230769230769231
c55f795c71fd3d983422105eedc67e02a46895ac,build51,lo_poly_animal_TRANTULA,c6a67bcc6433546d8ede05ca6b05e089509d27ed,8f14ff8cf138e89d90211a7811968af08d4d7098,15,1.0
c55f795c71fd3d983422105eedc67e02a46895ac,build51,weimaraner,c6a67bcc6433546d8ede05ca6b05e089509d27ed,4f263a161cdd009ff7f9aa88ed9be2b852772142,9,1.0
c55f795c71fd3d983422105eedc67e02a46895ac,build51,womens_shorts_01M,c6a67bcc6433546d8ede05ca6b05e089509d27ed,66c09717173c555eced9e7a167f405b7d08ab18f,8,1.0
c55f795c71fd3d983422105eedc67e02a46895ac,build51,womens_stockings_01M,c6a67bcc6433546d8ede05ca6b05e089509d27ed,7ed95b3ba88443ed63f25ffe0b5fb52d78dab676,12,1.0
c55f795c71fd3d983422105eedc67e02a46895ac,build51,zebra,c6a67bcc6433546d8ede05ca6b05e089509d27ed,21afbd503b5d4f9c399c4a66baef6bd6e894715f,14,1.0
c63f0059904156345ac15e2be4fc07cd4307cb9a,womens_stockings_01M,22_acoustic_guitar,7ed95b3ba88443ed63f25ffe0b5fb52d78dab676,b17c9b116f73af5e54e294b1362187bb666a1737,10,1.0
c63f0059904156345ac15e2be4fc07cd4307cb9a,womens_stockings_01M,Hanger_02,7ed95b3ba88443ed63f25ffe0b5fb52d78dab676,2ef7b8f76464ac15cea9c2eaf23bfb992cfa8a20,7,1.0
c63f0059904156345ac15e2be4fc07cd4307cb9a,womens_stockings_01M,MB27346,7ed95b3ba88443ed63f25ffe0b5fb52d78dab676,f3b1fb66463bf84b593dad9fd1028aa8db6f3720,7,1.0
c63f0059904156345ac15e2be4fc07cd4307cb9a,womens_stockings_01M,MB29874,7ed95b3ba88443ed63f25ffe0b5fb52d78dab676,7cc042e01ac7e57de362ae777017d3e1b727c9f0,10,1.0
c63f0059904156345ac15e2be4fc07cd4307cb9a,womens_stockings_01M,MB30203,7ed95b3ba88443ed63f25ffe0b5fb52d78dab676,e6e0c7209f8a7908c49f803651f7382e3a2e75c5,8,1.0
c63f0059904156345ac15e2be4fc07cd4307cb9a,womens_stockings_01M,MB30758,7ed95b3ba88443ed63f25ffe0b5fb52d78dab676,61c2291042151124f703bb567c32ab30fda22360,14,0.9285714285714286
c63f0059904156345ac15e2be4fc07cd4307cb9a,womens_stockings_01M,antique_furniture_item_18,7ed95b3ba88443ed63f25ffe0b5fb52d78dab676,bad9c53885fbc5be5a358b2ae742704b9f280dfa,6,1.0
c63f0059904156345ac15e2be4fc07cd4307cb9a,womens_stockings_01M,build51,7ed95b3ba88443ed63f25ffe0b5fb52d78dab676,c6a67bcc6433546d8ede05ca6b05e089509d27ed,16,1.0
c63f0059904156345ac15e2be4fc07cd4307cb9a,womens_stockings_01M,calc01,7ed95b3ba88443ed63f25ffe0b5fb52d78dab676,1858def1a1ecf0e1de87fdbb649b8586cd9210fb,4,1.0
c63f0059904156345ac15e2be4fc07cd4307cb9a,womens_stockings_01M,dromedary,7ed95b3ba88443ed63f25ffe0b5fb52d78dab676,d47c3fb53513386e01d13c19f771ca5eb0f7da90,15,1.0
c63f0059904156345ac15e2be4fc07cd4307cb9a,womens_stockings_01M,flarenut_spanner,7ed95b3ba88443ed63f25ffe0b5fb52d78dab676,3b87ec5ffc07c08a35116928a8b6ffb64390e0a4,20,1.0
c63f0059904156345ac15e2be4fc07cd4307cb9a,womens_stockings_01M,interior_details_103_4,7ed95b3ba88443ed63f25ffe0b5fb52d78dab676,6c726f0ba025cab6490df5c05a6c436be87205ad,7,1.0
c63f0059904156345ac15e2be4fc07cd4307cb9a,womens_stockings_01M,interior_details_130_2,7ed95b3ba88443ed63f25ffe0b5fb52d78dab676,f730e2fab41495e73bf0e665266a51a692d1ca54,4,1.0
c63f0059904156345ac15e2be4fc07cd4307cb9a,womens_stockings_01M,lo_poly_animal_BEAR_BLK,7ed95b3ba88443ed63f25ffe0b5fb52d78dab676,3c6c194cc864f2a655446efa548eef153a393618,12,0.9166666666666666
c63f0059904156345ac15e2be4fc07cd4307cb9a,womens_stockings_01M,lo_poly_animal_CHICKDEE,7ed95b3ba88443ed63f25ffe0b5fb52d78dab676,b95b95002cc603d8b4aec4836d1edc6b1f129efb,6,1.0
c63f0059904156345ac15e2be4fc07cd4307cb9a,womens_stockings_01M,lo_poly_animal_ELE_AS1,7ed95b3ba88443ed63f25ffe0b5fb52d78dab676,41313a938cb781cbd60a6870530e116a9d98e48c,5,0.6
c63f0059904156345ac15e2be4fc07cd4307cb9a,womens_stockings_01M,lo_poly_animal_RHINO_2,7ed95b3ba88443ed63f25ffe0b5fb52d78dab676,b87e834ba5e263774477edc6fc956070795ab1b6,9,0.8888888888888888
c63f0059904156345ac15e2be4fc07cd4307cb9a,womens_stockings_01M,lo_poly_animal_TRANTULA,7ed95b3ba88443ed63f25ffe0b5fb52d78dab676,8f14ff8cf138e89d90211a7811968af08d4d7098,15,1.0
c63f0059904156345ac15e2be4fc07cd4307cb9a,womens_stockings_01M,womens_shorts_01M,7ed95b3ba88443ed63f25ffe0b5fb52d78dab676,66c09717173c555eced9e7a167f405b7d08ab18f,17,0.9411764705882353
c63f0059904156345ac15e2be4fc07cd4307cb9a,womens_stockings_01M,zebra,7ed95b3ba88443ed63f25ffe0b5fb52d78dab676,21afbd503b5d4f9c399c4a66baef6bd6e894715f,11,1.0
c68cc62cf591878a80a6412aa67c98df0b4566e7,kitchen_equipment_knife2,22_acoustic_guitar,4c406e5b2db8e63397199570ff59e65caeca5775,b17c9b116f73af5e54e294b1362187bb666a1737,6,0.3333333333333333
c68cc62cf591878a80a6412aa67c98df0b4566e7,kitchen_equipment_knife2,Hanger_02,4c406e5b2db8e63397199570ff59e65caeca5775,2ef7b8f76464ac15cea9c2eaf23bfb992cfa8a20,5,0.8
c68cc62cf591878a80a6412aa67c98df0b4566e7,kitchen_equipment_knife2,MB27346,4c406e5b2db8e63397199570ff59e65caeca5775,f3b1fb66463bf84b593dad9fd1028aa8db6f3720,4,0.75
c68cc62cf591878a80a6412aa67c98df0b4566e7,kitchen_equipment_knife2,MB28699,4c406e5b2db8e63397199570ff59e65caeca5775,ee36e4d66958199793add93da479822f4d1164e6,4,0.75
c68cc62cf591878a80a6412aa67c98df0b4566e7,kitchen_equipment_knife2,MB29874,4c406e5b2db8e63397199570ff59e65caeca5775,7cc042e01ac7e57de362ae777017d3e1b727c9f0,6,0.8333333333333334
c68cc62cf591878a80a6412aa67c98df0b4566e7,kitchen_equipment_knife2,MB30203,4c406e5b2db8e63397199570ff59e65caeca5775,e6e0c7209f8a7908c49f803651f7382e3a2e75c5,5,1.0
c68cc62cf591878a80a6412aa67c98df0b4566e7,kitchen_equipment_knife2,MB30758,4c406e5b2db8e63397199570ff59e65caeca5775,61c2291042151124f703bb567c32ab30fda22360,6,0.8333333333333334
c68cc62cf591878a80a6412aa67c98df0b4566e7,kitchen_equipment_knife2,antique_furniture_item_18,4c406e5b2db8e63397199570ff59e65caeca5775,bad9c53885fbc5be5a358b2ae742704b9f280dfa,11,0.9090909090909091
c68cc62cf591878a80a6412aa67c98df0b4566e7,kitchen_equipment_knife2,build51,4c406e5b2db8e63397199570ff59e65caeca5775,c6a67bcc6433546d8ede05ca6b05e089509d27ed,12,1.0
c68cc62cf591878a80a6412aa67c98df0b4566e7,kitchen_equipment_knife2,calc01,4c406e5b2db8e63397199570ff59e65caeca5775,1858def1a1ecf0e1de87fdbb649b8586cd9210fb,9,0.8888888888888888
c68cc62cf591878a80a6412aa67c98df0b4566e7,kitchen_equipment_knife2,dromedary,4c406e5b2db8e63397199570ff59e65caeca5775,d47c3fb53513386e01d13c19f771ca5eb0f7da90,7,0.8571428571428571
c68cc62cf591878a80a6412aa67c98df0b4566e7,kitchen_equipment_knife2,flarenut_spanner,4c406e5b2db8e63397199570ff59e65caeca5775,3b87ec5ffc07c08a35116928a8b6ffb64390e0a4,5,1.0
c68cc62cf591878a80a6412aa67c98df0b4566e7,kitchen_equipment_knife2,interior_details_130_2,4c406e5b2db8e63397199570ff59e65caeca5775,f730e2fab41495e73bf0e665266a51a692d1ca54,12,0.9166666666666666
c68cc62cf591878a80a6412aa67c98df0b4566e7,kitchen_equipment_knife2,lo_poly_animal_BEAR_BLK,4c406e5b2db8e63397199570ff59e65caeca5775,3c6c194cc864f2a655446efa548eef153a393618,10,1.0
c68cc62cf591878a80a6412aa67c98df0b4566e7,kitchen_equipment_knife2,lo_poly_animal_CHICKDEE,4c406e5b2db8e63397199570ff59e65caeca5775,b95b95002cc603d8b4aec4836d1edc6b1f129efb,15,0.8666666666666667
c68cc62cf591878a80a6412aa67c98df0b4566e7,kitchen_equipment_knife2,lo_poly_animal_ELE_AS1,4c406e5b2db8e63397199570ff59e65caeca5775,41313a938cb781cbd60a6870530e116a9d98e48c,6,1.0
c68cc62cf591878a80a6412aa67c98df0b4566e7,kitchen_equipment_knife2,lo_poly_animal_RHINO_2,4c406e5b2db8e63397199570ff59e65caeca5775,b87e834ba5e263774477edc6fc956070795ab1b6,5,1.0
c68cc62cf591878a80a6412aa67c98df0b4566e7,kitchen_equipment_knife2,lo_poly_animal_TRANTULA,4c406e5b2db8e63397199570ff59e65caeca5775,8f14ff8cf138e89d90211a7811968af08d4d7098,5,1.0
c68cc62cf591878a80a6412aa67c98df0b4566e7,kitchen_equipment_knife2,weimaraner,4c406e5b2db8e63397199570ff59e65caeca5775,4f263a161cdd009ff7f9aa88ed9be2b852772142,8,0.875
c68cc62cf591878a80a6412aa67c98df0b4566e7,kitchen_equipment_knife2,womens_shorts_01M,4c406e5b2db8e63397199570ff59e65caeca5775,66c09717173c555eced9e7a167f405b7d08ab18f,14,0.9285714285714286
c68cc62cf591878a80a6412aa67c98df0b4566e7,kitchen_equipment_knife2,womens_stockings_01M,4c406e5b2db8e63397199570ff59e65caeca5775,7ed95b3ba88443ed63f25ffe0b5fb52d78dab676,6,1.0
c7c49dd567d038da480376adbbaffdac36ee4c93,MB28699,22_acoustic_guitar,ee36e4d66958199793add93da479822f4d1164e6,b17c9b116f73af5e54e294b1362187bb666a1737,19,1.0
c7c49dd567d038da480376adbbaffdac36ee4c93,MB28699,Hanger_02,ee36e4d66958199793add93da479822f4d1164e6,2ef7b8f76464ac15cea9c2eaf23bfb992cfa8a20,42,1.0
c7c49dd567d038da480376adbbaffdac36ee4c93,MB28699,MB27346,ee36e4d66958199793add93da479822f4d1164e6,f3b1fb66463bf84b593dad9fd1028aa8db6f3720,39,1.0
c7c49dd567d038da480376adbbaffdac36ee4c93,MB28699,MB29874,ee36e4d66958199793add93da479822f4d1164e6,7cc042e01ac7e57de362ae777017d3e1b727c9f0,15,0.9333333333333333
c7c49dd567d038da480376adbbaffdac36ee4c93,MB28699,MB30203,ee36e4d66958199793add93da479822f4d1164e6,e6e0c7209f8a7908c49f803651f7382e3a2e75c5,38,1.0
c7c49dd567d038da480376adbbaffdac36ee4c93,MB28699,MB30758,ee36e4d66958199793add93da479822f4d1164e6,61c2291042151124f703bb567c32ab30fda22360,16,1.0
c7c49dd567d038da480376adbbaffdac36ee4c93,MB28699,antique_furniture_item_18,ee36e4d66958199793add93da479822f4d1164e6,bad9c53885fbc5be5a358b2ae742704b9f280dfa,28,1.0
c7c49dd567d038da480376adbbaffdac36ee4c93,MB28699,build51,ee36e4d66958199793add93da479822f4d1164e6,c6a67bcc6433546d8ede05ca6b05e089509d27ed,36,0.9722222222222222
c7c49dd567d038da480376adbbaffdac36ee4c93,MB28699,calc01,ee36e4d66958199793add93da479822f4d1164e6,1858def1a1ecf0e1de87fdbb649b8586cd9210fb,17,0.9411764705882353
c7c49dd567d038da480376adbbaffdac36ee4c93,MB28699,dromedary,ee36e4d66958199793add93da479822f4d1164e6,d47c3fb53513386e01d13c19f771ca5eb0f7da90,27,1.0
c7c49dd567d038da480376adbbaffdac36ee4c93,MB28699,flarenut_spanner,ee36e4d66958199793add93da479822f4d1164e6,3b87ec5ffc07c08a35116928a8b6ffb64390e0a4,16,0.9375
c7c49dd567d038da480376adbbaffdac36ee4c93,MB28699,interior_details_103_4,ee36e4d66958199793add93da479822f4d1164e6,6c726f0ba025cab6490df5c05a6c436be87205ad,64,1.0
c7c49dd567d038da480376adbbaffdac36ee4c93,MB28699,interior_details_130_2,ee36e4d66958199793add93da479822f4d1164e6,f730e2fab41495e73bf0e665266a51a692d1ca54,50,0.98
c7c49dd567d038da480376adbbaffdac36ee4c93,MB28699,kitchen_equipment_knife2,ee36e4d66958199793add93da479822f4d1164e6,4c406e5b2db8e63397199570ff59e65caeca5775,17,1.0
c7c49dd567d038da480376adbbaffdac36ee4c93,MB28699,lo_poly_animal_BEAR_BLK,ee36e4d66958199793add93da479822f4d1164e6,3c6c194cc864f2a655446efa548eef153a393618,32,1.0
c7c49dd567d038da480376adbbaffdac36ee4c93,MB28699,lo_poly_animal_CHICKDEE,ee36e4d66958199793add93da479822f4d1164e6,b95b95002cc603d8b4aec4836d1edc6b1f129efb,18,1.0
c7c49dd567d038da480376adbbaffdac36ee4c93,MB28699,lo_poly_animal_ELE_AS1,ee36e4d66958199793add93da479822f4d1164e6,41313a938cb781cbd60a6870530e116a9d98e48c,30,0.9333333333333333
c7c49dd567d038da480376adbbaffdac36ee4c93,MB28699,lo_poly_animal_RHINO_2,ee36e4d66958199793add93da479822f4d1164e6,b87e834ba5e263774477edc6fc956070795ab1b6,23,0.9130434782608695
c7c49dd567d038da480376adbbaffdac36ee4c93,MB28699,lo_poly_animal_TRANTULA,ee36e4d66958199793add93da479822f4d1164e6,8f14ff8cf138e89d90211a7811968af08d4d7098,41,0.975609756097561
c7c49dd567d038da480376adbbaffdac36ee4c93,MB28699,weimaraner,ee36e4d66958199793add93da479822f4d1164e6,4f263a161cdd009ff7f9aa88ed9be2b852772142,23,1.0
c7c49dd567d038da480376adbbaffdac36ee4c93,MB28699,womens_shorts_01M,ee36e4d66958199793add93da479822f4d1164e6,66c09717173c555eced9e7a167f405b7d08ab18f,36,0.9722222222222222
c7c49dd567d038da480376adbbaffdac36ee4c93,MB28699,womens_stockings_01M,ee36e4d66958199793add93da479822f4d1164e6,7ed95b3ba88443ed63f25ffe0b5fb52d78dab676,32,0.9375
c7c49dd567d038da480376adbbaffdac36ee4c93,MB28699,zebra,ee36e4d66958199793add93da479822f4d1164e6,21afbd503b5d4f9c399c4a66baef6bd6e894715f,26,0.9615384615384616
c81a8910e390e3db605d58621e669504ff93a307,calc01,22_acoustic_guitar,1858def1a1ecf0e1de87fdbb649b8586cd9210fb,b17c9b116f73af5e54e294b1362187bb666a1737,8,1.0
c81a8910e390e3db605d58621e669504ff93a307,calc01,Hanger_02,1858def1a1ecf0e1de87fdbb649b8586cd9210fb,2ef7b8f76464ac15cea9c2eaf23bfb992cfa8a20,19,1.0
c81a8910e390e3db605d58621e669504ff93a307,calc01,MB27346,1858def1a1ecf0e1de87fdbb649b8586cd9210fb,f3b1fb66463bf84b593dad9fd1028aa8db6f3720,16,0.8125
c81a8910e390e3db605d58621e669504ff93a307,calc01,MB28699,1858def1a1ecf0e1de87fdbb649b8586cd9210fb,ee36e4d66958199793add93da479822f4d1164e6,4,0.75
c81a8910e390e3db605d58621e669504ff93a307,calc01,MB29874,1858def1a1ecf0e1de87fdbb649b8586cd9210fb,7cc042e01ac7e57de362ae777017d3e1b727c9f0,19,0.9473684210526315
c81a8910e390e3db605d58621e669504ff93a307,calc01,MB30203,1858def1a1ecf0e1de87fdbb649b8586cd9210fb,e6e0c7209f8a7908c49f803651f7382e3a2e75c5,6,1.0
c81a8910e390e3db605d58621e669504ff93a307,calc01,MB30758,1858def1a1ecf0e1de87fdbb649b8586cd9210fb,61c2291042151124f703bb567c32ab30fda22360,9,0.8888888888888888
c81a8910e390e3db605d58621e669504ff93a307,calc01,antique_furniture_item_18,1858def1a1ecf0e1de87fdbb649b8586cd9210fb,bad9c53885fbc5be5a358b2ae742704b9f280dfa,13,0.5384615384615384
c81a8910e390e3db605d58621e669504ff93a307,calc01,build51,1858def1a1ecf0e1de87fdbb649b8586cd9210fb,c6a67bcc6433546d8ede05ca6b05e089509d27ed,4,0.75
c81a8910e390e3db605d58621e669504ff93a307,calc01,dromedary,1858def1a1ecf0e1de87fdbb649b8586cd9210fb,d47c3fb53513386e01d13c19f771ca5eb0f7da90,9,1.0
c81a8910e390e3db605d58621e669504ff93a307,calc01,flarenut_spanner,1858def1a1ecf0e1de87fdbb649b8586cd9210fb,3b87ec5ffc07c08a35116928a8b6ffb64390e0a4,6,1.0
c81a8910e390e3db605d58621e669504ff93a307,calc01,interior_details_103_4,1858def1a1ecf0e1de87fdbb649b8586cd9210fb,6c726f0ba025cab6490df5c05a6c436be87205ad,14,1.0
c81a8910e390e3db605d58621e669504ff93a307,calc01,interior_details_130_2,1858def1a1ecf0e1de87fdbb649b8586cd9210fb,f730e2fab41495e73bf0e665266a51a692d1ca54,14,1.0
c81a8910e390e3db605d58621e669504ff93a307,calc01,kitchen_equipment_knife2,1858def1a1ecf0e1de87fdbb649b8586cd9210fb,4c406e5b2db8e63397199570ff59e65caeca5775,8,1.0
c81a8910e390e3db605d58621e669504ff93a307,calc01,lo_poly_animal_BEAR_BLK,1858def1a1ecf0e1de87fdbb649b8586cd9210fb,3c6c194cc864f2a655446efa548eef153a393618,15,0.9333333333333333
c81a8910e390e3db605d58621e669504ff93a307,calc01,lo_poly_animal_CHICKDEE,1858def1a1ecf0e1de87fdbb649b8586cd9210fb,b95b95002cc603d8b4aec4836d1edc6b1f129efb,19,0.8947368421052632
c81a8910e390e3db605d58621e669504ff93a307,calc01,lo_poly_animal_ELE_AS1,1858def1a1ecf0e1de87fdbb649b8586cd9210fb,41313a938cb781cbd60a6870530e116a9d98e48c,9,1.0
c81a8910e390e3db605d58621e669504ff93a307,calc01,lo_poly_animal_RHINO_2,1858def1a1ecf0e1de87fdbb649b8586cd9210fb,b87e834ba5e263774477edc6fc956070795ab1b6,10,1.0
c81a8910e390e3db605d58621e669504ff93a307,calc01,lo_poly_animal_TRANTULA,1858def1a1ecf0e1de87fdbb649b8586cd9210fb,8f14ff8cf138e89d90211a7811968af08d4d7098,9,0.8888888888888888
c81a8910e390e3db605d58621e669504ff93a307,calc01,weimaraner,1858def1a1ecf0e1de87fdbb649b8586cd9210fb,4f263a161cdd009ff7f9aa88ed9be2b852772142,20,0.85
c81a8910e390e3db605d58621e669504ff93a307,calc01,womens_shorts_01M,1858def1a1ecf0e1de87fdbb649b8586cd9210fb,66c09717173c555eced9e7a167f405b7d08ab18f,9,1.0
c81a8910e390e3db605d58621e669504ff93a307,calc01,zebra,1858def1a1ecf0e1de87fdbb649b8586cd9210fb,21afbd503b5d4f9c399c4a66baef6bd6e894715f,17,1.0
c864df0dfe9d600c3008c501f87942d6a87c080a,lo_poly_animal_CHICKDEE,Hanger_02,b95b95002cc603d8b4aec4836d1edc6b1f129efb,2ef7b8f76464ac15cea9c2eaf23bfb992cfa8a20,16,0.8125
c864df0dfe9d600c3008c501f87942d6a87c080a,lo_poly_animal_CHICKDEE,MB27346,b95b95002cc603d8b4aec4836d1edc6b1f129efb,f3b1fb66463bf84b593dad9fd1028aa8db6f3720,16,0.75
c864df0dfe9d600c3008c501f87942d6a87c080a,lo_poly_animal_CHICKDEE,MB28699,b95b95002cc603d8b4aec4836d1edc6b1f129efb,ee36e4d66958199793add93da479822f4d1164e6,8,1.0
c864df0dfe9d600c3008c501f87942d6a87c080a,lo_poly_animal_CHICKDEE,MB29874,b95b95002cc603d8b4aec4836d1edc6b1f129efb,7cc042e01ac7e57de362ae777017d3e1b727c9f0,5,1.0
c864df0dfe9d600c3008c501f87942d6a87c080a,lo_poly_animal_CHICKDEE,MB30203,b95b95002cc603d8b4aec4836d1edc6b1f129efb,e6e0c7209f8a7908c49f803651f7382e3a2e75c5,14,0.9285714285714286
c864df0dfe9d600c3008c501f87942d6a87c080a,lo_poly_animal_CHICKDEE,MB30758,b95b95002cc603d8b4aec4836d1edc6b1f129efb,61c2291042151124f703bb567c32ab30fda22360,14,0.9285714285714286
c864df0dfe9d600c3008c501f87942d6a87c080a,lo_poly_animal_CHICKDEE,antique_furniture_item_18,b95b95002cc603d8b4aec4836d1edc6b1f129efb,bad9c53885fbc5be5a358b2ae742704b9f280dfa,6,0.8333333333333334
c864df0dfe9d600c3008c501f87942d6a87c080a,lo_poly_animal_CHICKDEE,build51,b95b95002cc603d8b4aec4836d1edc6b1f129efb,c6a67bcc6433546d8ede05ca6b05e089509d27ed,8,0.875
c864df0dfe9d600c3008c501f87942d6a87c080a,lo_poly_animal_CHICKDEE,calc01,b95b95002cc603d8b4aec4836d1edc6b1f129efb,1858def1a1ecf0e1de87fdbb649b8586cd9210fb,18,0.8888888888888888
c864df0dfe9d600c3008c501f87942d6a87c080a,lo_poly_animal_CHICKDEE,dromedary,b95b95002cc603d8b4aec4836d1edc6b1f129efb,d47c3fb53513386e01d13c19f771ca5eb0f7da90,9,1.0
c864df0dfe9d600c3008c501f87942d6a87c080a,lo_poly_animal_CHICKDEE,flarenut_spanner,b95b95002cc603d8b4aec4836d1edc6b1f129efb,3b87ec5ffc07c08a35116928a8b6ffb64390e0a4,33,0.9090909090909091
c864df0dfe9d600c3008c501f87942d6a87c080a,lo_poly_animal_CHICKDEE,interior_details_103_4,b95b95002cc603d8b4aec4836d1edc6b1f129efb,6c726f0ba025cab6490df5c05a6c436be87205ad,10,1.0
c864df0dfe9d600c3008c501f87942d6a87c080a,lo_poly_animal_CHICKDEE,interior_details_130_2,b95b95002cc603d8b4aec4836d1edc6b1f129efb,f730e2fab41495e73bf0e665266a51a692d1ca54,12,1.0
c864df0dfe9d600c3008c501f87942d6a87c080a,lo_poly_animal_CHICKDEE,kitchen_equipment_knife2,b95b95002cc603d8b4aec4836d1edc6b1f129efb,4c406e5b2db8e63397199570ff59e65caeca5775,20,0.9
c864df0dfe9d600c3008c501f87942d6a87c080a,lo_poly_animal_CHICKDEE,lo_poly_animal_BEAR_BLK,b95b95002cc603d8b4aec4836d1edc6b1f129efb,3c6c194cc864f2a655446efa548eef153a393618,6,1.0
c864df0dfe9d600c3008c501f87942d6a87c080a,lo_poly_animal_CHICKDEE,lo_poly_animal_ELE_AS1,b95b95002cc603d8b4aec4836d1edc6b1f129efb,41313a938cb781cbd60a6870530e116a9d98e48c,5,1.0
c864df0dfe9d600c3008c501f87942d6a87c080a,lo_poly_animal_CHICKDEE,lo_poly_animal_RHINO_2,b95b95002cc603d8b4aec4836d1edc6b1f129efb,b87e834ba5e263774477edc6fc956070795ab1b6,6,1.0
c864df0dfe9d600c3008c501f87942d6a87c080a,lo_poly_animal_CHICKDEE,lo_poly_animal_TRANTULA,b95b95002cc603d8b4aec4836d1edc6b1f129efb,8f14ff8cf138e89d90211a7811968af08d4d7098,9,1.0
c864df0dfe9d600c3008c501f87942d6a87c080a,lo_poly_animal_CHICKDEE,weimaraner,b95b95002cc603d8b4aec4836d1edc6b1f129efb,4f263a161cdd009ff7f9aa88ed9be2b852772142,12,1.0
c864df0dfe9d600c3008c501f87942d6a87c080a,lo_poly_animal_CHICKDEE,womens_shorts_01M,b95b95002cc603d8b4aec4836d1edc6b1f129efb,66c09717173c555eced9e7a167f405b7d08ab18f,10,1.0
c864df0dfe9d600c3008c501f87942d6a87c080a,lo_poly_animal_CHICKDEE,womens_stockings_01M,b95b95002cc603d8b4aec4836d1edc6b1f129efb,7ed95b3ba88443ed63f25ffe0b5fb52d78dab676,5,1.0
c864df0dfe9d600c3008c501f87942d6a87c080a,lo_poly_animal_CHICKDEE,zebra,b95b95002cc603d8b4aec4836d1edc6b1f129efb,21afbd503b5d4f9c399c4a66baef6bd6e894715f,9,1.0
c9a6c37d0b39be7dd0d8955e4916d6748f2e005c,interior_details_103_4,22_acoustic_guitar,6c726f0ba025cab6490df5c05a6c436be87205ad,b17c9b116f73af5e54e294b1362187bb666a1737,21,0.7619047619047619
c9a6c37d0b39be7dd0d8955e4916d6748f2e005c,interior_details_103_4,Hanger_02,6c726f0ba025cab6490df5c05a6c436be87205ad,2ef7b8f76464ac15cea9c2eaf23bfb992cfa8a20,11,0.5454545454545454
c9a6c37d0b39be7dd0d8955e4916d6748f2e005c,interior_details_103_4,MB27346,6c726f0ba025cab6490df5c05a6c436be87205ad,f3b1fb66463bf84b593dad9fd1028aa8db6f3720,5,0.6
c9a6c37d0b39be7dd0d8955e4916d6748f2e005c,interior_details_103_4,MB28699,6c726f0ba025cab6490df5c05a6c436be87205ad,ee36e4d66958199793add93da479822f4d1164e6,13,0.7692307692307693
c9a6c37d0b39be7dd0d8955e4916d6748f2e005c,interior_details_103_4,MB29874,6c726f0ba025cab6490df5c05a6c436be87205ad,7cc042e01ac7e57de362ae777017d3e1b727c9f0,11,0.6363636363636364
c9a6c37d0b39be7dd0d8955e4916d6748f2e005c,interior_details_103_4,MB30203,6c726f0ba025cab6490df5c05a6c436be87205ad,e6e0c7209f8a7908c49f803651f7382e3a2e75c5,17,0.9411764705882353
c9a6c37d0b39be7dd0d8955e4916d6748f2e005c,interior_details_103_4,MB30758,6c726f0ba025cab6490df5c05a6c436be87205ad,61c2291042151124f703bb567c32ab30fda22360,8,0.75
c9a6c37d0b39be7dd0d8955e4916d6748f2e005c,interior_details_103_4,antique_furniture_item_18,6c726f0ba025cab6490df5c05a6c436be87205ad,bad9c53885fbc5be5a358b2ae742704b9f280dfa,6,0.8333333333333334
c9a6c37d0b39be7dd0d8955e4916d6748f2e005c,interior_details_103_4,build51,6c726f0ba025cab6490df5c05a6c436be87205ad,c6a67bcc6433546d8ede05ca6b05e089509d27ed,8,0.875
c9a6c37d0b39be7dd0d8955e4916d6748f2e005c,interior_details_103_4,calc01,6c726f0ba025cab6490df5c05a6c436be87205ad,1858def1a1ecf0e1de87fdbb649b8586cd9210fb,4,1.0
c9a6c37d0b39be7dd0d8955e4916d6748f2e005c,interior_details_103_4,dromedary,6c726f0ba025cab6490df5c05a6c436be87205ad,d47c3fb53513386e01d13c19f771ca5eb0f7da90,17,0.7647058823529411
c9a6c37d0b39be7dd0d8955e4916d6748f2e005c,interior_details_103_4,interior_details_130_2,6c726f0ba025cab6490df5c05a6c436be87205ad,f730e2fab41495e73bf0e665266a51a692d1ca54,15,0.6666666666666666
c9a6c37d0b39be7dd0d8955e4916d6748f2e005c,interior_details_103_4,kitchen_equipment_knife2,6c726f0ba025cab6490df5c05a6c436be87205ad,4c406e5b2db8e63397199570ff59e65caeca5775,6,0.5
c9a6c37d0b39be7dd0d8955e4916d6748f2e005c,interior_details_103_4,lo_poly_animal_BEAR_BLK,6c726f0ba025cab6490df5c05a6c436be87205ad,3c6c194cc864f2a655446efa548eef153a393618,20,0.95
c9a6c37d0b39be7dd0d8955e4916d6748f2e005c,interior_details_103_4,lo_poly_animal_CHICKDEE,6c726f0ba025cab6490df5c05a6c436be87205ad,b95b95002cc603d8b4aec4836d1edc6b1f129efb,16,0.8125
c9a6c37d0b39be7dd0d8955e4916d6748f2e005c,interior_details_103_4,lo_poly_animal_ELE_AS1,6c726f0ba025cab6490df5c05a6c436be87205ad,41313a938cb781cbd60a6870530e116a9d98e48c,7,0.7142857142857143
c9a6c37d0b39be7dd0d8955e4916d6748f2e005c,interior_details_103_4,weimaraner,6c726f0ba025cab6490df5c05a6c436be87205ad,4f263a161cdd009ff7f9aa88ed9be2b852772142,18,0.7777777777777778
c9a6c37d0b39be7dd0d8955e4916d6748f2e005c,interior_details_103_4,womens_stockings_01M,6c726f0ba025cab6490df5c05a6c436be87205ad,7ed95b3ba88443ed63f25ffe0b5fb52d78dab676,11,1.0
c9a6c37d0b39be7dd0d8955e4916d6748f2e005c,interior_details_103_4,zebra,6c726f0ba025cab6490df5c05a6c436be87205ad,21afbd503b5d4f9c399c4a66baef6bd6e894715f,21,0.7619047619047619
ca90e8396b021e5c30d549c5fb8fd9c0ffc07914,interior_details_130_2,22_acoustic_guitar,f730e2fab41495e73bf0e665266a51a692d1ca54,b17c9b116f73af5e54e294b1362187bb666a1737,12,0.9166666666666666
ca90e8396b021e5c30d549c5fb8fd9c0ffc07914,interior_details_130_2,Hanger_02,f730e2fab41495e73bf0e665266a51a692d1ca54,2ef7b8f76464ac15cea9c2eaf23bfb992cfa8a20,6,1.0
ca90e8396b021e5c30d549c5fb8fd9c0ffc07914,interior_details_130_2,MB27346,f730e2fab41495e73bf0e665266a51a692d1ca54,f3b1fb66463bf84b593dad9fd1028aa8db6f3720,21,0.9523809523809523
ca90e8396b021e5c30d549c5fb8fd9c0ffc07914,interior_details_130_2,MB28699,f730e2fab41495e73bf0e665266a51a692d1ca54,ee36e4d66958199793add93da479822f4d1164e6,17,1.0
ca90e8396b021e5c30d549c5fb8fd9c0ffc07914,interior_details_130_2,MB29874,f730e2fab41495e73bf0e665266a51a692d1ca54,7cc042e01ac7e57de362ae777017d3e1b727c9f0,18,1.0
ca90e8396b021e5c30d549c5fb8fd9c0ffc07914,interior_details_130_2,MB30203,f730e2fab41495e73bf0e665266a51a692d1ca54,e6e0c7209f8a7908c49f803651f7382e3a2e75c5,17,1.0
ca90e8396b021e5c30d549c5fb8fd9c0ffc07914,interior_details_130_2,MB30758,f730e2fab41495e73bf0e665266a51a692d1ca54,61c2291042151124f703bb567c32ab30fda22360,4,1.0
ca90e8396b021e5c30d549c5fb8fd9c0ffc07914,interior_details_130_2,build51,f730e2fab41495e73bf0e665266a51a692d1ca54,c6a67bcc6433546d8ede05ca6b05e089509d27ed,6,1.0
ca90e8396b021e5c30d549c5fb8fd9c0ffc07914,interior_details_130_2,calc01,f730e2fab41495e73bf0e665266a51a692d1ca54,1858def1a1ecf0e1de87fdbb649b8586cd9210fb,19,1.0
ca90e8396b021e5c30d549c5fb8fd9c0ffc07914,interior_details_130_2,dromedary,f730e2fab41495e73bf0e665266a51a692d1ca54,d47c3fb53513386e01d13c19f771ca5eb0f7da90,6,1.0
ca90e8396b021e5c30d549c5fb8fd9c0ffc07914,interior_details_130_2,flarenut_spanner,f730e2fab41495e73bf0e665266a51a692d1ca54,3b87ec5ffc07c08a35116928a8b6ffb64390e0a4,6,1.0
ca90e8396b021e5c30d549c5fb8fd9c0ffc07914,interior_details_130_2,interior_details_103_4,f730e2fab41495e73bf0e665266a51a692d1ca54,6c726f0ba025cab6490df5c05a6c436be87205ad,6,1.0
ca90e8396b021e5c30d549c5fb8fd9c0ffc07914,interior_details_130_2,kitchen_equipment_knife2,f730e2fab41495e73bf0e665266a51a692d1ca54,4c406e5b2db8e63397199570ff59e65caeca5775,5,1.0
ca90e8396b021e5c30d549c5fb8fd9c0ffc07914,interior_details_130_2,lo_poly_animal_BEAR_BLK,f730e2fab41495e73bf0e665266a51a692d1ca54,3c6c194cc864f2a655446efa548eef153a393618,7,1.0
ca90e8396b021e5c30d549c5fb8fd9c0ffc07914,interior_details_130_2,lo_poly_animal_CHICKDEE,f730e2fab41495e73bf0e665266a51a692d1ca54,b95b95002cc603d8b4aec4836d1edc6b1f129efb,17,1.0
ca90e8396b021e5c30d549c5fb8fd9c0ffc07914,interior_details_130_2,lo_poly_animal_ELE_AS1,f730e2fab41495e73bf0e665266a51a692d1ca54,41313a938cb781cbd60a6870530e116a9d98e48c,5,1.0
ca90e8396b021e5c30d549c5fb8fd9c0ffc07914,interior_details_130_2,lo_poly_animal_RHINO_2,f730e2fab41495e73bf0e665266a51a692d1ca54,b87e834ba5e263774477edc6fc956070795ab1b6,11,0.9090909090909091
ca90e8396b021e5c30d549c5fb8fd9c0ffc07914,interior_details_130_2,lo_poly_animal_TRANTULA,f730e2fab41495e73bf0e665266a51a692d1ca54,8f14ff8cf138e89d90211a7811968af08d4d7098,6,1.0
ca90e8396b021e5c30d549c5fb8fd9c0ffc07914,interior_details_130_2,weimaraner,f730e2fab41495e73bf0e665266a51a692d1ca54,4f263a161cdd009ff7f9aa88ed9be2b852772142,5,1.0
ca90e8396b021e5c30d549c5fb8fd9c0ffc07914,interior_details_130_2,womens_shorts_01M,f730e2fab41495e73bf0e665266a51a692d1ca54,66c09717173c555eced9e7a167f405b7d08ab18f,9,1.0
ca90e8396b021e5c30d549c5fb8fd9c0ffc07914,interior_details_130_2,womens_stockings_01M,f730e2fab41495e73bf0e665266a51a692d1ca54,7ed95b3ba88443ed63f25ffe0b5fb52d78dab676,6,1.0
ca90e8396b021e5c30d549c5fb8fd9c0ffc07914,interior_details_130_2,zebra,f730e2fab41495e73bf0e665266a51a692d1ca54,21afbd503b5d4f9c399c4a66baef6bd6e894715f,9,1.0
cac701b08616c10b0003fe245f73727990246171,kitchen_equipment_knife2,22_acoustic_guitar,4c406e5b2db8e63397199570ff59e65caeca5775,b17c9b116f73af5e54e294b1362187bb666a1737,5,0.6
cac701b08616c10b0003fe245f73727990246171,kitchen_equipment_knife2,Hanger_02,4c406e5b2db8e63397199570ff59e65caeca5775,2ef7b8f76464ac15cea9c2eaf23bfb992cfa8a20,15,0.6
cac701b08616c10b0003fe245f73727990246171,kitchen_equipment_knife2,MB28699,4c406e5b2db8e63397199570ff59e65caeca5775,ee36e4d66958199793add93da479822f4d1164e6,7,0.8571428571428571
cac701b08616c10b0003fe245f73727990246171,kitchen_equipment_knife2,MB29874,4c406e5b2db8e63397199570ff59e65caeca5775,7cc042e01ac7e57de362ae777017d3e1b727c9f0,11,0.8181818181818182
cac701b08616c10b0003fe245f73727990246171,kitchen_equipment_knife2,MB30203,4c406e5b2db8e63397199570ff59e65caeca5775,e6e0c7209f8a7908c49f803651f7382e3a2e75c5,11,0.7272727272727273
cac701b08616c10b0003fe245f73727990246171,kitchen_equipment_knife2,MB30758,4c406e5b2db8e63397199570ff59e65caeca5775,61c2291042151124f703bb567c32ab30fda22360,6,0.8333333333333334
cac701b08616c10b0003fe245f73727990246171,kitchen_equipment_knife2,antique_furniture_item_18,4c406e5b2db8e63397199570ff59e65caeca5775,bad9c53885fbc5be5a358b2ae742704b9f280dfa,9,0.5555555555555556
cac701b08616c10b0003fe245f73727990246171,kitchen_equipment_knife2,calc01,4c406e5b2db8e63397199570ff59e65caeca5775,1858def1a1ecf0e1de87fdbb649b8586cd9210fb,12,0.5833333333333334
cac701b08616c10b0003fe245f73727990246171,kitchen_equipment_knife2,dromedary,4c406e5b2db8e63397199570ff59e65caeca5775,d47c3fb53513386e01d13c19f771ca5eb0f7da90,10,0.7
cac701b08616c10b0003fe245f73727990246171,kitchen_equipment_knife2,flarenut_spanner,4c406e5b2db8e63397199570ff59e65caeca5775,3b87ec5ffc07c08a35116928a8b6ffb64390e0a4,25,0.6
cac701b08616c10b0003fe245f73727990246171,kitchen_equipment_knife2,interior_details_103_4,4c406e5b2db8e63397199570ff59e65caeca5775,6c726f0ba025cab6490df5c05a6c436be87205ad,10,0.6
cac701b08616c10b0003fe245f73727990246171,kitchen_equipment_knife2,interior_details_130_2,4c406e5b2db8e63397199570ff59e65caeca5775,f730e2fab41495e73bf0e665266a51a692d1ca54,8,0.625
cac701b08616c10b0003fe245f73727990246171,kitchen_equipment_knife2,lo_poly_animal_BEAR_BLK,4c406e5b2db8e63397199570ff59e65caeca5775,3c6c194cc864f2a655446efa548eef153a393618,10,0.8
cac701b08616c10b0003fe245f73727990246171,kitchen_equipment_knife2,lo_poly_animal_ELE_AS1,4c406e5b2db8e63397199570ff59e65caeca5775,41313a938cb781cbd60a6870530e116a9d98e48c,6,0.8333333333333334
cac701b08616c10b0003fe245f73727990246171,kitchen_equipment_knife2,lo_poly_animal_RHINO_2,4c406e5b2db8e63397199570ff59e65caeca5775,b87e834ba5e263774477edc6fc956070795ab1b6,13,0.8461538461538461
cac701b08616c10b0003fe245f73727990246171,kitchen_equipment_knife2,lo_poly_animal_TRANTULA,4c406e5b2db8e63397199570ff59e65caeca5775,8f14ff8cf138e89d90211a7811968af08d4d7098,19,0.631578947368421
cac701b08616c10b0003fe245f73727990246171,kitchen_equipment_knife2,weimaraner,4c406e5b2db8e63397199570ff59e65caeca5775,4f263a161cdd009ff7f9aa88ed9be2b852772142,15,0.6666666666666666
cac701b08616c10b0003fe245f73727990246171,kitchen_equipment_knife2,womens_shorts_01M,4c406e5b2db8e63397199570ff59e65caeca5775,66c09717173c555eced9e7a167f405b7d08ab18f,16,0.8125
cac701b08616c10b0003fe245f73727990246171,kitchen_equipment_knife2,zebra,4c406e5b2db8e63397199570ff59e65caeca5775,21afbd503b5d4f9c399c4a66baef6bd6e894715f,5,0.8
cb22bec46e2493f0ee8917725cf2eaaf131fd51b,lo_poly_animal_TRANTULA,22_acoustic_guitar,8f14ff8cf138e89d90211a7811968af08d4d7098,b17c9b116f73af5e54e294b1362187bb666a1737,9,1.0
cb22bec46e2493f0ee8917725cf2eaaf131fd51b,lo_poly_animal_TRANTULA,Hanger_02,8f14ff8cf138e89d90211a7811968af08d4d7098,2ef7b8f76464ac15cea9c2eaf23bfb992cfa8a20,8,1.0
cb22bec46e2493f0ee8917725cf2eaaf131fd51b,lo_poly_animal_TRANTULA,MB27346,8f14ff8cf138e89d90211a7811968af08d4d7098,f3b1fb66463bf84b593dad9fd1028aa8db6f3720,21,0.9523809523809523
cb22bec46e2493f0ee8917725cf2eaaf131fd51b,lo_poly_animal_TRANTULA,MB28699,8f14ff8cf138e89d90211a7811968af08d4d7098,ee36e4d66958199793add93da479822f4d1164e6,8,1.0
cb22bec46e2493f0ee8917725cf2eaaf131fd51b,lo_poly_animal_TRANTULA,MB29874,8f14ff8cf138e89d90211a7811968af08d4d7098,7cc042e01ac7e57de362ae777017d3e1b727c9f0,8,1.0
cb22bec46e2493f0ee8917725cf2eaaf131fd51b,lo_poly_animal_TRANTULA,MB30203,8f14ff8cf138e89d90211a7811968af08d4d7098,e6e0c7209f8a7908c49f803651f7382e3a2e75c5,11,1.0
cb22bec46e2493f0ee8917725cf2eaaf131fd51b,lo_poly_animal_TRANTULA,MB30758,8f14ff8cf138e89d90211a7811968af08d4d7098,61c2291042151124f703bb567c32ab30fda22360,6,1.0
cb22bec46e2493f0ee8917725cf2eaaf131fd51b,lo_poly_animal_TRANTULA,antique_furniture_item_18,8f14ff8cf138e89d90211a7811968af08d4d7098,bad9c53885fbc5be5a358b2ae742704b9f280dfa,7,1.0
cb22bec46e2493f0ee8917725cf2eaaf131fd51b,lo_poly_animal_TRANTULA,build51,8f14ff8cf138e89d90211a7811968af08d4d7098,c6a67bcc6433546d8ede05ca6b05e089509d27ed,8,1.0
cb22bec46e2493f0ee8917725cf2eaaf131fd51b,lo_poly_animal_TRANTULA,calc01,8f14ff8cf138e89d90211a7811968af08d4d7098,1858def1a1ecf0e1de87fdbb649b8586cd9210fb,8,1.0
cb22bec46e2493f0ee8917725cf2eaaf131fd51b,lo_poly_animal_TRANTULA,dromedary,8f14ff8cf138e89d90211a7811968af08d4d7098,d47c3fb53513386e01d13c19f771ca5eb0f7da90,8,1.0
cb22bec46e2493f0ee8917725cf2eaaf131fd51b,lo_poly_animal_TRANTULA,interior_details_103_4,8f14ff8cf138e89d90211a7811968af08d4d7098,6c726f0ba025cab6490df5c05a6c436be87205ad,5,1.0
cb22bec46e2493f0ee8917725cf2eaaf131fd51b,lo_poly_animal_TRANTULA,interior_details_130_2,8f14ff8cf138e89d90211a7811968af08d4d7098,f730e2fab41495e73bf0e665266a51a692d1ca54,9,1.0
cb22bec46e2493f0ee8917725cf2eaaf131fd51b,lo_poly_animal_TRANTULA,kitchen_equipment_knife2,8f14ff8cf138e89d90211a7811968af08d4d7098,4c406e5b2db8e63397199570ff59e65caeca5775,11,1.0
cb22bec46e2493f0ee8917725cf2eaaf131fd51b,lo_poly_animal_TRANTULA,lo_poly_animal_BEAR_BLK,8f14ff8cf138e89d90211a7811968af08d4d7098,3c6c194cc864f2a655446efa548eef153a393618,14,1.0
cb22bec46e2493f0ee8917725cf2eaaf131fd51b,lo_poly_animal_TRANTULA,lo_poly_animal_CHICKDEE,8f14ff8cf138e89d90211a7811968af08d4d7098,b95b95002cc603d8b4aec4836d1edc6b1f129efb,17,1.0
cb22bec46e2493f0ee8917725cf2eaaf131fd51b,lo_poly_animal_TRANTULA,lo_poly_animal_ELE_AS1,8f14ff8cf138e89d90211a7811968af08d4d7098,41313a938cb781cbd60a6870530e116a9d98e48c,4,1.0
cb22bec46e2493f0ee8917725cf2eaaf131fd51b,lo_poly_animal_TRANTULA,lo_poly_animal_RHINO_2,8f14ff8cf138e89d90211a7811968af08d4d7098,b87e834ba5e263774477edc6fc956070795ab1b6,13,0.8461538461538461
cb22bec46e2493f0ee8917725cf2eaaf131fd51b,lo_poly_animal_TRANTULA,weimaraner,8f14ff8cf138e89d90211a7811968af08d4d7098,4f263a161cdd009ff7f9aa88ed9be2b852772142,10,1.0
cb22bec46e2493f0ee8917725cf2eaaf131fd51b,lo_poly_animal_TRANTULA,womens_shorts_01M,8f14ff8cf138e89d90211a7811968af08d4d7098,66c09717173c555eced9e7a167f405b7d08ab18f,18,1.0
cb22bec46e2493f0ee8917725cf2eaaf131fd51b,lo_poly_animal_TRANTULA,womens_stockings_01M,8f14ff8cf138e89d90211a7811968af08d4d7098,7ed95b3ba88443ed63f25ffe0b5fb52d78dab676,5,0.8
cc84e7ba5b7eb47734c01ac350f1002f35da7b55,zebra,22_acoustic_guitar,21afbd503b5d4f9c399c4a66baef6bd6e894715f,b17c9b116f73af5e54e294b1362187bb666a1737,23,1.0
cc84e7ba5b7eb47734c01ac350f1002f35da7b55,zebra,Hanger_02,21afbd503b5d4f9c399c4a66baef6bd6e894715f,2ef7b8f76464ac15cea9c2eaf23bfb992cfa8a20,30,0.9333333333333333
cc84e7ba5b7eb47734c01ac350f1002f35da7b55,zebra,MB27346,21afbd503b5d4f9c399c4a66baef6bd6e894715f,f3b1fb66463bf84b593dad9fd1028aa8db6f3720,21,0.9523809523809523
cc84e7ba5b7eb47734c01ac350f1002f35da7b55,zebra,MB28699,21afbd503b5d4f9c399c4a66baef6bd6e894715f,ee36e4d66958199793add93da479822f4d1164e6,26,0.9615384615384616
cc84e7ba5b7eb47734c01ac350f1002f35da7b55,zebra,MB29874,21afbd503b5d4f9c399c4a66baef6bd6e894715f,7cc042e01ac7e57de362ae777017d3e1b727c9f0,26,1.0
cc84e7ba5b7eb47734c01ac350f1002f35da7b55,zebra,MB30203,21afbd503b5d4f9c399c4a66baef6bd6e894715f,e6e0c7209f8a7908c49f803651f7382e3a2e75c5,16,1.0
cc84e7ba5b7eb47734c01ac350f1002f35da7b55,zebra,MB30758,21afbd503b5d4f9c399c4a66baef6bd6e894715f,61c2291042151124f703bb567c32ab30fda22360,5,1.0
cc84e7ba5b7eb47734c01ac350f1002f35da7b55,zebra,antique_furniture_item_18,21afbd503b5d4f9c399c4a66baef6bd6e894715f,bad9c53885fbc5be5a358b2ae742704b9f280dfa,6,1.0
cc84e7ba5b7eb47734c01ac350f1002f35da7b55,zebra,build51,21afbd503b5d4f9c399c4a66baef6bd6e894715f,c6a67bcc6433546d8ede05ca6b05e089509d27ed,15,1.0
cc84e7ba5b7eb47734c01ac350f1002f35da7b55,zebra,calc01,21afbd503b5d4f9c399c4a66baef6bd6e894715f,1858def1a1ecf0e1de87fdbb649b8586cd9210fb,9,1.0
cc84e7ba5b7eb47734c01ac350f1002f35da7b55,zebra,dromedary,21afbd503b5d4f9c399c4a66baef6bd6e894715f,d47c3fb53513386e01d13c19f771ca5eb0f7da90,17,0.8235294117647058
cc84e7ba5b7eb47734c01ac350f1002f35da7b55,zebra,flarenut_spanner,21afbd503b5d4f9c399c4a66baef6bd6e894715f,3b87ec5ffc07c08a35116928a8b6ffb64390e0a4,24,0.9583333333333334
cc84e7ba5b7eb47734c01ac350f1002f35da7b55,zebra,interior_details_103_4,21afbd503b5d4f9c399c4a66baef6bd6e894715f,6c726f0ba025cab6490df5c05a6c436be87205ad,23,1.0
cc84e7ba5b7eb47734c01ac350f1002f35da7b55,zebra,interior_details_130_2,21afbd503b5d4f9c399c4a66baef6bd6e894715f,f730e2fab41495e73bf0e665266a51a692d1ca54,25,0.92
cc84e7ba5b7eb47734c01ac350f1002f35da7b55,zebra,kitchen_equipment_knife2,21afbd503b5d4f9c399c4a66baef6bd6e894715f,4c406e5b2db8e63397199570ff59e65caeca5775,25,0.96
cc84e7ba5b7eb47734c01ac350f1002f35da7b55,zebra,lo_poly_animal_BEAR_BLK,21afbd503b5d4f9c399c4a66baef6bd6e894715f,3c6c194cc864f2a655446efa548eef153a393618,15,0.8
cc84e7ba5b7eb47734c01ac350f1002f35da7b55,zebra,lo_poly_animal_CHICKDEE,21afbd503b5d4f9c399c4a66baef6bd6e894715f,b95b95002cc603d8b4aec4836d1edc6b1f129efb,24,1.0
cc84e7ba5b7eb47734c01ac350f1002f35da7b55,zebra,lo_poly_animal_ELE_AS1,21afbd503b5d4f9c399c4a66baef6bd6e894715f,41313a938cb781cbd60a6870530e116a9d98e48c,24,0.9166666666666666
cc84e7ba5b7eb47734c01ac350f1002f35da7b55,zebra,lo_poly_animal_RHINO_2,21afbd503b5d4f9c399c4a66baef6bd6e894715f,b87e834ba5e263774477edc6fc956070795ab1b6,13,0.7692307692307693
cc84e7ba5b7eb47734c01ac350f1002f35da7b55,zebra,lo_poly_animal_TRANTULA,21afbd503b5d4f9c399c4a66baef6bd6e894715f,8f14ff8cf138e89d90211a7811968af08d4d7098,13,1.0
cc84e7ba5b7eb47734c01ac350f1002f35da7b55,zebra,weimaraner,21afbd503b5d4f9c399c4a66baef6bd6e894715f,4f263a161cdd009ff7f9aa88ed9be2b852772142,24,0.8333333333333334
cc84e7ba5b7eb47734c01ac350f1002f35da7b55,zebra,womens_shorts_01M,21afbd503b5d4f9c399c4a66baef6bd6e894715f,66c09717173c555eced9e7a167f405b7d08ab18f,23,0.9565217391304348
cc84e7ba5b7eb47734c01ac350f1002f35da7b55,zebra,womens_stockings_01M,21afbd503b5d4f9c399c4a66baef6bd6e894715f,7ed95b3ba88443ed63f25ffe0b5fb52d78dab676,12,1.0
ccc3769498b2c8da5e85b44f861c30e160aeb9ea,lo_poly_animal_ELE_AS1,22_acoustic_guitar,41313a938cb781cbd60a6870530e116a9d98e48c,b17c9b116f73af5e54e294b1362187bb666a1737,18,1.0
ccc3769498b2c8da5e85b44f861c30e160aeb9ea,lo_poly_animal_ELE_AS1,Hanger_02,41313a938cb781cbd60a6870530e116a9d98e48c,2ef7b8f76464ac15cea9c2eaf23bfb992cfa8a20,7,1.0
ccc3769498b2c8da5e85b44f861c30e160aeb9ea,lo_poly_animal_ELE_AS1,MB27346,41313a938cb781cbd60a6870530e116a9d98e48c,f3b1fb66463bf84b593dad9fd1028aa8db6f3720,12,1.0
ccc3769498b2c8da5e85b44f861c30e160aeb9ea,lo_poly_animal_ELE_AS1,MB28699,41313a938cb781cbd60a6870530e116a9d98e48c,ee36e4d66958199793add93da479822f4d1164e6,18,1.0
ccc3769498b2c8da5e85b44f861c30e160aeb9ea,lo_poly_animal_ELE_AS1,MB29874,41313a938cb781cbd60a6870530e116a9d98e48c,7cc042e01ac7e57de362ae777017d3e1b727c9f0,9,1.0
ccc3769498b2c8da5e85b44f861c30e160aeb9ea,lo_poly_animal_ELE_AS1,MB30203,41313a938cb781cbd60a6870530e116a9d98e48c,e6e0c7209f8a7908c49f803651f7382e3a2e75c5,8,1.0
ccc3769498b2c8da5e85b44f861c30e160aeb9ea,lo_poly_animal_ELE_AS1,MB30758,41313a938cb781cbd60a6870530e116a9d98e48c,61c2291042151124f703bb567c32ab30fda22360,17,1.0
ccc3769498b2c8da5e85b44f861c30e160aeb9ea,lo_poly_animal_ELE_AS1,antique_furniture_item_18,41313a938cb781cbd60a6870530e116a9d98e48c,bad9c53885fbc5be5a358b2ae742704b9f280dfa,9,1.0
ccc3769498b2c8da5e85b44f861c30e160aeb9ea,lo_poly_animal_ELE_AS1,build51,41313a938cb781cbd60a6870530e116a9d98e48c,c6a67bcc6433546d8ede05ca6b05e089509d27ed,10,1.0
ccc3769498b2c8da5e85b44f861c30e160aeb9ea,lo_poly_animal_ELE_AS1,calc01,41313a938cb781cbd60a6870530e116a9d98e48c,1858def1a1ecf0e1de87fdbb649b8586cd9210fb,20,1.0
ccc3769498b2c8da5e85b44f861c30e160aeb9ea,lo_poly_animal_ELE_AS1,dromedary,41313a938cb781cbd60a6870530e116a9d98e48c,d47c3fb53513386e01d13c19f771ca5eb0f7da90,18,0.9444444444444444
ccc3769498b2c8da5e85b44f861c30e160aeb9ea,lo_poly_animal_ELE_AS1,flarenut_spanner,41313a938cb781cbd60a6870530e116a9d98e48c,3b87ec5ffc07c08a35116928a8b6ffb64390e0a4,18,1.0
ccc3769498b2c8da5e85b44f861c30e160aeb9ea,lo_poly_animal_ELE_AS1,interior_details_103_4,41313a938cb781cbd60a6870530e116a9d98e48c,6c726f0ba025cab6490df5c05a6c436be87205ad,11,1.0
ccc3769498b2c8da5e85b44f861c30e160aeb9ea,lo_poly_animal_ELE_AS1,interior_details_130_2,41313a938cb781cbd60a6870530e116a9d98e48c,f730e2fab41495e73bf0e665266a51a692d1ca54,29,1.0
ccc3769498b2c8da5e85b44f861c30e160aeb9ea,lo_poly_animal_ELE_AS1,kitchen_equipment_knife2,41313a938cb781cbd60a6870530e116a9d98e48c,4c406e5b2db8e63397199570ff59e65caeca5775,11,1.0
ccc3769498b2c8da5e85b44f861c30e160aeb9ea,lo_poly_animal_ELE_AS1,lo_poly_animal_BEAR_BLK,41313a938cb781cbd60a6870530e116a9d98e48c,3c6c194cc864f2a655446efa548eef153a393618,14,1.0
ccc3769498b2c8da5e85b44f861c30e160aeb9ea,lo_poly_animal_ELE_AS1,lo_poly_animal_CHICKDEE,41313a938cb781cbd60a6870530e116a9d98e48c,b95b95002cc603d8b4aec4836d1edc6b1f129efb,20,1.0
ccc3769498b2c8da5e85b44f861c30e160aeb9ea,lo_poly_animal_ELE_AS1,lo_poly_animal_RHINO_2,41313a938cb781cbd60a6870530e116a9d98e48c,b87e834ba5e263774477edc6fc956070795ab1b6,14,1.0
ccc3769498b2c8da5e85b44f861c30e160aeb9ea,lo_poly_animal_ELE_AS1,weimaraner,41313a938cb781cbd60a6870530e116a9d98e48c,4f263a161cdd009ff7f9aa88ed9be2b852772142,12,1.0
ccc3769498b2c8da5e85b44f861c30e160aeb9ea,lo_poly_animal_ELE_AS1,womens_shorts_01M,41313a938cb781cbd60a6870530e116a9d98e48c,66c09717173c555eced9e7a167f405b7d08ab18f,15,1.0
ccc3769498b2c8da5e85b44f861c30e160aeb9ea,lo_poly_animal_ELE_AS1,womens_stockings_01M,41313a938cb781cbd60a6870530e116a9d98e48c,7ed95b3ba88443ed63f25ffe0b5fb52d78dab676,15,1.0
ccc3769498b2c8da5e85b44f861c30e160aeb9ea,lo_poly_animal_ELE_AS1,zebra,41313a938cb781cbd60a6870530e116a9d98e48c,21afbd503b5d4f9c399c4a66baef6bd6e894715f,23,1.0
ceb027ae4e5b21e2d421c07589c1fbb1d53a1043,calc01,22_acoustic_guitar,1858def1a1ecf0e1de87fdbb649b8586cd9210fb,b17c9b116f73af5e54e294b1362187bb666a1737,6,1.0
ceb027ae4e5b21e2d421c07589c1fbb1d53a1043,calc01,Hanger_02,1858def1a1ecf0e1de87fdbb649b8586cd9210fb,2ef7b8f76464ac15cea9c2eaf23bfb992cfa8a20,10,0.9
ceb027ae4e5b21e2d421c07589c1fbb1d53a1043,calc01,MB27346,1858def1a1ecf0e1de87fdbb649b8586cd9210fb,f3b1fb66463bf84b593dad9fd1028aa8db6f3720,11,0.9090909090909091
ceb027ae4e5b21e2d421c07589c1fbb1d53a1043,calc01,MB28699,1858def1a1ecf0e1de87fdbb649b8586cd9210fb,ee36e4d66958199793add93da479822f4d1164e6,15,1.0
ceb027ae4e5b21e2d421c07589c1fbb1d53a1043,calc01,MB29874,1858def1a1ecf0e1de87fdbb649b8586cd9210fb,7cc042e01ac7e57de362ae777017d3e1b727c9f0,4,1.0
ceb027ae4e5b21e2d421c07589c1fbb1d53a1043,calc01,MB30203,1858def1a1ecf0e1de87fdbb649b8586cd9210fb,e6e0c7209f8a7908c49f803651f7382e3a2e75c5,15,0.9333333333333333
ceb027ae4e5b21e2d421c07589c1fbb1d53a1043,calc01,MB30758,1858def1a1ecf0e1de87fdbb649b8586cd9210fb,61c2291042151124f703bb567c32ab30fda22360,6,1.0
ceb027ae4e5b21e2d421c07589c1fbb1d53a1043,calc01,build51,1858def1a1ecf0e1de87fdbb649b8586cd9210fb,c6a67bcc6433546d8ede05ca6b05e089509d27ed,4,1.0
ceb027ae4e5b21e2d421c07589c1fbb1d53a1043,calc01,kitchen_equipment_knife2,1858def1a1ecf0e1de87fdbb649b8586cd9210fb,4c406e5b2db8e63397199570ff59e65caeca5775,15,0.9333333333333333
ceb027ae4e5b21e2d421c07589c1fbb1d53a1043,calc01,lo_poly_animal_CHICKDEE,1858def1a1ecf0e1de87fdbb649b8586cd9210fb,b95b95002cc603d8b4aec4836d1edc6b1f129efb,5,1.0
ceb027ae4e5b21e2d421c07589c1fbb1d53a1043,calc01,lo_poly_animal_ELE_AS1,1858def1a1ecf0e1de87fdbb649b8586cd9210fb,41313a938cb781cbd60a6870530e116a9d98e48c,22,0.9545454545454546
ceb027ae4e5b21e2d421c07589c1fbb1d53a1043,calc01,lo_poly_animal_RHINO_2,1858def1a1ecf0e1de87fdbb649b8586cd9210fb,b87e834ba5e263774477edc6fc956070795ab1b6,6,1.0
ceb027ae4e5b21e2d421c07589c1fbb1d53a1043,calc01,lo_poly_animal_TRANTULA,1858def1a1ecf0e1de87fdbb649b8586cd9210fb,8f14ff8cf138e89d90211a7811968af08d4d7098,12,0.9166666666666666
ceb027ae4e5b21e2d421c07589c1fbb1d53a1043,calc01,weimaraner,1858def1a1ecf0e1de87fdbb649b8586cd9210fb,4f263a161cdd009ff7f9aa88ed9be2b852772142,11,1.0
ceb027ae4e5b21e2d421c07589c1fbb1d53a1043,calc01,womens_shorts_01M,1858def1a1ecf0e1de87fdbb649b8586cd9210fb,66c09717173c555eced9e7a167f405b7d08ab18f,9,1.0
ceb027ae4e5b21e2d421c07589c1fbb1d53a1043,calc01,womens_stockings_01M,1858def1a1ecf0e1de87fdbb649b8586cd9210fb,7ed95b3ba88443ed63f25ffe0b5fb52d78dab676,8,1.0
ceb027ae4e5b21e2d421c07589c1fbb1d53a1043,calc01,zebra,1858def1a1ecf0e1de87fdbb649b8586cd9210fb,21afbd503b5d4f9c399c4a66baef6bd6e894715f,6,1.0
cecf73266a0a6234c2ca6355778d5680beb960b2,kitchen_equipment_knife2,22_acoustic_guitar,4c406e5b2db8e63397199570ff59e65caeca5775,b17c9b116f73af5e54e294b1362187bb666a1737,15,0.9333333333333333
cecf73266a0a6234c2ca6355778d5680beb960b2,kitchen_equipment_knife2,Hanger_02,4c406e5b2db8e63397199570ff59e65caeca5775,2ef7b8f76464ac15cea9c2eaf23bfb992cfa8a20,12,0.8333333333333334
cecf73266a0a6234c2ca6355778d5680beb960b2,kitchen_equipment_knife2,MB27346,4c406e5b2db8e63397199570ff59e65caeca5775,f3b1fb66463bf84b593dad9fd1028aa8db6f3720,9,0.8888888888888888
cecf73266a0a6234c2ca6355778d5680beb960b2,kitchen_equipment_knife2,MB28699,4c406e5b2db8e63397199570ff59e65caeca5775,ee36e4d66958199793add93da479822f4d1164e6,14,1.0
cecf73266a0a6234c2ca6355778d5680beb960b2,kitchen_equipment_knife2,MB29874,4c406e5b2db8e63397199570ff59e65caeca5775,7cc042e01ac7e57de362ae777017d3e1b727c9f0,12,1.0
cecf73266a0a6234c2ca6355778d5680beb960b2,kitchen_equipment_knife2,MB30203,4c406e5b2db8e63397199570ff59e65caeca5775,e6e0c7209f8a7908c49f803651f7382e3a2e75c5,20,0.9
cecf73266a0a6234c2ca6355778d5680beb960b2,kitchen_equipment_knife2,MB30758,4c406e5b2db8e63397199570ff59e65caeca5775,61c2291042151124f703bb567c32ab30fda22360,15,0.8666666666666667
cecf73266a0a6234c2ca6355778d5680beb960b2,kitchen_equipment_knife2,antique_furniture_item_18,4c406e5b2db8e63397199570ff59e65caeca5775,bad9c53885fbc5be5a358b2ae742704b9f280dfa,14,1.0
cecf73266a0a6234c2ca6355778d5680beb960b2,kitchen_equipment_knife2,build51,4c406e5b2db8e63397199570ff59e65caeca5775,c6a67bcc6433546d8ede05ca6b05e089509d27ed,12,1.0
cecf73266a0a6234c2ca6355778d5680beb960b2,kitchen_equipment_knife2,calc01,4c406e5b2db8e63397199570ff59e65caeca5775,1858def1a1ecf0e1de87fdbb649b8586cd9210fb,20,1.0
cecf73266a0a6234c2ca6355778d5680beb960b2,kitchen_equipment_knife2,dromedary,4c406e5b2db8e63397199570ff59e65caeca5775,d47c3fb53513386e01d13c19f771ca5eb0f7da90,18,1.0
cecf73266a0a6234c2ca6355778d5680beb960b2,kitchen_equipment_knife2,flarenut_spanner,4c406e5b2db8e63397199570ff59e65caeca5775,3b87ec5ffc07c08a35116928a8b6ffb64390e0a4,11,1.0
cecf73266a0a6234c2ca6355778d5680beb960b2,kitchen_equipment_knife2,interior_details_103_4,4c406e5b2db8e63397199570ff59e65caeca5775,6c726f0ba025cab6490df5c05a6c436be87205ad,5,1.0
cecf73266a0a6234c2ca6355778d5680beb960b2,kitchen_equipment_knife2,interior_details_130_2,4c406e5b2db8e63397199570ff59e65caeca5775,f730e2fab41495e73bf0e665266a51a692d1ca54,14,1.0
cecf73266a0a6234c2ca6355778d5680beb960b2,kitchen_equipment_knife2,lo_poly_animal_BEAR_BLK,4c406e5b2db8e63397199570ff59e65caeca5775,3c6c194cc864f2a655446efa548eef153a393618,11,1.0
cecf73266a0a6234c2ca6355778d5680beb960b2,kitchen_equipment_knife2,lo_poly_animal_CHICKDEE,4c406e5b2db8e63397199570ff59e65caeca5775,b95b95002cc603d8b4aec4836d1edc6b1f129efb,8,1.0
cecf73266a0a6234c2ca6355778d5680beb960b2,kitchen_equipment_knife2,lo_poly_animal_ELE_AS1,4c406e5b2db8e63397199570ff59e65caeca5775,41313a938cb781cbd60a6870530e116a9d98e48c,12,1.0
cecf73266a0a6234c2ca6355778d5680beb960b2,kitchen_equipment_knife2,lo_poly_animal_RHINO_2,4c406e5b2db8e63397199570ff59e65caeca5775,b87e834ba5e263774477edc6fc956070795ab1b6,23,0.9130434782608695
cecf73266a0a6234c2ca6355778d5680beb960b2,kitchen_equipment_knife2,lo_poly_animal_TRANTULA,4c406e5b2db8e63397199570ff59e65caeca5775,8f14ff8cf138e89d90211a7811968af08d4d7098,21,0.9523809523809523
cecf73266a0a6234c2ca6355778d5680beb960b2,kitchen_equipment_knife2,weimaraner,4c406e5b2db8e63397199570ff59e65caeca5775,4f263a161cdd009ff7f9aa88ed9be2b852772142,12,1.0
cecf73266a0a6234c2ca6355778d5680beb960b2,kitchen_equipment_knife2,womens_shorts_01M,4c406e5b2db8e63397199570ff59e65caeca5775,66c09717173c555eced9e7a167f405b7d08ab18f,8,1.0
cecf73266a0a6234c2ca6355778d5680beb960b2,kitchen_equipment_knife2,womens_stockings_01M,4c406e5b2db8e63397199570ff59e65caeca5775,7ed95b3ba88443ed63f25ffe0b5fb52d78dab676,12,1.0
cecf73266a0a6234c2ca6355778d5680beb960b2,kitchen_equipment_knife2,zebra,4c406e5b2db8e63397199570ff59e65caeca5775,21afbd503b5d4f9c399c4a66baef6bd6e894715f,11,1.0
cf5c0130241c1682db4b0f84dc66ae3af8440b4b,MB30758,22_acoustic_guitar,61c2291042151124f703bb567c32ab30fda22360,b17c9b116f73af5e54e294b1362187bb666a1737,11,1.0
cf5c0130241c1682db4b0f84dc66ae3af8440b4b,MB30758,Hanger_02,61c2291042151124f703bb567c32ab30fda22360,2ef7b8f76464ac15cea9c2eaf23bfb992cfa8a20,13,1.0
cf5c0130241c1682db4b0f84dc66ae3af8440b4b,MB30758,MB27346,61c2291042151124f703bb567c32ab30fda22360,f3b1fb66463bf84b593dad9fd1028aa8db6f3720,23,1.0
cf5c0130241c1682db4b0f84dc66ae3af8440b4b,MB30758,MB29874,61c2291042151124f703bb567c32ab30fda22360,7cc042e01ac7e57de362ae777017d3e1b727c9f0,11,0.9090909090909091
cf5c0130241c1682db4b0f84dc66ae3af8440b4b,MB30758,MB30203,61c2291042151124f703bb567c32ab30fda22360,e6e0c7209f8a7908c49f803651f7382e3a2e75c5,13,1.0
cf5c0130241c1682db4b0f84dc66ae3af8440b4b,MB30758,antique_furniture_item_18,61c2291042151124f703bb567c32ab30fda22360,bad9c53885fbc5be5a358b2ae742704b9f280dfa,19,1.0
cf5c0130241c1682db4b0f84dc66ae3af8440b4b,MB30758,build51,61c2291042151124f703bb567c32ab30fda22360,c6a67bcc6433546d8ede05ca6b05e089509d27ed,5,0.8
cf5c0130241c1682db4b0f84dc66ae3af8440b4b,MB30758,calc01,61c2291042151124f703bb567c32ab30fda22360,1858def1a1ecf0e1de87fdbb649b8586cd9210fb,22,0.9545454545454546
cf5c0130241c1682db4b0f84dc66ae3af8440b4b,MB30758,dromedary,61c2291042151124f703bb567c32ab30fda22360,d47c3fb53513386e01d13c19f771ca5eb0f7da90,13,1.0
cf5c0130241c1682db4b0f84dc66ae3af8440b4b,MB30758,flarenut_spanner,61c2291042151124f703bb567c32ab30fda22360,3b87ec5ffc07c08a35116928a8b6ffb64390e0a4,8,1.0
cf5c0130241c1682db4b0f84dc66ae3af8440b4b,MB30758,interior_details_103_4,61c2291042151124f703bb567c32ab30fda22360,6c726f0ba025cab6490df5c05a6c436be87205ad,31,1.0
cf5c0130241c1682db4b0f84dc66ae3af8440b4b,MB30758,interior_details_130_2,61c2291042151124f703bb567c32ab30fda22360,f730e2fab41495e73bf0e665266a51a692d1ca54,12,1.0
cf5c0130241c1682db4b0f84dc66ae3af8440b4b,MB30758,kitchen_equipment_knife2,61c2291042151124f703bb567c32ab30fda22360,4c406e5b2db8e63397199570ff59e65caeca5775,25,1.0
cf5c0130241c1682db4b0f84dc66ae3af8440b4b,MB30758,lo_poly_animal_BEAR_BLK,61c2291042151124f703bb567c32ab30fda22360,3c6c194cc864f2a655446efa548eef153a393618,15,1.0
cf5c0130241c1682db4b0f84dc66ae3af8440b4b,MB30758,lo_poly_animal_CHICKDEE,61c2291042151124f703bb567c32ab30fda22360,b95b95002cc603d8b4aec4836d1edc6b1f129efb,6,0.6666666666666666
cf5c0130241c1682db4b0f84dc66ae3af8440b4b,MB30758,lo_poly_animal_ELE_AS1,61c2291042151124f703bb567c32ab30fda22360,41313a938cb781cbd60a6870530e116a9d98e48c,13,1.0
cf5c0130241c1682db4b0f84dc66ae3af8440b4b,MB30758,lo_poly_animal_RHINO_2,61c2291042151124f703bb567c32ab30fda22360,b87e834ba5e263774477edc6fc956070795ab1b6,26,1.0
cf5c0130241c1682db4b0f84dc66ae3af8440b4b,MB30758,lo_poly_animal_TRANTULA,61c2291042151124f703bb567c32ab30fda22360,8f14ff8cf138e89d90211a7811968af08d4d7098,18,0.9444444444444444
cf5c0130241c1682db4b0f84dc66ae3af8440b4b,MB30758,weimaraner,61c2291042151124f703bb567c32ab30fda22360,4f263a161cdd009ff7f9aa88ed9be2b852772142,17,1.0
cf5c0130241c1682db4b0f84dc66ae3af8440b4b,MB30758,womens_shorts_01M,61c2291042151124f703bb567c32ab30fda22360,66c09717173c555eced9e7a167f405b7d08ab18f,16,1.0
cf5c0130241c1682db4b0f84dc66ae3af8440b4b,MB30758,womens_stockings_01M,61c2291042151124f703bb567c32ab30fda22360,7ed95b3ba88443ed63f25ffe0b5fb52d78dab676,16,1.0
cf5c0130241c1682db4b0f84dc66ae3af8440b4b,MB30758,zebra,61c2291042151124f703bb567c32ab30fda22360,21afbd503b5d4f9c399c4a66baef6bd6e894715f,17,1.0
cf7e01750326ac1432e10b47a11ba732d547ef78,MB30203,22_acoustic_guitar,e6e0c7209f8a7908c49f803651f7382e3a2e75c5,b17c9b116f73af5e54e294b1362187bb666a1737,12,1.0
cf7e01750326ac1432e10b47a11ba732d547ef78,MB30203,Hanger_02,e6e0c7209f8a7908c49f803651f7382e3a2e75c5,2ef7b8f76464ac15cea9c2eaf23bfb992cfa8a20,7,0.8571428571428571
cf7e01750326ac1432e10b47a11ba732d547ef78,MB30203,MB27346,e6e0c7209f8a7908c49f803651f7382e3a2e75c5,f3b1fb66463bf84b593dad9fd1028aa8db6f3720,5,0.8
cf7e01750326ac1432e10b47a11ba732d547ef78,MB30203,MB28699,e6e0c7209f8a7908c49f803651f7382e3a2e75c5,ee36e4d66958199793add93da479822f4d1164e6,7,1.0
cf7e01750326ac1432e10b47a11ba732d547ef78,MB30203,MB29874,e6e0c7209f8a7908c49f803651f7382e3a2e75c5,7cc042e01ac7e57de362ae777017d3e1b727c9f0,19,0.9473684210526315
cf7e01750326ac1432e10b47a11ba732d547ef78,MB30203,MB30758,e6e0c7209f8a7908c49f803651f7382e3a2e75c5,61c2291042151124f703bb567c32ab30fda22360,5,0.8
cf7e01750326ac1432e10b47a11ba732d547ef78,MB30203,antique_furniture_item_18,e6e0c7209f8a7908c49f803651f7382e3a2e75c5,bad9c53885fbc5be5a358b2ae742704b9f280dfa,13,1.0
cf7e01750326ac1432e10b47a11ba732d547ef78,MB30203,build51,e6e0c7209f8a7908c49f803651f7382e3a2e75c5,c6a67bcc6433546d8ede05ca6b05e089509d27ed,15,0.9333333333333333
cf7e01750326ac1432e10b47a11ba732d547ef78,MB30203,calc01,e6e0c7209f8a7908c49f803651f7382e3a2e75c5,1858def1a1ecf0e1de87fdbb649b8586cd9210fb,8,1.0
cf7e01750326ac1432e10b47a11ba732d547ef78,MB30203,dromedary,e6e0c7209f8a7908c49f803651f7382e3a2e75c5,d47c3fb53513386e01d13c19f771ca5eb0f7da90,5,1.0
cf7e01750326ac1432e10b47a11ba732d547ef78,MB30203,flarenut_spanner,e6e0c7209f8a7908c49f803651f7382e3a2e75c5,3b87ec5ffc07c08a35116928a8b6ffb64390e0a4,9,1.0
cf7e01750326ac1432e10b47a11ba732d547ef78,MB30203,interior_details_103_4,e6e0c7209f8a7908c49f803651f7382e3a2e75c5,6c726f0ba025cab6490df5c05a6c436be87205ad,9,1.0
cf7e01750326ac1432e10b47a11ba732d547ef78,MB30203,interior_details_130_2,e6e0c7209f8a7908c49f803651f7382e3a2e75c5,f730e2fab41495e73bf0e665266a51a692d1ca54,15,0.9333333333333333
cf7e01750326ac1432e10b47a11ba732d547ef78,MB30203,kitchen_equipment_knife2,e6e0c7209f8a7908c49f803651f7382e3a2e75c5,4c406e5b2db8e63397199570ff59e65caeca5775,28,1.0
cf7e01750326ac1432e10b47a11ba732d547ef78,MB30203,lo_poly_animal_BEAR_BLK,e6e0c7209f8a7908c49f803651f7382e3a2e75c5,3c6c194cc864f2a655446efa548eef153a393618,10,1.0
cf7e01750326ac1432e10b47a11ba732d547ef78,MB30203,lo_poly_animal_CHICKDEE,e6e0c7209f8a7908c49f803651f7382e3a2e75c5,b95b95002cc603d8b4aec4836d1edc6b1f129efb,24,1.0
cf7e01750326ac1432e10b47a11ba732d547ef78,MB30203,lo_poly_animal_ELE_AS1,e6e0c7209f8a7908c49f803651f7382e3a2e75c5,41313a938cb781cbd60a6870530e116a9d98e48c,14,1.0
cf7e01750326ac1432e10b47a11ba732d547ef78,MB30203,lo_poly_animal_RHINO_2,e6e0c7209f8a7908c49f803651f7382e3a2e75c5,b87e834ba5e263774477edc6fc956070795ab1b6,13,0.9230769230769231
cf7e01750326ac1432e10b47a11ba732d547ef78,MB30203,lo_poly_animal_TRANTULA,e6e0c7209f8a7908c49f803651f7382e3a2e75c5,8f14ff8cf138e89d90211a7811968af08d4d7098,19,1.0
cf7e01750326ac1432e10b47a11ba732d547ef78,MB30203,weimaraner,e6e0c7209f8a7908c49f803651f7382e3a2e75c5,4f263a161cdd009ff7f9aa88ed9be2b852772142,9,1.0
cf7e01750326ac1432e10b47a11ba732d547ef78,MB30203,womens_shorts_01M,e6e0c7209f8a7908c49f803651f7382e3a2e75c5,66c09717173c555eced9e7a167f405b7d08ab18f,19,1.0
cf7e01750326ac1432e10b47a11ba732d547ef78,MB30203,womens_stockings_01M,e6e0c7209f8a7908c49f803651f7382e3a2e75c5,7ed95b3ba88443ed63f25ffe0b5fb52d78dab676,5,1.0
cf7e01750326ac1432e10b47a11ba732d547ef78,MB30203,zebra,e6e0c7209f8a7908c49f803651f7382e3a2e75c5,21afbd503b5d4f9c399c4a66baef6bd6e894715f,20,1.0
d2b33a919b6c741374f872965d0a65186c83d090,lo_poly_animal_BEAR_BLK,22_acoustic_guitar,3c6c194cc864f2a655446efa548eef153a393618,b17c9b116f73af5e54e294b1362187bb666a1737,16,1.0
d2b33a919b6c741374f872965d0a65186c83d090,lo_poly_animal_BEAR_BLK,Hanger_02,3c6c194cc864f2a655446efa548eef153a393618,2ef7b8f76464ac15cea9c2eaf23bfb992cfa8a20,12,1.0
d2b33a919b6c741374f872965d0a65186c83d090,lo_poly_animal_BEAR_BLK,MB27346,3c6c194cc864f2a655446efa548eef153a393618,f3b1fb66463bf84b593dad9fd1028aa8db6f3720,10,0.9
d2b33a919b6c741374f872965d0a65186c83d090,lo_poly_animal_BEAR_BLK,MB28699,3c6c194cc864f2a655446efa548eef153a393618,ee36e4d66958199793add93da479822f4d1164e6,10,1.0
d2b33a919b6c741374f872965d0a65186c83d090,lo_poly_animal_BEAR_BLK,MB29874,3c6c194cc864f2a655446efa548eef153a393618,7cc042e01ac7e57de362ae777017d3e1b727c9f0,9,1.0
d2b33a919b6c741374f872965d0a65186c83d090,lo_poly_animal_BEAR_BLK,MB30203,3c6c194cc864f2a655446efa548eef153a393618,e6e0c7209f8a7908c49f803651f7382e3a2e75c5,7,1.0
d2b33a919b6c741374f872965d0a65186c83d090,lo_poly_animal_BEAR_BLK,MB30758,3c6c194cc864f2a655446efa548eef153a393618,61c2291042151124f703bb567c32ab30fda22360,10,1.0
d2b33a919b6c741374f872965d0a65186c83d090,lo_poly_animal_BEAR_BLK,antique_furniture_item_18,3c6c194cc864f2a655446efa548eef153a393618,bad9c53885fbc5be5a358b2ae742704b9f280dfa,7,1.0
d2b33a919b6c741374f872965d0a65186c83d090,lo_poly_animal_BEAR_BLK,build51,3c6c194cc864f2a655446efa548eef153a393618,c6a67bcc6433546d8ede05ca6b05e089509d27ed,5,1.0
d2b33a919b6c741374f872965d0a65186c83d090,lo_poly_animal_BEAR_BLK,calc01,3c6c194cc864f2a655446efa548eef153a393618,1858def1a1ecf0e1de87fdbb649b8586cd9210fb,9,1.0
d2b33a919b6c741374f872965d0a65186c83d090,lo_poly_animal_BEAR_BLK,dromedary,3c6c194cc864f2a655446efa548eef153a393618,d47c3fb53513386e01d13c19f771ca5eb0f7da90,8,0.875
d2b33a919b6c741374f872965d0a65186c83d090,lo_poly_animal_BEAR_BLK,interior_details_103_4,3c6c194cc864f2a655446efa548eef153a393618,6c726f0ba025cab6490df5c05a6c436be87205ad,7,1.0
d2b33a919b6c741374f872965d0a65186c83d090,lo_poly_animal_BEAR_BLK,interior_details_130_2,3c6c194cc864f2a655446efa548eef153a393618,f730e2fab41495e73bf0e665266a51a692d1ca54,10,1.0
d2b33a919b6c741374f872965d0a65186c83d090,lo_poly_animal_BEAR_BLK,kitchen_equipment_knife2,3c6c194cc864f2a655446efa548eef153a393618,4c406e5b2db8e63397199570ff59e65caeca5775,14,1.0
d2b33a919b6c741374f872965d0a65186c83d090,lo_poly_animal_BEAR_BLK,lo_poly_animal_CHICKDEE,3c6c194cc864f2a655446efa548eef153a393618,b95b95002cc603d8b4aec4836d1edc6b1f129efb,9,1.0
d2b33a919b6c741374f872965d0a65186c83d090,lo_poly_animal_BEAR_BLK,lo_poly_animal_ELE_AS1,3c6c194cc864f2a655446efa548eef153a393618,41313a938cb781cbd60a6870530e116a9d98e48c,9,1.0
d2b33a919b6c741374f872965d0a65186c83d090,lo_poly_animal_BEAR_BLK,lo_poly_animal_RHINO_2,3c6c194cc864f2a655446efa548eef153a393618,b87e834ba5e263774477edc6fc956070795ab1b6,6,0.6666666666666666
d2b33a919b6c741374f872965d0a65186c83d090,lo_poly_animal_BEAR_BLK,lo_poly_animal_TRANTULA,3c6c194cc864f2a655446efa548eef153a393618,8f14ff8cf138e89d90211a7811968af08d4d7098,7,1.0
d2b33a919b6c741374f872965d0a65186c83d090,lo_poly_animal_BEAR_BLK,weimaraner,3c6c194cc864f2a655446efa548eef153a393618,4f263a161cdd009ff7f9aa88ed9be2b852772142,12,1.0
d2b33a919b6c741374f872965d0a65186c83d090,lo_poly_animal_BEAR_BLK,womens_shorts_01M,3c6c194cc864f2a655446efa548eef153a393618,66c09717173c555eced9e7a167f405b7d08ab18f,16,1.0
d2b33a919b6c741374f872965d0a65186c83d090,lo_poly_animal_BEAR_BLK,womens_stockings_01M,3c6c194cc864f2a655446efa548eef153a393618,7ed95b3ba88443ed63f25ffe0b5fb52d78dab676,12,0.9166666666666666
d2b33a919b6c741374f872965d0a65186c83d090,lo_poly_animal_BEAR_BLK,zebra,3c6c194cc864f2a655446efa548eef153a393618,21afbd503b5d4f9c399c4a66baef6bd6e894715f,9,0.8888888888888888
d2e8d151394e61cbb18bd5896bf8cebd999f39d6,22_acoustic_guitar,Hanger_02,b17c9b116f73af5e54e294b1362187bb666a1737,2ef7b8f76464ac15cea9c2eaf23bfb992cfa8a20,28,0.5714285714285714
d2e8d151394e61cbb18bd5896bf8cebd999f39d6,22_acoustic_guitar,MB27346,b17c9b116f73af5e54e294b1362187bb666a1737,f3b1fb66463bf84b593dad9fd1028aa8db6f3720,16,0.5
d2e8d151394e61cbb18bd5896bf8cebd999f39d6,22_acoustic_guitar,MB28699,b17c9b116f73af5e54e294b1362187bb666a1737,ee36e4d66958199793add93da479822f4d1164e6,21,0.5714285714285714
d2e8d151394e61cbb18bd5896bf8cebd999f39d6,22_acoustic_guitar,MB29874,b17c9b116f73af5e54e294b1362187bb666a1737,7cc042e01ac7e57de362ae777017d3e1b727c9f0,15,0.6
d2e8d151394e61cbb18bd5896bf8cebd999f39d6,22_acoustic_guitar,MB30203,b17c9b116f73af5e54e294b1362187bb666a1737,e6e0c7209f8a7908c49f803651f7382e3a2e75c5,28,0.8571428571428571
d2e8d151394e61cbb18bd5896bf8cebd999f39d6,22_acoustic_guitar,MB30758,b17c9b116f73af5e54e294b1362187bb666a1737,61c2291042151124f703bb567c32ab30fda22360,11,0.45454545454545453
d2e8d151394e61cbb18bd5896bf8cebd999f39d6,22_acoustic_guitar,antique_furniture_item_18,b17c9b116f73af5e54e294b1362187bb666a1737,bad9c53885fbc5be5a358b2ae742704b9f280dfa,15,0.8666666666666667
d2e8d151394e61cbb18bd5896bf8cebd999f39d6,22_acoustic_guitar,build51,b17c9b116f73af5e54e294b1362187bb666a1737,c6a67bcc6433546d8ede05ca6b05e089509d27ed,21,0.9047619047619048
d2e8d151394e61cbb18bd5896bf8cebd999f39d6,22_acoustic_guitar,calc01,b17c9b116f73af5e54e294b1362187bb666a1737,1858def1a1ecf0e1de87fdbb649b8586cd9210fb,24,0.7916666666666666
d2e8d151394e61cbb18bd5896bf8cebd999f39d6,22_acoustic_guitar,dromedary,b17c9b116f73af5e54e294b1362187bb666a1737,d47c3fb53513386e01d13c19f771ca5eb0f7da90,33,0.696969696969697
d2e8d151394e61cbb18bd5896bf8cebd999f39d6,22_acoustic_guitar,flarenut_spanner,b17c9b116f73af5e54e294b1362187bb666a1737,3b87ec5ffc07c08a35116928a8b6ffb64390e0a4,20,0.7
d2e8d151394e61cbb18bd5896bf8cebd999f39d6,22_acoustic_guitar,interior_details_103_4,b17c9b116f73af5e54e294b1362187bb666a1737,6c726f0ba025cab6490df5c05a6c436be87205ad,26,0.6538461538461539
d2e8d151394e61cbb18bd5896bf8cebd999f39d6,22_acoustic_guitar,interior_details_130_2,b17c9b116f73af5e54e294b1362187bb666a1737,f730e2fab41495e73bf0e665266a51a692d1ca54,31,0.7096774193548387
d2e8d151394e61cbb18bd5896bf8cebd999f39d6,22_acoustic_guitar,kitchen_equipment_knife2,b17c9b116f73af5e54e294b1362187bb666a1737,4c406e5b2db8e63397199570ff59e65caeca5775,27,0.5555555555555556
d2e8d151394e61cbb18bd5896bf8cebd999f39d6,22_acoustic_guitar,lo_poly_animal_BEAR_BLK,b17c9b116f73af5e54e294b1362187bb666a1737,3c6c194cc864f2a655446efa548eef153a393618,31,0.7741935483870968
d2e8d151394e61cbb18bd5896bf8cebd999f39d6,22_acoustic_guitar,lo_poly_animal_CHICKDEE,b17c9b116f73af5e54e294b1362187bb666a1737,b95b95002cc603d8b4aec4836d1edc6b1f129efb,17,0.35294117647058826
d2e8d151394e61cbb18bd5896bf8cebd999f39d6,22_acoustic_guitar,lo_poly_animal_ELE_AS1,b17c9b116f73af5e54e294b1362187bb666a1737,41313a938cb781cbd60a6870530e116a9d98e48c,8,0.875
d2e8d151394e61cbb18bd5896bf8cebd999f39d6,22_acoustic_guitar,lo_poly_animal_RHINO_2,b17c9b116f73af5e54e294b1362187bb666a1737,b87e834ba5e263774477edc6fc956070795ab1b6,24,0.75
d2e8d151394e61cbb18bd5896bf8cebd999f39d6,22_acoustic_guitar,lo_poly_animal_TRANTULA,b17c9b116f73af5e54e294b1362187bb666a1737,8f14ff8cf138e89d90211a7811968af08d4d7098,24,0.6666666666666666
d2e8d151394e61cbb18bd5896bf8cebd999f39d6,22_acoustic_guitar,weimaraner,b17c9b116f73af5e54e294b1362187bb666a1737,4f263a161cdd009ff7f9aa88ed9be2b852772142,29,0.6551724137931034
d2e8d151394e61cbb18bd5896bf8cebd999f39d6,22_acoustic_guitar,womens_shorts_01M,b17c9b116f73af5e54e294b1362187bb666a1737,66c09717173c555eced9e7a167f405b7d08ab18f,23,0.782608695652174
d2e8d151394e61cbb18bd5896bf8cebd999f39d6,22_acoustic_guitar,womens_stockings_01M,b17c9b116f73af5e54e294b1362187bb666a1737,7ed95b3ba88443ed63f25ffe0b5fb52d78dab676,25,0.6
d2e8d151394e61cbb18bd5896bf8cebd999f39d6,22_acoustic_guitar,zebra,b17c9b116f73af5e54e294b1362187bb666a1737,21afbd503b5d4f9c399c4a66baef6bd6e894715f,41,0.6829268292682927
d3bdf10e4c2ebc670e4824960c482a55a0c9751a,build51,22_acoustic_guitar,c6a67bcc6433546d8ede05ca6b05e089509d27ed,b17c9b116f73af5e54e294b1362187bb666a1737,10,1.0
d3bdf10e4c2ebc670e4824960c482a55a0c9751a,build51,Hanger_02,c6a67bcc6433546d8ede05ca6b05e089509d27ed,2ef7b8f76464ac15cea9c2eaf23bfb992cfa8a20,23,1.0
d3bdf10e4c2ebc670e4824960c482a55a0c9751a,build51,MB28699,c6a67bcc6433546d8ede05ca6b05e089509d27ed,ee36e4d66958199793add93da479822f4d1164e6,16,1.0
d3bdf10e4c2ebc670e4824960c482a55a0c9751a,build51,MB29874,c6a67bcc6433546d8ede05ca6b05e089509d27ed,7cc042e01ac7e57de362ae777017d3e1b727c9f0,16,1.0
d3bdf10e4c2ebc670e4824960c482a55a0c9751a,build51,MB30203,c6a67bcc6433546d8ede05ca6b05e089509d27ed,e6e0c7209f8a7908c49f803651f7382e3a2e75c5,7,1.0
d3bdf10e4c2ebc670e4824960c482a55a0c9751a,build51,MB30758,c6a67bcc6433546d8ede05ca6b05e089509d27ed,61c2291042151124f703bb567c32ab30fda22360,18,1.0
d3bdf10e4c2ebc670e4824960c482a55a0c9751a,build51,antique_furniture_item_18,c6a67bcc6433546d8ede05ca6b05e089509d27ed,bad9c53885fbc5be5a358b2ae742704b9f280dfa,15,1.0
d3bdf10e4c2ebc670e4824960c482a55a0c9751a,build51,calc01,c6a67bcc6433546d8ede05ca6b05e089509d27ed,1858def1a1ecf0e1de87fdbb649b8586cd9210fb,13,1.0
d3bdf10e4c2ebc670e4824960c482a55a0c9751a,build51,dromedary,c6a67bcc6433546d8ede05ca6b05e089509d27ed,d47c3fb53513386e01d13c19f771ca5eb0f7da90,11,1.0
d3bdf10e4c2ebc670e4824960c482a55a0c9751a,build51,interior_details_103_4,c6a67bcc6433546d8ede05ca6b05e089509d27ed,6c726f0ba025cab6490df5c05a6c436be87205ad,13,1.0
d3bdf10e4c2ebc670e4824960c482a55a0c9751a,build51,interior_details_130_2,c6a67bcc6433546d8ede05ca6b05e089509d27ed,f730e2fab41495e73bf0e665266a51a692d1ca54,10,1.0
d3bdf10e4c2ebc670e4824960c482a55a0c9751a,build51,kitchen_equipment_knife2,c6a67bcc6433546d8ede05ca6b05e089509d27ed,4c406e5b2db8e63397199570ff59e65caeca5775,11,1.0
d3bdf10e4c2ebc670e4824960c482a55a0c9751a,build51,lo_poly_animal_BEAR_BLK,c6a67bcc6433546d8ede05ca6b05e089509d27ed,3c6c194cc864f2a655446efa548eef153a393618,8,1.0
d3bdf10e4c2ebc670e4824960c482a55a0c9751a,build51,lo_poly_animal_CHICKDEE,c6a67bcc6433546d8ede05ca6b05e089509d27ed,b95b95002cc603d8b4aec4836d1edc6b1f129efb,11,1.0
d3bdf10e4c2ebc670e4824960c482a55a0c9751a,build51,lo_poly_animal_ELE_AS1,c6a67bcc6433546d8ede05ca6b05e089509d27ed,41313a938cb781cbd60a6870530e116a9d98e48c,17,1.0
d3bdf10e4c2ebc670e4824960c482a55a0c9751a,build51,lo_poly_animal_TRANTULA,c6a67bcc6433546d8ede05ca6b05e089509d27ed,8f14ff8cf138e89d90211a7811968af08d4d7098,4,1.0
d3bdf10e4c2ebc670e4824960c482a55a0c9751a,build51,weimaraner,c6a67bcc6433546d8ede05ca6b05e089509d27ed,4f263a161cdd009ff7f9aa88ed9be2b852772142,5,1.0
d3bdf10e4c2ebc670e4824960c482a55a0c9751a,build51,womens_shorts_01M,c6a67bcc6433546d8ede05ca6b05e089509d27ed,66c09717173c555eced9e7a167f405b7d08ab18f,11,1.0
d3bdf10e4c2ebc670e4824960c482a55a0c9751a,build51,womens_stockings_01M,c6a67bcc6433546d8ede05ca6b05e089509d27ed,7ed95b3ba88443ed63f25ffe0b5fb52d78dab676,10,1.0
d3bdf10e4c2ebc670e4824960c482a55a0c9751a,build51,zebra,c6a67bcc6433546d8ede05ca6b05e089509d27ed,21afbd503b5d4f9c399c4a66baef6bd6e894715f,21,1.0
d5abf28a2a1642bd8a4c97ca4acf919a3149a02d,lo_poly_animal_ELE_AS1,22_acoustic_guitar,41313a938cb781cbd60a6870530e116a9d98e48c,b17c9b116f73af5e54e294b1362187bb666a1737,4,1.0
d5abf28a2a1642bd8a4c97ca4acf919a3149a02d,lo_poly_animal_ELE_AS1,Hanger_02,41313a938cb781cbd60a6870530e116a9d98e48c,2ef7b8f76464ac15cea9c2eaf23bfb992cfa8a20,10,0.8
d5abf28a2a1642bd8a4c97ca4acf919a3149a02d,lo_poly_animal_ELE_AS1,MB27346,41313a938cb781cbd60a6870530e116a9d98e48c,f3b1fb66463bf84b593dad9fd1028aa8db6f3720,5,0.8
d5abf28a2a1642bd8a4c97ca4acf919a3149a02d,lo_poly_animal_ELE_AS1,MB28699,41313a938cb781cbd60a6870530e116a9d98e48c,ee36e4d66958199793add93da479822f4d1164e6,8,1.0
d5abf28a2a1642bd8a4c97ca4acf919a3149a02d,lo_poly_animal_ELE_AS1,MB30203,41313a938cb781cbd60a6870530e116a9d98e48c,e6e0c7209f8a7908c49f803651f7382e3a2e75c5,8,1.0
d5abf28a2a1642bd8a4c97ca4acf919a3149a02d,lo_poly_animal_ELE_AS1,MB30758,41313a938cb781cbd60a6870530e116a9d98e48c,61c2291042151124f703bb567c32ab30fda22360,12,0.5833333333333334
d5abf28a2a1642bd8a4c97ca4acf919a3149a02d,lo_poly_animal_ELE_AS1,build51,41313a938cb781cbd60a6870530e116a9d98e48c,c6a67bcc6433546d8ede05ca6b05e089509d27ed,5,1.0
d5abf28a2a1642bd8a4c97ca4acf919a3149a02d,lo_poly_animal_ELE_AS1,calc01,41313a938cb781cbd60a6870530e116a9d98e48c,1858def1a1ecf0e1de87fdbb649b8586cd9210fb,10,0.9
d5abf28a2a1642bd8a4c97ca4acf919a3149a02d,lo_poly_animal_ELE_AS1,dromedary,41313a938cb781cbd60a6870530e116a9d98e48c,d47c3fb53513386e01d13c19f771ca5eb0f7da90,6,0.8333333333333334
d5abf28a2a1642bd8a4c97ca4acf919a3149a02d,lo_poly_animal_ELE_AS1,flarenut_spanner,41313a938cb781cbd60a6870530e116a9d98e48c,3b87ec5ffc07c08a35116928a8b6ffb64390e0a4,10,0.9
d5abf28a2a1642bd8a4c97ca4acf919a3149a02d,lo_poly_animal_ELE_AS1,interior_details_103_4,41313a938cb781cbd60a6870530e116a9d98e48c,6c726f0ba025cab6490df5c05a6c436be87205ad,4,1.0
d5abf28a2a1642bd8a4c97ca4acf919a3149a02d,lo_poly_animal_ELE_AS1,interior_details_130_2,41313a938cb781cbd60a6870530e116a9d98e48c,f730e2fab41495e73bf0e665266a51a692d1ca54,12,0.9166666666666666
d5abf28a2a1642bd8a4c97ca4acf919a3149a02d,lo_poly_animal_ELE_AS1,kitchen_equipment_knife2,41313a938cb781cbd60a6870530e116a9d98e48c,4c406e5b2db8e63397199570ff59e65caeca5775,10,1.0
d5abf28a2a1642bd8a4c97ca4acf919a3149a02d,lo_poly_animal_ELE_AS1,lo_poly_animal_BEAR_BLK,41313a938cb781cbd60a6870530e116a9d98e48c,3c6c194cc864f2a655446efa548eef153a393618,13,1.0
d5abf28a2a1642bd8a4c97ca4acf919a3149a02d,lo_poly_animal_ELE_AS1,lo_poly_animal_CHICKDEE,41313a938cb781cbd60a6870530e116a9d98e48c,b95b95002cc603d8b4aec4836d1edc6b1f129efb,7,0.8571428571428571
d5abf28a2a1642bd8a4c97ca4acf919a3149a02d,lo_poly_animal_ELE_AS1,lo_poly_animal_TRANTULA,41313a938cb781cbd60a6870530e116a9d98e48c,8f14ff8cf138e89d90211a7811968af08d4d7098,4,1.0
d5abf28a2a1642bd8a4c97ca4acf919a3149a02d,lo_poly_animal_ELE_AS1,weimaraner,41313a938cb781cbd60a6870530e116a9d98e48c,4f263a161cdd009ff7f9aa88ed9be2b852772142,12,0.5833333333333334
d5abf28a2a1642bd8a4c97ca4acf919a3149a02d,lo_poly_animal_ELE_AS1,womens_shorts_01M,41313a938cb781cbd60a6870530e116a9d98e48c,66c09717173c555eced9e7a167f405b7d08ab18f,13,1.0
d5abf28a2a1642bd8a4c97ca4acf919a3149a02d,lo_poly_animal_ELE_AS1,womens_stockings_01M,41313a938cb781cbd60a6870530e116a9d98e48c,7ed95b3ba88443ed63f25ffe0b5fb52d78dab676,12,0.8333333333333334
d5abf28a2a1642bd8a4c97ca4acf919a3149a02d,lo_poly_animal_ELE_AS1,zebra,41313a938cb781cbd60a6870530e116a9d98e48c,21afbd503b5d4f9c399c4a66baef6bd6e894715f,7,0.8571428571428571
d5d76d1b07e6cce21ad7ad7f016095c9b6351931,lo_poly_animal_TRANTULA,22_acoustic_guitar,8f14ff8cf138e89d90211a7811968af08d4d7098,b17c9b116f73af5e54e294b1362187bb666a1737,12,0.6666666666666666
d5d76d1b07e6cce21ad7ad7f016095c9b6351931,lo_poly_animal_TRANTULA,Hanger_02,8f14ff8cf138e89d90211a7811968af08d4d7098,2ef7b8f76464ac15cea9c2eaf23bfb992cfa8a20,10,0.9
d5d76d1b07e6cce21ad7ad7f016095c9b6351931,lo_poly_animal_TRANTULA,MB27346,8f14ff8cf138e89d90211a7811968af08d4d7098,f3b1fb66463bf84b593dad9fd1028aa8db6f3720,18,0.6666666666666666
d5d76d1b07e6cce21ad7ad7f016095c9b6351931,lo_poly_animal_TRANTULA,MB28699,8f14ff8cf138e89d90211a7811968af08d4d7098,ee36e4d66958199793add93da479822f4d1164e6,23,0.6956521739130435
d5d76d1b07e6cce21ad7ad7f016095c9b6351931,lo_poly_animal_TRANTULA,MB29874,8f14ff8cf138e89d90211a7811968af08d4d7098,7cc042e01ac7e57de362ae777017d3e1b727c9f0,13,0.6923076923076923
d5d76d1b07e6cce21ad7ad7f016095c9b6351931,lo_poly_animal_TRANTULA,MB30203,8f14ff8cf138e89d90211a7811968af08d4d7098,e6e0c7209f8a7908c49f803651f7382e3a2e75c5,11,0.7272727272727273
d5d76d1b07e6cce21ad7ad7f016095c9b6351931,lo_poly_animal_TRANTULA,MB30758,8f14ff8cf138e89d90211a7811968af08d4d7098,61c2291042151124f703bb567c32ab30fda22360,20,0.65
d5d76d1b07e6cce21ad7ad7f016095c9b6351931,lo_poly_animal_TRANTULA,antique_furniture_item_18,8f14ff8cf138e89d90211a7811968af08d4d7098,bad9c53885fbc5be5a358b2ae742704b9f280dfa,13,0.6153846153846154
d5d76d1b07e6cce21ad7ad7f016095c9b6351931,lo_poly_animal_TRANTULA,build51,8f14ff8cf138e89d90211a7811968af08d4d7098,c6a67bcc6433546d8ede05ca6b05e089509d27ed,12,0.75
d5d76d1b07e6cce21ad7ad7f016095c9b6351931,lo_poly_animal_TRANTULA,calc01,8f14ff8cf138e89d90211a7811968af08d4d7098,1858def1a1ecf0e1de87fdbb649b8586cd9210fb,30,0.5666666666666667
d5d76d1b07e6cce21ad7ad7f016095c9b6351931,lo_poly_animal_TRANTULA,dromedary,8f14ff8cf138e89d90211a7811968af08d4d7098,d47c3fb53513386e01d13c19f771ca5eb0f7da90,23,0.6521739130434783
d5d76d1b07e6cce21ad7ad7f016095c9b6351931,lo_poly_animal_TRANTULA,flarenut_spanner,8f14ff8cf138e89d90211a7811968af08d4d7098,3b87ec5ffc07c08a35116928a8b6ffb64390e0a4,16,0.375
d5d76d1b07e6cce21ad7ad7f016095c9b6351931,lo_poly_animal_TRANTULA,interior_details_103_4,8f14ff8cf138e89d90211a7811968af08d4d7098,6c726f0ba025cab6490df5c05a6c436be87205ad,23,0.782608695652174
d5d76d1b07e6cce21ad7ad7f016095c9b6351931,lo_poly_animal_TRANTULA,interior_details_130_2,8f14ff8cf138e89d90211a7811968af08d4d7098,f730e2fab41495e73bf0e665266a51a692d1ca54,20,0.6
d5d76d1b07e6cce21ad7ad7f016095c9b6351931,lo_poly_animal_TRANTULA,kitchen_equipment_knife2,8f14ff8cf138e89d90211a7811968af08d4d7098,4c406e5b2db8e63397199570ff59e65caeca5775,21,0.47619047619047616
d5d76d1b07e6cce21ad7ad7f016095c9b6351931,lo_poly_animal_TRANTULA,lo_poly_animal_BEAR_BLK,8f14ff8cf138e89d90211a7811968af08d4d7098,3c6c194cc864f2a655446efa548eef153a393618,14,0.8571428571428571
d5d76d1b07e6cce21ad7ad7f016095c9b6351931,lo_poly_animal_TRANTULA,lo_poly_animal_CHICKDEE,8f14ff8cf138e89d90211a7811968af08d4d7098,b95b95002cc603d8b4aec4836d1edc6b1f129efb,24,0.5416666666666666
d5d76d1b07e6cce21ad7ad7f016095c9b6351931,lo_poly_animal_TRANTULA,lo_poly_animal_ELE_AS1,8f14ff8cf138e89d90211a7811968af08d4d7098,41313a938cb781cbd60a6870530e116a9d98e48c,17,0.8823529411764706
d5d76d1b07e6cce21ad7ad7f016095c9b6351931,lo_poly_animal_TRANTULA,lo_poly_animal_RHINO_2,8f14ff8cf138e89d90211a7811968af08d4d7098,b87e834ba5e263774477edc6fc956070795ab1b6,23,0.5652173913043478
d5d76d1b07e6cce21ad7ad7f016095c9b6351931,lo_poly_animal_TRANTULA,weimaraner,8f14ff8cf138e89d90211a7811968af08d4d7098,4f263a161cdd009ff7f9aa88ed9be2b852772142,15,0.3333333333333333
d5d76d1b07e6cce21ad7ad7f016095c9b6351931,lo_poly_animal_TRANTULA,womens_shorts_01M,8f14ff8cf138e89d90211a7811968af08d4d7098,66c09717173c555eced9e7a167f405b7d08ab18f,14,0.9285714285714286
d5d76d1b07e6cce21ad7ad7f016095c9b6351931,lo_poly_animal_TRANTULA,womens_stockings_01M,8f14ff8cf138e89d90211a7811968af08d4d7098,7ed95b3ba88443ed63f25ffe0b5fb52d78dab676,16,0.8125
d7429f2644348f40d0522050c75c61250888d4e4,womens_stockings_01M,22_acoustic_guitar,7ed95b3ba88443ed63f25ffe0b5fb52d78dab676,b17c9b116f73af5e54e294b1362187bb666a1737,16,0.6875
d7429f2644348f40d0522050c75c61250888d4e4,womens_stockings_01M,Hanger_02,7ed95b3ba88443ed63f25ffe0b5fb52d78dab676,2ef7b8f76464ac15cea9c2eaf23bfb992cfa8a20,10,1.0
d7429f2644348f40d0522050c75c61250888d4e4,womens_stockings_01M,MB27346,7ed95b3ba88443ed63f25ffe0b5fb52d78dab676,f3b1fb66463bf84b593dad9fd1028aa8db6f3720,23,0.782608695652174
d7429f2644348f40d0522050c75c61250888d4e4,womens_stockings_01M,MB28699,7ed95b3ba88443ed63f25ffe0b5fb52d78dab676,ee36e4d66958199793add93da479822f4d1164e6,8,0.625
d7429f2644348f40d0522050c75c61250888d4e4,womens_stockings_01M,MB29874,7ed95b3ba88443ed63f25ffe0b5fb52d78dab676,7cc042e01ac7e57de362ae777017d3e1b727c9f0,11,0.7272727272727273
d7429f2644348f40d0522050c75c61250888d4e4,womens_stockings_01M,MB30203,7ed95b3ba88443ed63f25ffe0b5fb52d78dab676,e6e0c7209f8a7908c49f803651f7382e3a2e75c5,14,0.8571428571428571
d7429f2644348f40d0522050c75c61250888d4e4,womens_stockings_01M,MB30758,7ed95b3ba88443ed63f25ffe0b5fb52d78dab676,61c2291042151124f703bb567c32ab30fda22360,11,0.8181818181818182
d7429f2644348f40d0522050c75c61250888d4e4,womens_stockings_01M,antique_furniture_item_18,7ed95b3ba88443ed63f25ffe0b5fb52d78dab676,bad9c53885fbc5be5a358b2ae742704b9f280dfa,5,1.0
d7429f2644348f40d0522050c75c61250888d4e4,womens_stockings_01M,build51,7ed95b3ba88443ed63f25ffe0b5fb52d78dab676,c6a67bcc6433546d8ede05ca6b05e089509d27ed,8,0.875
d7429f2644348f40d0522050c75c61250888d4e4,womens_stockings_01M,calc01,7ed95b3ba88443ed63f25ffe0b5fb52d78dab676,1858def1a1ecf0e1de87fdbb649b8586cd9210fb,14,0.7857142857142857
d7429f2644348f40d0522050c75c61250888d4e4,womens_stockings_01M,dromedary,7ed95b3ba88443ed63f25ffe0b5fb52d78dab676,d47c3fb53513386e01d13c19f771ca5eb0f7da90,12,0.75
d7429f2644348f40d0522050c75c61250888d4e4,womens_stockings_01M,flarenut_spanner,7ed95b3ba88443ed63f25ffe0b5fb52d78dab676,3b87ec5ffc07c08a35116928a8b6ffb64390e0a4,10,0.6
d7429f2644348f40d0522050c75c61250888d4e4,womens_stockings_01M,interior_details_103_4,7ed95b3ba88443ed63f25ffe0b5fb52d78dab676,6c726f0ba025cab6490df5c05a6c436be87205ad,5,0.6
d7429f2644348f40d0522050c75c61250888d4e4,womens_stockings_01M,interior_details_130_2,7ed95b3ba88443ed63f25ffe0b5fb52d78dab676,f730e2fab41495e73bf0e665266a51a692d1ca54,12,0.5
d7429f2644348f40d0522050c75c61250888d4e4,womens_stockings_01M,kitchen_equipment_knife2,7ed95b3ba88443ed63f25ffe0b5fb52d78dab676,4c406e5b2db8e63397199570ff59e65caeca5775,11,0.7272727272727273
d7429f2644348f40d0522050c75c61250888d4e4,womens_stockings_01M,lo_poly_animal_BEAR_BLK,7ed95b3ba88443ed63f25ffe0b5fb52d78dab676,3c6c194cc864f2a655446efa548eef153a393618,5,0.6
d7429f2644348f40d0522050c75c61250888d4e4,womens_stockings_01M,lo_poly_animal_CHICKDEE,7ed95b3ba88443ed63f25ffe0b5fb52d78dab676,b95b95002cc603d8b4aec4836d1edc6b1f129efb,16,0.6875
d7429f2644348f40d0522050c75c61250888d4e4,womens_stockings_01M,lo_poly_animal_ELE_AS1,7ed95b3ba88443ed63f25ffe0b5fb52d78dab676,41313a938cb781cbd60a6870530e116a9d98e48c,12,0.75
d7429f2644348f40d0522050c75c61250888d4e4,womens_stockings_01M,lo_poly_animal_RHINO_2,7ed95b3ba88443ed63f25ffe0b5fb52d78dab676,b87e834ba5e263774477edc6fc956070795ab1b6,9,0.6666666666666666
d7429f2644348f40d0522050c75c61250888d4e4,womens_stockings_01M,lo_poly_animal_TRANTULA,7ed95b3ba88443ed63f25ffe0b5fb52d78dab676,8f14ff8cf138e89d90211a7811968af08d4d7098,4,0.75
d7429f2644348f40d0522050c75c61250888d4e4,womens_stockings_01M,womens_shorts_01M,7ed95b3ba88443ed63f25ffe0b5fb52d78dab676,66c09717173c555eced9e7a167f405b7d08ab18f,4,0.75
d7429f2644348f40d0522050c75c61250888d4e4,womens_stockings_01M,zebra,7ed95b3ba88443ed63f25ffe0b5fb52d78dab676,21afbd503b5d4f9c399c4a66baef6bd6e894715f,14,0.8571428571428571
d74d5f8d5c1684276b049e080e62bc874b8c80f4,lo_poly_animal_TRANTULA,22_acoustic_guitar,8f14ff8cf138e89d90211a7811968af08d4d7098,b17c9b116f73af5e54e294b1362187bb666a1737,7,0.5714285714285714
d74d5f8d5c1684276b049e080e62bc874b8c80f4,lo_poly_animal_TRANTULA,Hanger_02,8f14ff8cf138e89d90211a7811968af08d4d7098,2ef7b8f76464ac15cea9c2eaf23bfb992cfa8a20,8,0.625
d74d5f8d5c1684276b049e080e62bc874b8c80f4,lo_poly_animal_TRANTULA,MB27346,8f14ff8cf138e89d90211a7811968af08d4d7098,f3b1fb66463bf84b593dad9fd1028aa8db6f3720,13,0.6153846153846154
d74d5f8d5c1684276b049e080e62bc874b8c80f4,lo_poly_animal_TRANTULA,MB28699,8f14ff8cf138e89d90211a7811968af08d4d7098,ee36e4d66958199793add93da479822f4d1164e6,15,0.8
d74d5f8d5c1684276b049e080e62bc874b8c80f4,lo_poly_animal_TRANTULA,MB29874,8f14ff8cf138e89d90211a7811968af08d4d7098,7cc042e01ac7e57de362ae777017d3e1b727c9f0,13,0.9230769230769231
d74d5f8d5c1684276b049e080e62bc874b8c80f4,lo_poly_animal_TRANTULA,MB30758,8f14ff8cf138e89d90211a7811968af08d4d7098,61c2291042151124f703bb567c32ab30fda22360,7,0.8571428571428571
d74d5f8d5c1684276b049e080e62bc874b8c80f4,lo_poly_animal_TRANTULA,antique_furniture_item_18,8f14ff8cf138e89d90211a7811968af08d4d7098,bad9c53885fbc5be5a358b2ae742704b9f280dfa,7,1.0
d74d5f8d5c1684276b049e080e62bc874b8c80f4,lo_poly_animal_TRANTULA,build51,8f14ff8cf138e89d90211a7811968af08d4d7098,c6a67bcc6433546d8ede05ca6b05e089509d27ed,7,0.8571428571428571
d74d5f8d5c1684276b049e080e62bc874b8c80f4,lo_poly_animal_TRANTULA,calc01,8f14ff8cf138e89d90211a7811968af08d4d7098,1858def1a1ecf0e1de87fdbb649b8586cd9210fb,9,1.0
d74d5f8d5c1684276b049e080e62bc874b8c80f4,lo_poly_animal_TRANTULA,dromedary,8f14ff8cf138e89d90211a7811968af08d4d7098,d47c3fb53513386e01d13c19f771ca5eb0f7da90,12,0.9166666666666666
d74d5f8d5c1684276b049e080e62bc874b8c80f4,lo_poly_animal_TRANTULA,flarenut_spanner,8f14ff8cf138e89d90211a7811968af08d4d7098,3b87ec5ffc07c08a35116928a8b6ffb64390e0a4,9,0.7777777777777778
d74d5f8d5c1684276b049e080e62bc874b8c80f4,lo_poly_animal_TRANTULA,interior_details_103_4,8f14ff8cf138e89d90211a7811968af08d4d7098,6c726f0ba025cab6490df5c05a6c436be87205ad,7,0.7142857142857143
d74d5f8d5c1684276b049e080e62bc874b8c80f4,lo_poly_animal_TRANTULA,interior_details_130_2,8f14ff8cf138e89d90211a7811968af08d4d7098,f730e2fab41495e73bf0e665266a51a692d1ca54,9,1.0
d74d5f8d5c1684276b049e080e62bc874b8c80f4,lo_poly_animal_TRANTULA,kitchen_equipment_knife2,8f14ff8cf138e89d90211a7811968af08d4d7098,4c406e5b2db8e63397199570ff59e65caeca5775,6,1.0
d74d5f8d5c1684276b049e080e62bc874b8c80f4,lo_poly_animal_TRANTULA,lo_poly_animal_BEAR_BLK,8f14ff8cf138e89d90211a7811968af08d4d7098,3c6c194cc864f2a655446efa548eef153a393618,12,0.9166666666666666
d74d5f8d5c1684276b049e080e62bc874b8c80f4,lo_poly_animal_TRANTULA,lo_poly_animal_CHICKDEE,8f14ff8cf138e89d90211a7811968af08d4d7098,b95b95002cc603d8b4aec4836d1edc6b1f129efb,7,0.5714285714285714
d74d5f8d5c1684276b049e080e62bc874b8c80f4,lo_poly_animal_TRANTULA,weimaraner,8f14ff8cf138e89d90211a7811968af08d4d7098,4f263a161cdd009ff7f9aa88ed9be2b852772142,10,0.9
d74d5f8d5c1684276b049e080e62bc874b8c80f4,lo_poly_animal_TRANTULA,womens_stockings_01M,8f14ff8cf138e89d90211a7811968af08d4d7098,7ed95b3ba88443ed63f25ffe0b5fb52d78dab676,10,0.9
d74d5f8d5c1684276b049e080e62bc874b8c80f4,lo_poly_animal_TRANTULA,zebra,8f14ff8cf138e89d90211a7811968af08d4d7098,21afbd503b5d4f9c399c4a66baef6bd6e894715f,21,0.9047619047619048
d8e8e18c7f77a46d01f39bda36757696d85e6729,interior_details_130_2,22_acoustic_guitar,f730e2fab41495e73bf0e665266a51a692d1ca54,b17c9b116f73af5e54e294b1362187bb666a1737,31,1.0
d8e8e18c7f77a46d01f39bda36757696d85e6729,interior_details_130_2,Hanger_02,f730e2fab41495e73bf0e665266a51a692d1ca54,2ef7b8f76464ac15cea9c2eaf23bfb992cfa8a20,24,1.0
d8e8e18c7f77a46d01f39bda36757696d85e6729,interior_details_130_2,MB27346,f730e2fab41495e73bf0e665266a51a692d1ca54,f3b1fb66463bf84b593dad9fd1028aa8db6f3720,23,0.9565217391304348
d8e8e18c7f77a46d01f39bda36757696d85e6729,interior_details_130_2,MB28699,f730e2fab41495e73bf0e665266a51a692d1ca54,ee36e4d66958199793add93da479822f4d1164e6,29,1.0
d8e8e18c7f77a46d01f39bda36757696d85e6729,interior_details_130_2,MB29874,f730e2fab41495e73bf0e665266a51a692d1ca54,7cc042e01ac7e57de362ae777017d3e1b727c9f0,17,1.0
d8e8e18c7f77a46d01f39bda36757696d85e6729,interior_details_130_2,MB30203,f730e2fab41495e73bf0e665266a51a692d1ca54,e6e0c7209f8a7908c49f803651f7382e3a2e75c5,25,1.0
d8e8e18c7f77a46d01f39bda36757696d85e6729,interior_details_130_2,MB30758,f730e2fab41495e73bf0e665266a51a692d1ca54,61c2291042151124f703bb567c32ab30fda22360,34,0.9705882352941176
d8e8e18c7f77a46d01f39bda36757696d85e6729,interior_details_130_2,antique_furniture_item_18,f730e2fab41495e73bf0e665266a51a692d1ca54,bad9c53885fbc5be5a358b2ae742704b9f280dfa,8,1.0
d8e8e18c7f77a46d01f39bda36757696d85e6729,interior_details_130_2,build51,f730e2fab41495e73bf0e665266a51a692d1ca54,c6a67bcc6433546d8ede05ca6b05e089509d27ed,19,1.0
d8e8e18c7f77a46d01f39bda36757696d85e6729,interior_details_130_2,calc01,f730e2fab41495e73bf0e665266a51a692d1ca54,1858def1a1ecf0e1de87fdbb649b8586cd9210fb,9,1.0
d8e8e18c7f77a46d01f39bda36757696d85e6729,interior_details_130_2,dromedary,f730e2fab41495e73bf0e665266a51a692d1ca54,d47c3fb53513386e01d13c19f771ca5eb0f7da90,19,1.0
d8e8e18c7f77a46d01f39bda36757696d85e6729,interior_details_130_2,flarenut_spanner,f730e2fab41495e73bf0e665266a51a692d1ca54,3b87ec5ffc07c08a35116928a8b6ffb64390e0a4,13,0.9230769230769231
d8e8e18c7f77a46d01f39bda36757696d85e6729,interior_details_130_2,interior_details_103_4,f730e2fab41495e73bf0e665266a51a692d1ca54,6c726f0ba025cab6490df5c05a6c436be87205ad,45,0.9111111111111111
d8e8e18c7f77a46d01f39bda36757696d85e6729,interior_details_130_2,kitchen_equipment_knife2,f730e2fab41495e73bf0e665266a51a692d1ca54,4c406e5b2db8e63397199570ff59e65caeca5775,25,0.96
d8e8e18c7f77a46d01f39bda36757696d85e6729,interior_details_130_2,lo_poly_animal_BEAR_BLK,f730e2fab41495e73bf0e665266a51a692d1ca54,3c6c194cc864f2a655446efa548eef153a393618,18,1.0
d8e8e18c7f77a46d01f39bda36757696d85e6729,interior_details_130_2,lo_poly_animal_CHICKDEE,f730e2fab41495e73bf0e665266a51a692d1ca54,b95b95002cc603d8b4aec4836d1edc6b1f129efb,30,0.9666666666666667
d8e8e18c7f77a46d01f39bda36757696d85e6729,interior_details_130_2,lo_poly_animal_ELE_AS1,f730e2fab41495e73bf0e665266a51a692d1ca54,41313a938cb781cbd60a6870530e116a9d98e48c,23,1.0
d8e8e18c7f77a46d01f39bda36757696d85e6729,interior_details_130_2,lo_poly_animal_RHINO_2,f730e2fab41495e73bf0e665266a51a692d1ca54,b87e834ba5e263774477edc6fc956070795ab1b6,21,1.0
d8e8e18c7f77a46d01f39bda36757696d85e6729,interior_details_130_2,lo_poly_animal_TRANTULA,f730e2fab41495e73bf0e665266a51a692d1ca54,8f14ff8cf138e89d90211a7811968af08d4d7098,13,1.0
d8e8e18c7f77a46d01f39bda36757696d85e6729,interior_details_130_2,weimaraner,f730e2fab41495e73bf0e665266a51a692d1ca54,4f263a161cdd009ff7f9aa88ed9be2b852772142,12,1.0
d8e8e18c7f77a46d01f39bda36757696d85e6729,interior_details_130_2,womens_shorts_01M,f730e2fab41495e73bf0e665266a51a692d1ca54,66c09717173c555eced9e7a167f405b7d08ab18f,29,0.9655172413793104
d8e8e18c7f77a46d01f39bda36757696d85e6729,interior_details_130_2,womens_stockings_01M,f730e2fab41495e73bf0e665266a51a692d1ca54,7ed95b3ba88443ed63f25ffe0b5fb52d78dab676,23,1.0
d8e8e18c7f77a46d01f39bda36757696d85e6729,interior_details_130_2,zebra,f730e2fab41495e73bf0e665266a51a692d1ca54,21afbd503b5d4f9c399c4a66baef6bd6e894715f,20,1.0
d9483b4061754db536117ea9c23f88859b27515f,lo_poly_animal_BEAR_BLK,22_acoustic_guitar,3c6c194cc864f2a655446efa548eef153a393618,b17c9b116f73af5e54e294b1362187bb666a1737,6,1.0
d9483b4061754db536117ea9c23f88859b27515f,lo_poly_animal_BEAR_BLK,Hanger_02,3c6c194cc864f2a655446efa548eef153a393618,2ef7b8f76464ac15cea9c2eaf23bfb992cfa8a20,11,1.0
d9483b4061754db536117ea9c23f88859b27515f,lo_poly_animal_BEAR_BLK,MB27346,3c6c194cc864f2a655446efa548eef153a393618,f3b1fb66463bf84b593dad9fd1028aa8db6f3720,5,1.0
d9483b4061754db536117ea9c23f88859b27515f,lo_poly_animal_BEAR_BLK,MB28699,3c6c194cc864f2a655446efa548eef153a393618,ee36e4d66958199793add93da479822f4d1164e6,10,1.0
d9483b4061754db536117ea9c23f88859b27515f,lo_poly_animal_BEAR_BLK,MB29874,3c6c194cc864f2a655446efa548eef153a393618,7cc042e01ac7e57de362ae777017d3e1b727c9f0,4,1.0
d9483b4061754db536117ea9c23f88859b27515f,lo_poly_animal_BEAR_BLK,MB30203,3c6c194cc864f2a655446efa548eef153a393618,e6e0c7209f8a7908c49f803651f7382e3a2e75c5,7,1.0
d9483b4061754db536117ea9c23f88859b27515f,lo_poly_animal_BEAR_BLK,MB30758,3c6c194cc864f2a655446efa548eef153a393618,61c2291042151124f703bb567c32ab30fda22360,20,1.0
d9483b4061754db536117ea9c23f88859b27515f,lo_poly_animal_BEAR_BLK,antique_furniture_item_18,3c6c194cc864f2a655446efa548eef153a393618,bad9c53885fbc5be5a358b2ae742704b9f280dfa,9,1.0
d9483b4061754db536117ea9c23f88859b27515f,lo_poly_animal_BEAR_BLK,build51,3c6c194cc864f2a655446efa548eef153a393618,c6a67bcc6433546d8ede05ca6b05e089509d27ed,10,1.0
d9483b4061754db536117ea9c23f88859b27515f,lo_poly_animal_BEAR_BLK,calc01,3c6c194cc864f2a655446efa548eef153a393618,1858def1a1ecf0e1de87fdbb649b8586cd9210fb,12,1.0
d9483b4061754db536117ea9c23f88859b27515f,lo_poly_animal_BEAR_BLK,flarenut_spanner,3c6c194cc864f2a655446efa548eef153a393618,3b87ec5ffc07c08a35116928a8b6ffb64390e0a4,5,1.0
d9483b4061754db536117ea9c23f88859b27515f,lo_poly_animal_BEAR_BLK,interior_details_103_4,3c6c194cc864f2a655446efa548eef153a393618,6c726f0ba025cab6490df5c05a6c436be87205ad,11,1.0
d9483b4061754db536117ea9c23f88859b27515f,lo_poly_animal_BEAR_BLK,interior_details_130_2,3c6c194cc864f2a655446efa548eef153a393618,f730e2fab41495e73bf0e665266a51a692d1ca54,9,1.0
d9483b4061754db536117ea9c23f88859b27515f,lo_poly_animal_BEAR_BLK,kitchen_equipment_knife2,3c6c194cc864f2a655446efa548eef153a393618,4c406e5b2db8e63397199570ff59e65caeca5775,15,1.0
d9483b4061754db536117ea9c23f88859b27515f,lo_poly_animal_BEAR_BLK,lo_poly_animal_CHICKDEE,3c6c194cc864f2a655446efa548eef153a393618,b95b95002cc603d8b4aec4836d1edc6b1f129efb,10,1.0
d9483b4061754db536117ea9c23f88859b27515f,lo_poly_animal_BEAR_BLK,lo_poly_animal_ELE_AS1,3c6c194cc864f2a655446efa548eef153a393618,41313a938cb781cbd60a6870530e116a9d98e48c,18,1.0
d9483b4061754db536117ea9c23f88859b27515f,lo_poly_animal_BEAR_BLK,lo_poly_animal_RHINO_2,3c6c194cc864f2a655446efa548eef153a393618,b87e834ba5e263774477edc6fc956070795ab1b6,16,1.0
d9483b4061754db536117ea9c23f88859b27515f,lo_poly_animal_BEAR_BLK,lo_poly_animal_TRANTULA,3c6c194cc864f2a655446efa548eef153a393618,8f14ff8cf138e89d90211a7811968af08d4d7098,14,0.9285714285714286
d9483b4061754db536117ea9c23f88859b27515f,lo_poly_animal_BEAR_BLK,weimaraner,3c6c194cc864f2a655446efa548eef153a393618,4f263a161cdd009ff7f9aa88ed9be2b852772142,12,1.0
d9483b4061754db536117ea9c23f88859b27515f,lo_poly_animal_BEAR_BLK,womens_shorts_01M,3c6c194cc864f2a655446efa548eef153a393618,66c09717173c555eced9e7a167f405b7d08ab18f,7,1.0
d9483b4061754db536117ea9c23f88859b27515f,lo_poly_animal_BEAR_BLK,zebra,3c6c194cc864f2a655446efa548eef153a393618,21afbd503b5d4f9c399c4a66baef6bd6e894715f,14,1.0
da508837a70e8988a7c301be75b6cf8e6281022c,zebra,22_acoustic_guitar,21afbd503b5d4f9c399c4a66baef6bd6e894715f,b17c9b116f73af5e54e294b1362187bb666a1737,20,0.5
da508837a70e8988a7c301be75b6cf8e6281022c,zebra,Hanger_02,21afbd503b5d4f9c399c4a66baef6bd6e894715f,2ef7b8f76464ac15cea9c2eaf23bfb992cfa8a20,5,0.4
da508837a70e8988a7c301be75b6cf8e6281022c,zebra,MB27346,21afbd503b5d4f9c399c4a66baef6bd6e894715f,f3b1fb66463bf84b593dad9fd1028aa8db6f3720,4,0.5
da508837a70e8988a7c301be75b6cf8e6281022c,zebra,MB28699,21afbd503b5d4f9c399c4a66baef6bd6e894715f,ee36e4d66958199793add93da479822f4d1164e6,15,0.6
da508837a70e8988a7c301be75b6cf8e6281022c,zebra,MB29874,21afbd503b5d4f9c399c4a66baef6bd6e894715f,7cc042e01ac7e57de362ae777017d3e1b727c9f0,6,0.6666666666666666
da508837a70e8988a7c301be75b6cf8e6281022c,zebra,MB30203,21afbd503b5d4f9c399c4a66baef6bd6e894715f,e6e0c7209f8a7908c49f803651f7382e3a2e75c5,10,0.8
da508837a70e8988a7c301be75b6cf8e6281022c,zebra,MB30758,21afbd503b5d4f9c399c4a66baef6bd6e894715f,61c2291042151124f703bb567c32ab30fda22360,15,0.5333333333333333
da508837a70e8988a7c301be75b6cf8e6281022c,zebra,build51,21afbd503b5d4f9c399c4a66baef6bd6e894715f,c6a67bcc6433546d8ede05ca6b05e089509d27ed,23,0.6521739130434783
da508837a70e8988a7c301be75b6cf8e6281022c,zebra,calc01,21afbd503b5d4f9c399c4a66baef6bd6e894715f,1858def1a1ecf0e1de87fdbb649b8586cd9210fb,6,0.3333333333333333
da508837a70e8988a7c301be75b6cf8e6281022c,zebra,dromedary,21afbd503b5d4f9c399c4a66baef6bd6e894715f,d47c3fb53513386e01d13c19f771ca5eb0f7da90,7,0.5714285714285714
da508837a70e8988a7c301be75b6cf8e6281022c,zebra,interior_details_103_4,21afbd503b5d4f9c399c4a66baef6bd6e894715f,6c726f0ba025cab6490df5c05a6c436be87205ad,9,0.6666666666666666
da508837a70e8988a7c301be75b6cf8e6281022c,zebra,interior_details_130_2,21afbd503b5d4f9c399c4a66baef6bd6e894715f,f730e2fab41495e73bf0e665266a51a692d1ca54,15,0.5333333333333333
da508837a70e8988a7c301be75b6cf8e6281022c,zebra,kitchen_equipment_knife2,21afbd503b5d4f9c399c4a66baef6bd6e894715f,4c406e5b2db8e63397199570ff59e65caeca5775,21,0.5714285714285714
da508837a70e8988a7c301be75b6cf8e6281022c,zebra,lo_poly_animal_BEAR_BLK,21afbd503b5d4f9c399c4a66baef6bd6e894715f,3c6c194cc864f2a655446efa548eef153a393618,19,0.3684210526315789
da508837a70e8988a7c301be75b6cf8e6281022c,zebra,lo_poly_animal_CHICKDEE,21afbd503b5d4f9c399c4a66baef6bd6e894715f,b95b95002cc603d8b4aec4836d1edc6b1f129efb,10,0.6
da508837a70e8988a7c301be75b6cf8e6281022c,zebra,lo_poly_animal_ELE_AS1,21afbd503b5d4f9c399c4a66baef6bd6e894715f,41313a938cb781cbd60a6870530e116a9d98e48c,41,0.4146341463414634
da508837a70e8988a7c301be75b6cf8e6281022c,zebra,lo_poly_animal_RHINO_2,21afbd503b5d4f9c399c4a66baef6bd6e894715f,b87e834ba5e263774477edc6fc956070795ab1b6,16,0.3125
da508837a70e8988a7c301be75b6cf8e6281022c,zebra,lo_poly_animal_TRANTULA,21afbd503b5d4f9c399c4a66baef6bd6e894715f,8f14ff8cf138e89d90211a7811968af08d4d7098,12,0.16666666666666666
da508837a70e8988a7c301be75b6cf8e6281022c,zebra,weimaraner,21afbd503b5d4f9c399c4a66baef6bd6e894715f,4f263a161cdd009ff7f9aa88ed9be2b852772142,9,0.6666666666666666
da508837a70e8988a7c301be75b6cf8e6281022c,zebra,womens_shorts_01M,21afbd503b5d4f9c399c4a66baef6bd6e894715f,66c09717173c555eced9e7a167f405b7d08ab18f,14,0.7857142857142857
dd1287dd1bd52a6800058a287aff954e2bc5ef0e,womens_stockings_01M,22_acoustic_guitar,7ed95b3ba88443ed63f25ffe0b5fb52d78dab676,b17c9b116f73af5e54e294b1362187bb666a1737,7,1.0
dd1287dd1bd52a6800058a287aff954e2bc5ef0e,womens_stockings_01M,Hanger_02,7ed95b3ba88443ed63f25ffe0b5fb52d78dab676,2ef7b8f76464ac15cea9c2eaf23bfb992cfa8a20,6,1.0
dd1287dd1bd52a6800058a287aff954e2bc5ef0e,womens_stockings_01M,MB27346,7ed95b3ba88443ed63f25ffe0b5fb52d78dab676,f3b1fb66463bf84b593dad9fd1028aa8db6f3720,4,1.0
dd1287dd1bd52a6800058a287aff954e2bc5ef0e,womens_stockings_01M,MB28699,7ed95b3ba88443ed63f25ffe0b5fb52d78dab676,ee36e4d66958199793add93da479822f4d1164e6,6,1.0
dd1287dd1bd52a6800058a287aff954e2bc5ef0e,womens_stockings_01M,MB29874,7ed95b3ba88443ed63f25ffe0b5fb52d78dab676,7cc042e01ac7e57de362ae777017d3e1b727c9f0,10,1.0
dd1287dd1bd52a6800058a287aff954e2bc5ef0e,womens_stockings_01M,MB30203,7ed95b3ba88443ed63f25ffe0b5fb52d78dab676,e6e0c7209f8a7908c49f803651f7382e3a2e75c5,6,1.0
dd1287dd1bd52a6800058a287aff954e2bc5ef0e,womens_stockings_01M,MB30758,7ed95b3ba88443ed63f25ffe0b5fb52d78dab676,61c2291042151124f703bb567c32ab30fda22360,10,0.9
dd1287dd1bd52a6800058a287aff954e2bc5ef0e,womens_stockings_01M,antique_furniture_item_18,7ed95b3ba88443ed63f25ffe0b5fb52d78dab676,bad9c53885fbc5be5a358b2ae742704b9f280dfa,5,0.8
dd1287dd1bd52a6800058a287aff954e2bc5ef0e,womens_stockings_01M,build51,7ed95b3ba88443ed63f25ffe0b5fb52d78dab676,c6a67bcc6433546d8ede05ca6b05e089509d27ed,8,1.0
dd1287dd1bd52a6800058a287aff954e2bc5ef0e,womens_stockings_01M,calc01,7ed95b3ba88443ed63f25ffe0b5fb52d78dab676,1858def1a1ecf0e1de87fdbb649b8586cd9210fb,7,0.8571428571428571
dd1287dd1bd52a6800058a287aff954e2bc5ef0e,womens_stockings_01M,dromedary,7ed95b3ba88443ed63f25ffe0b5fb52d78dab676,d47c3fb53513386e01d13c19f771ca5eb0f7da90,16,1.0
dd1287dd1bd52a6800058a287aff954e2bc5ef0e,womens_stockings_01M,flarenut_spanner,7ed95b3ba88443ed63f25ffe0b5fb52d78dab676,3b87ec5ffc07c08a35116928a8b6ffb64390e0a4,8,1.0
dd1287dd1bd52a6800058a287aff954e2bc5ef0e,womens_stockings_01M,interior_details_130_2,7ed95b3ba88443ed63f25ffe0b5fb52d78dab676,f730e2fab41495e73bf0e665266a51a692d1ca54,18,1.0
dd1287dd1bd52a6800058a287aff954e2bc5ef0e,womens_stockings_01M,kitchen_equipment_knife2,7ed95b3ba88443ed63f25ffe0b5fb52d78dab676,4c406e5b2db8e63397199570ff59e65caeca5775,6,1.0
dd1287dd1bd52a6800058a287aff954e2bc5ef0e,womens_stockings_01M,lo_poly_animal_BEAR_BLK,7ed95b3ba88443ed63f25ffe0b5fb52d78dab676,3c6c194cc864f2a655446efa548eef153a393618,11,1.0
dd1287dd1bd52a6800058a287aff954e2bc5ef0e,womens_stockings_01M,lo_poly_animal_CHICKDEE,7ed95b3ba88443ed63f25ffe0b5fb52d78dab676,b95b95002cc603d8b4aec4836d1edc6b1f129efb,7,1.0
dd1287dd1bd52a6800058a287aff954e2bc5ef0e,womens_stockings_01M,lo_poly_animal_ELE_AS1,7ed95b3ba88443ed63f25ffe0b5fb52d78dab676,41313a938cb781cbd60a6870530e116a9d98e48c,13,1.0
dd1287dd1bd52a6800058a287aff954e2bc5ef0e,womens_stockings_01M,lo_poly_animal_RHINO_2,7ed95b3ba88443ed63f25ffe0b5fb52d78dab676,b87e834ba5e263774477edc6fc956070795ab1b6,12,0.9166666666666666
dd1287dd1bd52a6800058a287aff954e2bc5ef0e,womens_stockings_01M,weimaraner,7ed95b3ba88443ed63f25ffe0b5fb52d78dab676,4f263a161cdd009ff7f9aa88ed9be2b852772142,6,1.0
dd1287dd1bd52a6800058a287aff954e2bc5ef0e,womens_stockings_01M,womens_shorts_01M,7ed95b3ba88443ed63f25ffe0b5fb52d78dab676,66c09717173c555eced9e7a167f405b7d08ab18f,8,1.0
dd1287dd1bd52a6800058a287aff954e2bc5ef0e,womens_stockings_01M,zebra,7ed95b3ba88443ed63f25ffe0b5fb52d78dab676,21afbd503b5d4f9c399c4a66baef6bd6e894715f,6,1.0
dd6fa20584f6055455aa89fbd73cbe75f8afc08d,Hanger_02,22_acoustic_guitar,2ef7b8f76464ac15cea9c2eaf23bfb992cfa8a20,b17c9b116f73af5e54e294b1362187bb666a1737,16,0.9375
dd6fa20584f6055455aa89fbd73cbe75f8afc08d,Hanger_02,MB27346,2ef7b8f76464ac15cea9c2eaf23bfb992cfa8a20,f3b1fb66463bf84b593dad9fd1028aa8db6f3720,10,0.9
dd6fa20584f6055455aa89fbd73cbe75f8afc08d,Hanger_02,MB28699,2ef7b8f76464ac15cea9c2eaf23bfb992cfa8a20,ee36e4d66958199793add93da479822f4d1164e6,31,0.967741935483871
dd6fa20584f6055455aa89fbd73cbe75f8afc08d,Hanger_02,MB29874,2ef7b8f76464ac15cea9c2eaf23bfb992cfa8a20,7cc042e01ac7e57de362ae777017d3e1b727c9f0,6,1.0
dd6fa20584f6055455aa89fbd73cbe75f8afc08d,Hanger_02,MB30758,2ef7b8f76464ac15cea9c2eaf23bfb992cfa8a20,61c2291042151124f703bb567c32ab30fda22360,12,1.0
dd6fa20584f6055455aa89fbd73cbe75f8afc08d,Hanger_02,antique_furniture_item_18,2ef7b8f76464ac15cea9c2eaf23bfb992cfa8a20,bad9c53885fbc5be5a358b2ae742704b9f280dfa,13,1.0
dd6fa20584f6055455aa89fbd73cbe75f8afc08d,Hanger_02,build51,2ef7b8f76464ac15cea9c2eaf23bfb992cfa8a20,c6a67bcc6433546d8ede05ca6b05e089509d27ed,11,1.0
dd6fa20584f6055455aa89fbd73cbe75f8afc08d,Hanger_02,calc01,2ef7b8f76464ac15cea9c2eaf23bfb992cfa8a20,1858def1a1ecf0e1de87fdbb649b8586cd9210fb,18,1.0
dd6fa20584f6055455aa89fbd73cbe75f8afc08d,Hanger_02,dromedary,2ef7b8f76464ac15cea9c2eaf23bfb992cfa8a20,d47c3fb53513386e01d13c19f771ca5eb0f7da90,9,1.0
dd6fa20584f6055455aa89fbd73cbe75f8afc08d,Hanger_02,flarenut_spanner,2ef7b8f76464ac15cea9c2eaf23bfb992cfa8a20,3b87ec5ffc07c08a35116928a8b6ffb64390e0a4,8,1.0
dd6fa20584f6055455aa89fbd73cbe75f8afc08d,Hanger_02,interior_details_103_4,2ef7b8f76464ac15cea9c2eaf23bfb992cfa8a20,6c726f0ba025cab6490df5c05a6c436be87205ad,9,1.0
dd6fa20584f6055455aa89fbd73cbe75f8afc08d,Hanger_02,interior_details_130_2,2ef7b8f76464ac15cea9c2eaf23bfb992cfa8a20,f730e2fab41495e73bf0e665266a51a692d1ca54,11,1.0
dd6fa20584f6055455aa89fbd73cbe75f8afc08d,Hanger_02,kitchen_equipment_knife2,2ef7b8f76464ac15cea9c2eaf23bfb992cfa8a20,4c406e5b2db8e63397199570ff59e65caeca5775,10,1.0
dd6fa20584f6055455aa89fbd73cbe75f8afc08d,Hanger_02,lo_poly_animal_BEAR_BLK,2ef7b8f76464ac15cea9c2eaf23bfb992cfa8a20,3c6c194cc864f2a655446efa548eef153a393618,13,1.0
dd6fa20584f6055455aa89fbd73cbe75f8afc08d,Hanger_02,lo_poly_animal_CHICKDEE,2ef7b8f76464ac15cea9c2eaf23bfb992cfa8a20,b95b95002cc603d8b4aec4836d1edc6b1f129efb,15,1.0
dd6fa20584f6055455aa89fbd73cbe75f8afc08d,Hanger_02,lo_poly_animal_ELE_AS1,2ef7b8f76464ac15cea9c2eaf23bfb992cfa8a20,41313a938cb781cbd60a6870530e116a9d98e48c,5,1.0
dd6fa20584f6055455aa89fbd73cbe75f8afc08d,Hanger_02,lo_poly_animal_RHINO_2,2ef7b8f76464ac15cea9c2eaf23bfb992cfa8a20,b87e834ba5e263774477edc6fc956070795ab1b6,11,1.0
dd6fa20584f6055455aa89fbd73cbe75f8afc08d,Hanger_02,lo_poly_animal_TRANTULA,2ef7b8f76464ac15cea9c2eaf23bfb992cfa8a20,8f14ff8cf138e89d90211a7811968af08d4d7098,4,1.0
dd6fa20584f6055455aa89fbd73cbe75f8afc08d,Hanger_02,weimaraner,2ef7b8f76464ac15cea9c2eaf23bfb992cfa8a20,4f263a161cdd009ff7f9aa88ed9be2b852772142,18,1.0
dd6fa20584f6055455aa89fbd73cbe75f8afc08d,Hanger_02,womens_shorts_01M,2ef7b8f76464ac15cea9c2eaf23bfb992cfa8a20,66c09717173c555eced9e7a167f405b7d08ab18f,10,0.9
dd6fa20584f6055455aa89fbd73cbe75f8afc08d,Hanger_02,zebra,2ef7b8f76464ac15cea9c2eaf23bfb992cfa8a20,21afbd503b5d4f9c399c4a66baef6bd6e894715f,10,1.0
ddb41e80a7823063deab0c34db78aac6d532de26,lo_poly_animal_RHINO_2,22_acoustic_guitar,b87e834ba5e263774477edc6fc956070795ab1b6,b17c9b116f73af5e54e294b1362187bb666a1737,8,1.0
ddb41e80a7823063deab0c34db78aac6d532de26,lo_poly_animal_RHINO_2,Hanger_02,b87e834ba5e263774477edc6fc956070795ab1b6,2ef7b8f76464ac15cea9c2eaf23bfb992cfa8a20,10,1.0
ddb41e80a7823063deab0c34db78aac6d532de26,lo_poly_animal_RHINO_2,MB27346,b87e834ba5e263774477edc6fc956070795ab1b6,f3b1fb66463bf84b593dad9fd1028aa8db6f3720,5,1.0
ddb41e80a7823063deab0c34db78aac6d532de26,lo_poly_animal_RHINO_2,MB28699,b87e834ba5e263774477edc6fc956070795ab1b6,ee36e4d66958199793add93da479822f4d1164e6,11,1.0
ddb41e80a7823063deab0c34db78aac6d532de26,lo_poly_animal_RHINO_2,MB30203,b87e834ba5e263774477edc6fc956070795ab1b6,e6e0c7209f8a7908c49f803651f7382e3a2e75c5,11,1.0
ddb41e80a7823063deab0c34db78aac6d532de26,lo_poly_animal_RHINO_2,MB30758,b87e834ba5e263774477edc6fc956070795ab1b6,61c2291042151124f703bb567c32ab30fda22360,9,0.7777777777777778
ddb41e80a7823063deab0c34db78aac6d532de26,lo_poly_animal_RHINO_2,antique_furniture_item_18,b87e834ba5e263774477edc6fc956070795ab1b6,bad9c53885fbc5be5a358b2ae742704b9f280dfa,8,1.0
ddb41e80a7823063deab0c34db78aac6d532de26,lo_poly_animal_RHINO_2,build51,b87e834ba5e263774477edc6fc956070795ab1b6,c6a67bcc6433546d8ede05ca6b05e089509d27ed,7,0.8571428571428571
ddb41e80a7823063deab0c34db78aac6d532de26,lo_poly_animal_RHINO_2,calc01,b87e834ba5e263774477edc6fc956070795ab1b6,1858def1a1ecf0e1de87fdbb649b8586cd9210fb,7,0.7142857142857143
ddb41e80a7823063deab0c34db78aac6d532de26,lo_poly_animal_RHINO_2,flarenut_spanner,b87e834ba5e263774477edc6fc956070795ab1b6,3b87ec5ffc07c08a35116928a8b6ffb64390e0a4,20,0.95
ddb41e80a7823063deab0c34db78aac6d532de26,lo_poly_animal_RHINO_2,interior_details_103_4,b87e834ba5e263774477edc6fc956070795ab1b6,6c726f0ba025cab6490df5c05a6c436be87205ad,7,1.0
ddb41e80a7823063deab0c34db78aac6d532de26,lo_poly_animal_RHINO_2,interior_details_130_2,b87e834ba5e263774477edc6fc956070795ab1b6,f730e2fab41495e73bf0e665266a51a692d1ca54,5,1.0
ddb41e80a7823063deab0c34db78aac6d532de26,lo_poly_animal_RHINO_2,kitchen_equipment_knife2,b87e834ba5e263774477edc6fc956070795ab1b6,4c406e5b2db8e63397199570ff59e65caeca5775,9,1.0
ddb41e80a7823063deab0c34db78aac6d532de26,lo_poly_animal_RHINO_2,lo_poly_animal_BEAR_BLK,b87e834ba5e263774477edc6fc956070795ab1b6,3c6c194cc864f2a655446efa548eef153a393618,4,0.75
ddb41e80a7823063deab0c34db78aac6d532de26,lo_poly_animal_RHINO_2,lo_poly_animal_CHICKDEE,b87e834ba5e263774477edc6fc956070795ab1b6,b95b95002cc603d8b4aec4836d1edc6b1f129efb,9,1.0
ddb41e80a7823063deab0c34db78aac6d532de26,lo_poly_animal_RHINO_2,lo_poly_animal_ELE_AS1,b87e834ba5e263774477edc6fc956070795ab1b6,41313a938cb781cbd60a6870530e116a9d98e48c,9,1.0
ddb41e80a7823063deab0c34db78aac6d532de26,lo_poly_animal_RHINO_2,weimaraner,b87e834ba5e263774477edc6fc956070795ab1b6,4f263a161cdd009ff7f9aa88ed9be2b852772142,6,1.0
ddb41e80a7823063deab0c34db78aac6d532de26,lo_poly_animal_RHINO_2,womens_shorts_01M,b87e834ba5e263774477edc6fc956070795ab1b6,66c09717173c555eced9e7a167f405b7d08ab18f,8,1.0
ddb41e80a7823063deab0c34db78aac6d532de26,lo_poly_animal_RHINO_2,womens_stockings_01M,b87e834ba5e263774477edc6fc956070795ab1b6,7ed95b3ba88443ed63f25ffe0b5fb52d78dab676,8,1.0
ddb41e80a7823063deab0c34db78aac6d532de26,lo_poly_animal_RHINO_2,zebra,b87e834ba5e263774477edc6fc956070795ab1b6,21afbd503b5d4f9c399c4a66baef6bd6e894715f,10,0.9
de212d8bf4ad8c21f393a65f96cbdae65c9abb41,calc01,22_acoustic_guitar,1858def1a1ecf0e1de87fdbb649b8586cd9210fb,b17c9b116f73af5e54e294b1362187bb666a1737,7,1.0
de212d8bf4ad8c21f393a65f96cbdae65c9abb41,calc01,Hanger_02,1858def1a1ecf0e1de87fdbb649b8586cd9210fb,2ef7b8f76464ac15cea9c2eaf23bfb992cfa8a20,12,1.0
de212d8bf4ad8c21f393a65f96cbdae65c9abb41,calc01,MB27346,1858def1a1ecf0e1de87fdbb649b8586cd9210fb,f3b1fb66463bf84b593dad9fd1028aa8db6f3720,9,1.0
de212d8bf4ad8c21f393a65f96cbdae65c9abb41,calc01,MB28699,1858def1a1ecf0e1de87fdbb649b8586cd9210fb,ee36e4d66958199793add93da479822f4d1164e6,7,1.0
de212d8bf4ad8c21f393a65f96cbdae65c9abb41,calc01,MB30203,1858def1a1ecf0e1de87fdbb649b8586cd9210fb,e6e0c7209f8a7908c49f803651f7382e3a2e75c5,12,0.9166666666666666
de212d8bf4ad8c21f393a65f96cbdae65c9abb41,calc01,MB30758,1858def1a1ecf0e1de87fdbb649b8586cd9210fb,61c2291042151124f703bb567c32ab30fda22360,5,0.8
de212d8bf4ad8c21f393a65f96cbdae65c9abb41,calc01,antique_furniture_item_18,1858def1a1ecf0e1de87fdbb649b8586cd9210fb,bad9c53885fbc5be5a358b2ae742704b9f280dfa,11,0.7272727272727273
de212d8bf4ad8c21f393a65f96cbdae65c9abb41,calc01,build51,1858def1a1ecf0e1de87fdbb649b8586cd9210fb,c6a67bcc6433546d8ede05ca6b05e089509d27ed,5,0.8
de212d8bf4ad8c21f393a65f96cbdae65c9abb41,calc01,dromedary,1858def1a1ecf0e1de87fdbb649b8586cd9210fb,d47c3fb53513386e01d13c19f771ca5eb0f7da90,11,0.9090909090909091
de212d8bf4ad8c21f393a65f96cbdae65c9abb41,calc01,flarenut_spanner,1858def1a1ecf0e1de87fdbb649b8586cd9210fb,3b87ec5ffc07c08a35116928a8b6ffb64390e0a4,7,1.0
de212d8bf4ad8c21f393a65f96cbdae65c9abb41,calc01,interior_details_130_2,1858def1a1ecf0e1de87fdbb649b8586cd9210fb,f730e2fab41495e73bf0e665266a51a692d1ca54,4,1.0
de212d8bf4ad8c21f393a65f96cbdae65c9abb41,calc01,kitchen_equipment_knife2,1858def1a1ecf0e1de87fdbb649b8586cd9210fb,4c406e5b2db8e63397199570ff59e65caeca5775,6,1.0
de212d8bf4ad8c21f393a65f96cbdae65c9abb41,calc01,lo_poly_animal_BEAR_BLK,1858def1a1ecf0e1de87fdbb649b8586cd9210fb,3c6c194cc864f2a655446efa548eef153a393618,17,1.0
de212d8bf4ad8c21f393a65f96cbdae65c9abb41,calc01,lo_poly_animal_CHICKDEE,1858def1a1ecf0e1de87fdbb649b8586cd9210fb,b95b95002cc603d8b4aec4836d1edc6b1f129efb,19,1.0
de212d8bf4ad8c21f393a65f96cbdae65c9abb41,calc01,lo_poly_animal_ELE_AS1,1858def1a1ecf0e1de87fdbb649b8586cd9210fb,41313a938cb781cbd60a6870530e116a9d98e48c,8,1.0
de212d8bf4ad8c21f393a65f96cbdae65c9abb41,calc01,lo_poly_animal_RHINO_2,1858def1a1ecf0e1de87fdbb649b8586cd9210fb,b87e834ba5e263774477edc6fc956070795ab1b6,7,1.0
de212d8bf4ad8c21f393a65f96cbdae65c9abb41,calc01,lo_poly_animal_TRANTULA,1858def1a1ecf0e1de87fdbb649b8586cd9210fb,8f14ff8cf138e89d90211a7811968af08d4d7098,13,1.0
de212d8bf4ad8c21f393a65f96cbdae65c9abb41,calc01,womens_shorts_01M,1858def1a1ecf0e1de87fdbb649b8586cd9210fb,66c09717173c555eced9e7a167f405b7d08ab18f,8,1.0
df680d564ad99ddb0586d59a90c4601c420f4032,flarenut_spanner,22_acoustic_guitar,3b87ec5ffc07c08a35116928a8b6ffb64390e0a4,b17c9b116f73af5e54e294b1362187bb666a1737,11,0.8181818181818182
df680d564ad99ddb0586d59a90c4601c420f4032,flarenut_spanner,Hanger_02,3b87ec5ffc07c08a35116928a8b6ffb64390e0a4,2ef7b8f76464ac15cea9c2eaf23bfb992cfa8a20,13,0.6923076923076923
df680d564ad99ddb0586d59a90c4601c420f4032,flarenut_spanner,MB27346,3b87ec5ffc07c08a35116928a8b6ffb64390e0a4,f3b1fb66463bf84b593dad9fd1028aa8db6f3720,17,0.8235294117647058
df680d564ad99ddb0586d59a90c4601c420f4032,flarenut_spanner,MB28699,3b87ec5ffc07c08a35116928a8b6ffb64390e0a4,ee36e4d66958199793add93da479822f4d1164e6,39,0.41025641025641024
df680d564ad99ddb0586d59a90c4601c420f4032,flarenut_spanner,MB29874,3b87ec5ffc07c08a35116928a8b6ffb64390e0a4,7cc042e01ac7e57de362ae777017d3e1b727c9f0,14,0.5
df680d564ad99ddb0586d59a90c4601c420f4032,flarenut_spanner,MB30203,3b87ec5ffc07c08a35116928a8b6ffb64390e0a4,e6e0c7209f8a7908c49f803651f7382e3a2e75c5,13,0.6923076923076923
df680d564ad99ddb0586d59a90c4601c420f4032,flarenut_spanner,MB30758,3b87ec5ffc07c08a35116928a8b6ffb64390e0a4,61c2291042151124f703bb567c32ab30fda22360,11,0.8181818181818182
df680d564ad99ddb0586d59a90c4601c420f4032,flarenut_spanner,antique_furniture_item_18,3b87ec5ffc07c08a35116928a8b6ffb64390e0a4,bad9c53885fbc5be5a358b2ae742704b9f280dfa,7,0.8571428571428571
df680d564ad99ddb0586d59a90c4601c420f4032,flarenut_spanner,build51,3b87ec5ffc07c08a35116928a8b6ffb64390e0a4,c6a67bcc6433546d8ede05ca6b05e089509d27ed,25,0.8
df680d564ad99ddb0586d59a90c4601c420f4032,flarenut_spanner,calc01,3b87ec5ffc07c08a35116928a8b6ffb64390e0a4,1858def1a1ecf0e1de87fdbb649b8586cd9210fb,8,0.625
df680d564ad99ddb0586d59a90c4601c420f4032,flarenut_spanner,dromedary,3b87ec5ffc07c08a35116928a8b6ffb64390e0a4,d47c3fb53513386e01d13c19f771ca5eb0f7da90,34,0.7058823529411765
df680d564ad99ddb0586d59a90c4601c420f4032,flarenut_spanner,interior_details_103_4,3b87ec5ffc07c08a35116928a8b6ffb64390e0a4,6c726f0ba025cab6490df5c05a6c436be87205ad,17,0.47058823529411764
df680d564ad99ddb0586d59a90c4601c420f4032,flarenut_spanner,interior_details_130_2,3b87ec5ffc07c08a35116928a8b6ffb64390e0a4,f730e2fab41495e73bf0e665266a51a692d1ca54,16,0.5
df680d564ad99ddb0586d59a90c4601c420f4032,flarenut_spanner,kitchen_equipment_knife2,3b87ec5ffc07c08a35116928a8b6ffb64390e0a4,4c406e5b2db8e63397199570ff59e65caeca5775,20,0.55
df680d564ad99ddb0586d59a90c4601c420f4032,flarenut_spanner,lo_poly_animal_BEAR_BLK,3b87ec5ffc07c08a35116928a8b6ffb64390e0a4,3c6c194cc864f2a655446efa548eef153a393618,24,0.9583333333333334
df680d564ad99ddb0586d59a90c4601c420f4032,flarenut_spanner,lo_poly_animal_CHICKDEE,3b87ec5ffc07c08a35116928a8b6ffb64390e0a4,b95b95002cc603d8b4aec4836d1edc6b1f129efb,29,0.6551724137931034
df680d564ad99ddb0586d59a90c4601c420f4032,flarenut_spanner,lo_poly_animal_ELE_AS1,3b87ec5ffc07c08a35116928a8b6ffb64390e0a4,41313a938cb781cbd60a6870530e116a9d98e48c,18,0.6666666666666666
df680d564ad99ddb0586d59a90c4601c420f4032,flarenut_spanner,lo_poly_animal_RHINO_2,3b87ec5ffc07c08a35116928a8b6ffb64390e0a4,b87e834ba5e263774477edc6fc956070795ab1b6,19,0.9473684210526315
df680d564ad99ddb0586d59a90c4601c420f4032,flarenut_spanner,lo_poly_animal_TRANTULA,3b87ec5ffc07c08a35116928a8b6ffb64390e0a4,8f14ff8cf138e89d90211a7811968af08d4d7098,19,0.8421052631578947
df680d564ad99ddb0586d59a90c4601c420f4032,flarenut_spanner,weimaraner,3b87ec5ffc07c08a35116928a8b6ffb64390e0a4,4f263a161cdd009ff7f9aa88ed9be2b852772142,11,0.7272727272727273
df680d564ad99ddb0586d59a90c4601c420f4032,flarenut_spanner,womens_shorts_01M,3b87ec5ffc07c08a35116928a8b6ffb64390e0a4,66c09717173c555eced9e7a167f405b7d08ab18f,24,0.875
df680d564ad99ddb0586d59a90c4601c420f4032,flarenut_spanner,womens_stockings_01M,3b87ec5ffc07c08a35116928a8b6ffb64390e0a4,7ed95b3ba88443ed63f25ffe0b5fb52d78dab676,33,0.7575757575757576
df680d564ad99ddb0586d59a90c4601c420f4032,flarenut_spanner,zebra,3b87ec5ffc07c08a35116928a8b6ffb64390e0a4,21afbd503b5d4f9c399c4a66baef6bd6e894715f,30,0.7
df7630d3ec437ff6b4cf077f89e23ba176e4883d,womens_shorts_01M,22_acoustic_guitar,66c09717173c555eced9e7a167f405b7d08ab18f,b17c9b116f73af5e54e294b1362187bb666a1737,15,1.0
df7630d3ec437ff6b4cf077f89e23ba176e4883d,womens_shorts_01M,Hanger_02,66c09717173c555eced9e7a167f405b7d08ab18f,2ef7b8f76464ac15cea9c2eaf23bfb992cfa8a20,4,1.0
df7630d3ec437ff6b4cf077f89e23ba176e4883d,womens_shorts_01M,MB27346,66c09717173c555eced9e7a167f405b7d08ab18f,f3b1fb66463bf84b593dad9fd1028aa8db6f3720,9,1.0
df7630d3ec437ff6b4cf077f89e23ba176e4883d,womens_shorts_01M,MB28699,66c09717173c555eced9e7a167f405b7d08ab18f,ee36e4d66958199793add93da479822f4d1164e6,6,1.0
df7630d3ec437ff6b4cf077f89e23ba176e4883d,womens_shorts_01M,MB29874,66c09717173c555eced9e7a167f405b7d08ab18f,7cc042e01ac7e57de362ae777017d3e1b727c9f0,9,0.8888888888888888
df7630d3ec437ff6b4cf077f89e23ba176e4883d,womens_shorts_01M,MB30203,66c09717173c555eced9e7a167f405b7d08ab18f,e6e0c7209f8a7908c49f803651f7382e3a2e75c5,5,1.0
df7630d3ec437ff6b4cf077f89e23ba176e4883d,womens_shorts_01M,MB30758,66c09717173c555eced9e7a167f405b7d08ab18f,61c2291042151124f703bb567c32ab30fda22360,4,1.0
df7630d3ec437ff6b4cf077f89e23ba176e4883d,womens_shorts_01M,antique_furniture_item_18,66c09717173c555eced9e7a167f405b7d08ab18f,bad9c53885fbc5be5a358b2ae742704b9f280dfa,5,1.0
df7630d3ec437ff6b4cf077f89e23ba176e4883d,womens_shorts_01M,build51,66c09717173c555eced9e7a167f405b7d08ab18f,c6a67bcc6433546d8ede05ca6b05e089509d27ed,6,1.0
df7630d3ec437ff6b4cf077f89e23ba176e4883d,womens_shorts_01M,calc01,66c09717173c555eced9e7a167f405b7d08ab18f,1858def1a1ecf0e1de87fdbb649b8586cd9210fb,14,1.0
df7630d3ec437ff6b4cf077f89e23ba176e4883d,womens_shorts_01M,dromedary,66c09717173c555eced9e7a167f405b7d08ab18f,d47c3fb53513386e01d13c19f771ca5eb0f7da90,4,1.0
df7630d3ec437ff6b4cf077f89e23ba176e4883d,womens_shorts_01M,flarenut_spanner,66c09717173c555eced9e7a167f405b7d08ab18f,3b87ec5ffc07c08a35116928a8b6ffb64390e0a4,4,1.0
df7630d3ec437ff6b4cf077f89e23ba176e4883d,womens_shorts_01M,interior_details_103_4,66c09717173c555eced9e7a167f405b7d08ab18f,6c726f0ba025cab6490df5c05a6c436be87205ad,10,1.0
df7630d3ec437ff6b4cf077f89e23ba176e4883d,womens_shorts_01M,interior_details_130_2,66c09717173c555eced9e7a167f405b7d08ab18f,f730e2fab41495e73bf0e665266a51a692d1ca54,10,1.0
df7630d3ec437ff6b4cf077f89e23ba176e4883d,womens_shorts_01M,kitchen_equipment_knife2,66c09717173c555eced9e7a167f405b7d08ab18f,4c406e5b2db8e63397199570ff59e65caeca5775,14,1.0
df7630d3ec437ff6b4cf077f89e23ba176e4883d,womens_shorts_01M,lo_poly_animal_BEAR_BLK,66c09717173c555eced9e7a167f405b7d08ab18f,3c6c194cc864f2a655446efa548eef153a393618,13,1.0
df7630d3ec437ff6b4cf077f89e23ba176e4883d,womens_shorts_01M,lo_poly_animal_CHICKDEE,66c09717173c555eced9e7a167f405b7d08ab18f,b95b95002cc603d8b4aec4836d1edc6b1f129efb,4,0.75
df7630d3ec437ff6b4cf077f89e23ba176e4883d,womens_shorts_01M,lo_poly_animal_ELE_AS1,66c09717173c555eced9e7a167f405b7d08ab18f,41313a938cb781cbd60a6870530e116a9d98e48c,7,0.8571428571428571
df7630d3ec437ff6b4cf077f89e23ba176e4883d,womens_shorts_01M,lo_poly_animal_RHINO_2,66c09717173c555eced9e7a167f405b7d08ab18f,b87e834ba5e263774477edc6fc956070795ab1b6,16,0.9375
df7630d3ec437ff6b4cf077f89e23ba176e4883d,womens_shorts_01M,lo_poly_animal_TRANTULA,66c09717173c555eced9e7a167f405b7d08ab18f,8f14ff8cf138e89d90211a7811968af08d4d7098,26,1.0
df7630d3ec437ff6b4cf077f89e23ba176e4883d,womens_shorts_01M,weimaraner,66c09717173c555eced9e7a167f405b7d08ab18f,4f263a161cdd009ff7f9aa88ed9be2b852772142,6,1.0
df7630d3ec437ff6b4cf077f89e23ba176e4883d,womens_shorts_01M,womens_stockings_01M,66c09717173c555eced9e7a167f405b7d08ab18f,7ed95b3ba88443ed63f25ffe0b5fb52d78dab676,17,1.0
df7630d3ec437ff6b4cf077f89e23ba176e4883d,womens_shorts_01M,zebra,66c09717173c555eced9e7a167f405b7d08ab18f,21afbd503b5d4f9c399c4a66baef6bd6e894715f,4,1.0
e15bdf14b427777af9a63cc32e14bed4cf06facf,22_acoustic_guitar,Hanger_02,b17c9b116f73af5e54e294b1362187bb666a1737,2ef7b8f76464ac15cea9c2eaf23bfb992cfa8a20,7,0.8571428571428571
e15bdf14b427777af9a63cc32e14bed4cf06facf,22_acoustic_guitar,MB27346,b17c9b116f73af5e54e294b1362187bb666a1737,f3b1fb66463bf84b593dad9fd1028aa8db6f3720,20,1.0
e15bdf14b427777af9a63cc32e14bed4cf06facf,22_acoustic_guitar,MB28699,b17c9b116f73af5e54e294b1362187bb666a1737,ee36e4d66958199793add93da479822f4d1164e6,20,0.95
e15bdf14b427777af9a63cc32e14bed4cf06facf,22_acoustic_guitar,MB29874,b17c9b116f73af5e54e294b1362187bb666a1737,7cc042e01ac7e57de362ae777017d3e1b727c9f0,6,1.0
e15bdf14b427777af9a63cc32e14bed4cf06facf,22_acoustic_guitar,MB30203,b17c9b116f73af5e54e294b1362187bb666a1737,e6e0c7209f8a7908c49f803651f7382e3a2e75c5,4,1.0
e15bdf14b427777af9a63cc32e14bed4cf06facf,22_acoustic_guitar,MB30758,b17c9b116f73af5e54e294b1362187bb666a1737,61c2291042151124f703bb567c32ab30fda22360,6,1.0
e15bdf14b427777af9a63cc32e14bed4cf06facf,22_acoustic_guitar,antique_furniture_item_18,b17c9b116f73af5e54e294b1362187bb666a1737,bad9c53885fbc5be5a358b2ae742704b9f280dfa,8,1.0
e15bdf14b427777af9a63cc32e14bed4cf06facf,22_acoustic_guitar,build51,b17c9b116f73af5e54e294b1362187bb666a1737,c6a67bcc6433546d8ede05ca6b05e089509d27ed,5,1.0
e15bdf14b427777af9a63cc32e14bed4cf06facf,22_acoustic_guitar,calc01,b17c9b116f73af5e54e294b1362187bb666a1737,1858def1a1ecf0e1de87fdbb649b8586cd9210fb,4,1.0
e15bdf14b427777af9a63cc32e14bed4cf06facf,22_acoustic_guitar,dromedary,b17c9b116f73af5e54e294b1362187bb666a1737,d47c3fb53513386e01d13c19f771ca5eb0f7da90,13,1.0
e15bdf14b427777af9a63cc32e14bed4cf06facf,22_acoustic_guitar,flarenut_spanner,b17c9b116f73af5e54e294b1362187bb666a1737,3b87ec5ffc07c08a35116928a8b6ffb64390e0a4,6,1.0
e15bdf14b427777af9a63cc32e14bed4cf06facf,22_acoustic_guitar,interior_details_103_4,b17c9b116f73af5e54e294b1362187bb666a1737,6c726f0ba025cab6490df5c05a6c436be87205ad,19,1.0
e15bdf14b427777af9a63cc32e14bed4cf06facf,22_acoustic_guitar,interior_details_130_2,b17c9b116f73af5e54e294b1362187bb666a1737,f730e2fab41495e73bf0e665266a51a692d1ca54,20,1.0
e15bdf14b427777af9a63cc32e14bed4cf06facf,22_acoustic_guitar,kitchen_equipment_knife2,b17c9b116f73af5e54e294b1362187bb666a1737,4c406e5b2db8e63397199570ff59e65caeca5775,8,1.0
e15bdf14b427777af9a63cc32e14bed4cf06facf,22_acoustic_guitar,lo_poly_animal_BEAR_BLK,b17c9b116f73af5e54e294b1362187bb666a1737,3c6c194cc864f2a655446efa548eef153a393618,10,1.0
e15bdf14b427777af9a63cc32e14bed4cf06facf,22_acoustic_guitar,lo_poly_animal_CHICKDEE,b17c9b116f73af5e54e294b1362187bb666a1737,b95b95002cc603d8b4aec4836d1edc6b1f129efb,9,0.8888888888888888
e15bdf14b427777af9a63cc32e14bed4cf06facf,22_acoustic_guitar,lo_poly_animal_ELE_AS1,b17c9b116f73af5e54e294b1362187bb666a1737,41313a938cb781cbd60a6870530e116a9d98e48c,9,0.7777777777777778
e15bdf14b427777af9a63cc32e14bed4cf06facf,22_acoustic_guitar,lo_poly_animal_TRANTULA,b17c9b116f73af5e54e294b1362187bb666a1737,8f14ff8cf138e89d90211a7811968af08d4d7098,8,1.0
e15bdf14b427777af9a63cc32e14bed4cf06facf,22_acoustic_guitar,weimaraner,b17c9b116f73af5e54e294b1362187bb666a1737,4f263a161cdd009ff7f9aa88ed9be2b852772142,6,1.0
e15bdf14b427777af9a63cc32e14bed4cf06facf,22_acoustic_guitar,womens_shorts_01M,b17c9b116f73af5e54e294b1362187bb666a1737,66c09717173c555eced9e7a167f405b7d08ab18f,4,1.0
e15bdf14b427777af9a63cc32e14bed4cf06facf,22_acoustic_guitar,womens_stockings_01M,b17c9b116f73af5e54e294b1362187bb666a1737,7ed95b3ba88443ed63f25ffe0b5fb52d78dab676,12,1.0
e15bdf14b427777af9a63cc32e14bed4cf06facf,22_acoustic_guitar,zebra,b17c9b116f73af5e54e294b1362187bb666a1737,21afbd503b5d4f9c399c4a66baef6bd6e894715f,5,1.0
e163cbf5925bbb4649663e6a7a97b48901f133b8,antique_furniture_item_18,22_acoustic_guitar,bad9c53885fbc5be5a358b2ae742704b9f280dfa,b17c9b116f73af5e54e294b1362187bb666a1737,11,1.0
e163cbf5925bbb4649663e6a7a97b48901f133b8,antique_furniture_item_18,MB27346,bad9c53885fbc5be5a358b2ae742704b9f280dfa,f3b1fb66463bf84b593dad9fd1028aa8db6f3720,7,1.0
e163cbf5925bbb4649663e6a7a97b48901f133b8,antique_furniture_item_18,MB28699,bad9c53885fbc5be5a358b2ae742704b9f280dfa,ee36e4d66958199793add93da479822f4d1164e6,12,1.0
e163cbf5925bbb4649663e6a7a97b48901f133b8,antique_furniture_item_18,MB29874,bad9c53885fbc5be5a358b2ae742704b9f280dfa,7cc042e01ac7e57de362ae777017d3e1b727c9f0,12,1.0
e163cbf5925bbb4649663e6a7a97b48901f133b8,antique_furniture_item_18,MB30203,bad9c53885fbc5be5a358b2ae742704b9f280dfa,e6e0c7209f8a7908c49f803651f7382e3a2e75c5,9,1.0
e163cbf5925bbb4649663e6a7a97b48901f133b8,antique_furniture_item_18,MB30758,bad9c53885fbc5be5a358b2ae742704b9f280dfa,61c2291042151124f703bb567c32ab30fda22360,13,0.9230769230769231
e163cbf5925bbb4649663e6a7a97b48901f133b8,antique_furniture_item_18,build51,bad9c53885fbc5be5a358b2ae742704b9f280dfa,c6a67bcc6433546d8ede05ca6b05e089509d27ed,8,1.0
e163cbf5925bbb4649663e6a7a97b48901f133b8,antique_furniture_item_18,calc01,bad9c53885fbc5be5a358b2ae742704b9f280dfa,1858def1a1ecf0e1de87fdbb649b8586cd9210fb,9,0.3333333333333333
e163cbf5925bbb4649663e6a7a97b48901f133b8,antique_furniture_item_18,dromedary,bad9c53885fbc5be5a358b2ae742704b9f280dfa,d47c3fb53513386e01d13c19f771ca5eb0f7da90,10,1.0
e163cbf5925bbb4649663e6a7a97b48901f133b8,antique_furniture_item_18,flarenut_spanner,bad9c53885fbc5be5a358b2ae742704b9f280dfa,3b87ec5ffc07c08a35116928a8b6ffb64390e0a4,12,1.0
e163cbf5925bbb4649663e6a7a97b48901f133b8,antique_furniture_item_18,interior_details_103_4,bad9c53885fbc5be5a358b2ae742704b9f280dfa,6c726f0ba025cab6490df5c05a6c436be87205ad,13,1.0
e163cbf5925bbb4649663e6a7a97b48901f133b8,antique_furniture_item_18,kitchen_equipment_knife2,bad9c53885fbc5be5a358b2ae742704b9f280dfa,4c406e5b2db8e63397199570ff59e65caeca5775,5,1.0
e163cbf5925bbb4649663e6a7a97b48901f133b8,antique_furniture_item_18,lo_poly_animal_ELE_AS1,bad9c53885fbc5be5a358b2ae742704b9f280dfa,41313a938cb781cbd60a6870530e116a9d98e48c,7,1.0
e163cbf5925bbb4649663e6a7a97b48901f133b8,antique_furniture_item_18,lo_poly_animal_RHINO_2,bad9c53885fbc5be5a358b2ae742704b9f280dfa,b87e834ba5e263774477edc6fc956070795ab1b6,14,1.0
e163cbf5925bbb4649663e6a7a97b48901f133b8,antique_furniture_item_18,lo_poly_animal_TRANTULA,bad9c53885fbc5be5a358b2ae742704b9f280dfa,8f14ff8cf138e89d90211a7811968af08d4d7098,18,0.9444444444444444
e163cbf5925bbb4649663e6a7a97b48901f133b8,antique_furniture_item_18,weimaraner,bad9c53885fbc5be5a358b2ae742704b9f280dfa,4f263a161cdd009ff7f9aa88ed9be2b852772142,4,1.0
e163cbf5925bbb4649663e6a7a97b48901f133b8,antique_furniture_item_18,womens_shorts_01M,bad9c53885fbc5be5a358b2ae742704b9f280dfa,66c09717173c555eced9e7a167f405b7d08ab18f,5,1.0
e163cbf5925bbb4649663e6a7a97b48901f133b8,antique_furniture_item_18,womens_stockings_01M,bad9c53885fbc5be5a358b2ae742704b9f280dfa,7ed95b3ba88443ed63f25ffe0b5fb52d78dab676,7,0.8571428571428571
e1de204e2bd68e6b7f2532435f90612247b7c71c,dromedary,22_acoustic_guitar,d47c3fb53513386e01d13c19f771ca5eb0f7da90,b17c9b116f73af5e54e294b1362187bb666a1737,5,1.0
e1de204e2bd68e6b7f2532435f90612247b7c71c,dromedary,Hanger_02,d47c3fb53513386e01d13c19f771ca5eb0f7da90,2ef7b8f76464ac15cea9c2eaf23bfb992cfa8a20,9,0.8888888888888888
e1de204e2bd68e6b7f2532435f90612247b7c71c,dromedary,MB27346,d47c3fb53513386e01d13c19f771ca5eb0f7da90,f3b1fb66463bf84b593dad9fd1028aa8db6f3720,11,1.0
e1de204e2bd68e6b7f2532435f90612247b7c71c,dromedary,MB30203,d47c3fb53513386e01d13c19f771ca5eb0f7da90,e6e0c7209f8a7908c49f803651f7382e3a2e75c5,8,1.0
e1de204e2bd68e6b7f2532435f90612247b7c71c,dromedary,MB30758,d47c3fb53513386e01d13c19f771ca5eb0f7da90,61c2291042151124f703bb567c32ab30fda22360,4,1.0
e1de204e2bd68e6b7f2532435f90612247b7c71c,dromedary,antique_furniture_item_18,d47c3fb53513386e01d13c19f771ca5eb0f7da90,bad9c53885fbc5be5a358b2ae742704b9f280dfa,14,0.9285714285714286
e1de204e2bd68e6b7f2532435f90612247b7c71c,dromedary,build51,d47c3fb53513386e01d13c19f771ca5eb0f7da90,c6a67bcc6433546d8ede05ca6b05e089509d27ed,9,1.0
e1de204e2bd68e6b7f2532435f90612247b7c71c,dromedary,calc01,d47c3fb53513386e01d13c19f771ca5eb0f7da90,1858def1a1ecf0e1de87fdbb649b8586cd9210fb,12,0.9166666666666666
e1de204e2bd68e6b7f2532435f90612247b7c71c,dromedary,flarenut_spanner,d47c3fb53513386e01d13c19f771ca5eb0f7da90,3b87ec5ffc07c08a35116928a8b6ffb64390e0a4,9,1.0
e1de204e2bd68e6b7f2532435f90612247b7c71c,dromedary,interior_details_103_4,d47c3fb53513386e01d13c19f771ca5eb0f7da90,6c726f0ba025cab6490df5c05a6c436be87205ad,5,1.0
e1de204e2bd68e6b7f2532435f90612247b7c71c,dromedary,interior_details_130_2,d47c3fb53513386e01d13c19f771ca5eb0f7da90,f730e2fab41495e73bf0e665266a51a692d1ca54,4,1.0
e1de204e2bd68e6b7f2532435f90612247b7c71c,dromedary,kitchen_equipment_knife2,d47c3fb53513386e01d13c19f771ca5eb0f7da90,4c406e5b2db8e63397199570ff59e65caeca5775,10,0.9
e1de204e2bd68e6b7f2532435f90612247b7c71c,dromedary,lo_poly_animal_BEAR_BLK,d47c3fb53513386e01d13c19f771ca5eb0f7da90,3c6c194cc864f2a655446efa548eef153a393618,7,1.0
e1de204e2bd68e6b7f2532435f90612247b7c71c,dromedary,lo_poly_animal_CHICKDEE,d47c3fb53513386e01d13c19f771ca5eb0f7da90,b95b95002cc603d8b4aec4836d1edc6b1f129efb,8,1.0
e1de204e2bd68e6b7f2532435f90612247b7c71c,dromedary,lo_poly_animal_ELE_AS1,d47c3fb53513386e01d13c19f771ca5eb0f7da90,41313a938cb781cbd60a6870530e116a9d98e48c,6,1.0
e1de204e2bd68e6b7f2532435f90612247b7c71c,dromedary,lo_poly_animal_TRANTULA,d47c3fb53513386e01d13c19f771ca5eb0f7da90,8f14ff8cf138e89d90211a7811968af08d4d7098,5,1.0
e1de204e2bd68e6b7f2532435f90612247b7c71c,dromedary,weimaraner,d47c3fb53513386e01d13c19f771ca5eb0f7da90,4f263a161cdd009ff7f9aa88ed9be2b852772142,25,0.68
e1de204e2bd68e6b7f2532435f90612247b7c71c,dromedary,womens_shorts_01M,d47c3fb53513386e01d13c19f771ca5eb0f7da90,66c09717173c555eced9e7a167f405b7d08ab18f,10,1.0
e29800ab8be967c5ea4756fef94d91de1a008fc7,calc01,22_acoustic_guitar,1858def1a1ecf0e1de87fdbb649b8586cd9210fb,b17c9b116f73af5e54e294b1362187bb666a1737,12,1.0
e29800ab8be967c5ea4756fef94d91de1a008fc7,calc01,Hanger_02,1858def1a1ecf0e1de87fdbb649b8586cd9210fb,2ef7b8f76464ac15cea9c2eaf23bfb992cfa8a20,13,0.9230769230769231
e29800ab8be967c5ea4756fef94d91de1a008fc7,calc01,MB27346,1858def1a1ecf0e1de87fdbb649b8586cd9210fb,f3b1fb66463bf84b593dad9fd1028aa8db6f3720,14,0.9285714285714286
e29800ab8be967c5ea4756fef94d91de1a008fc7,calc01,MB28699,1858def1a1ecf0e1de87fdbb649b8586cd9210fb,ee36e4d66958199793add93da479822f4d1164e6,15,1.0
e29800ab8be967c5ea4756fef94d91de1a008fc7,calc01,MB29874,1858def1a1ecf0e1de87fdbb649b8586cd9210fb,7cc042e01ac7e57de362ae777017d3e1b727c9f0,9,1.0
e29800ab8be967c5ea4756fef94d91de1a008fc7,calc01,MB30203,1858def1a1ecf0e1de87fdbb649b8586cd9210fb,e6e0c7209f8a7908c49f803651f7382e3a2e75c5,8,0.875
e29800ab8be967c5ea4756fef94d91de1a008fc7,calc01,MB30758,1858def1a1ecf0e1de87fdbb649b8586cd9210fb,61c2291042151124f703bb567c32ab30fda22360,10,1.0
e29800ab8be967c5ea4756fef94d91de1a008fc7,calc01,antique_furniture_item_18,1858def1a1ecf0e1de87fdbb649b8586cd9210fb,bad9c53885fbc5be5a358b2ae742704b9f280dfa,12,0.9166666666666666
e29800ab8be967c5ea4756fef94d91de1a008fc7,calc01,build51,1858def1a1ecf0e1de87fdbb649b8586cd9210fb,c6a67bcc6433546d8ede05ca6b05e089509d27ed,8,1.0
e29800ab8be967c5ea4756fef94d91de1a008fc7,calc01,dromedary,1858def1a1ecf0e1de87fdbb649b8586cd9210fb,d47c3fb53513386e01d13c19f771ca5eb0f7da90,9,1.0
e29800ab8be967c5ea4756fef94d91de1a008fc7,calc01,flarenut_spanner,1858def1a1ecf0e1de87fdbb649b8586cd9210fb,3b87ec5ffc07c08a35116928a8b6ffb64390e0a4,12,1.0
e29800ab8be967c5ea4756fef94d91de1a008fc7,calc01,interior_details_103_4,1858def1a1ecf0e1de87fdbb649b8586cd9210fb,6c726f0ba025cab6490df5c05a6c436be87205ad,9,1.0
e29800ab8be967c5ea4756fef94d91de1a008fc7,calc01,interior_details_130_2,1858def1a1ecf0e1de87fdbb649b8586cd9210fb,f730e2fab41495e73bf0e665266a51a692d1ca54,12,1.0
e29800ab8be967c5ea4756fef94d91de1a008fc7,calc01,kitchen_equipment_knife2,1858def1a1ecf0e1de87fdbb649b8586cd9210fb,4c406e5b2db8e63397199570ff59e65caeca5775,10,1.0
e29800ab8be967c5ea4756fef94d91de1a008fc7,calc01,lo_poly_animal_BEAR_BLK,1858def1a1ecf0e1de87fdbb649b8586cd9210fb,3c6c194cc864f2a655446efa548eef153a393618,21,0.9523809523809523
e29800ab8be967c5ea4756fef94d91de1a008fc7,calc01,lo_poly_animal_CHICKDEE,1858def1a1ecf0e1de87fdbb649b8586cd9210fb,b95b95002cc603d8b4aec4836d1edc6b1f129efb,13,1.0
e29800ab8be967c5ea4756fef94d91de1a008fc7,calc01,lo_poly_animal_ELE_AS1,1858def1a1ecf0e1de87fdbb649b8586cd9210fb,41313a938cb781cbd60a6870530e116a9d98e48c,9,1.0
e29800ab8be967c5ea4756fef94d91de1a008fc7,calc01,lo_poly_animal_RHINO_2,1858def1a1ecf0e1de87fdbb649b8586cd9210fb,b87e834ba5e263774477edc6fc956070795ab1b6,8,1.0
e29800ab8be967c5ea4756fef94d91de1a008fc7,calc01,lo_poly_animal_TRANTULA,1858def1a1ecf0e1de87fdbb649b8586cd9210fb,8f14ff8cf138e89d90211a7811968af08d4d7098,10,1.0
e29800ab8be967c5ea4756fef94d91de1a008fc7,calc01,weimaraner,1858def1a1ecf0e1de87fdbb649b8586cd9210fb,4f263a161cdd009ff7f9aa88ed9be2b852772142,9,1.0
e29800ab8be967c5ea4756fef94d91de1a008fc7,calc01,womens_shorts_01M,1858def1a1ecf0e1de87fdbb649b8586cd9210fb,66c09717173c555eced9e7a167f405b7d08ab18f,12,1.0
e29800ab8be967c5ea4756fef94d91de1a008fc7,calc01,womens_stockings_01M,1858def1a1ecf0e1de87fdbb649b8586cd9210fb,7ed95b3ba88443ed63f25ffe0b5fb52d78dab676,9,1.0
e29800ab8be967c5ea4756fef94d91de1a008fc7,calc01,zebra,1858def1a1ecf0e1de87fdbb649b8586cd9210fb,21afbd503b5d4f9c399c4a66baef6bd6e894715f,18,1.0
e2d0e29c3cc86bdfc843faaa1113bd59d6a815d2,womens_shorts_01M,22_acoustic_guitar,66c09717173c555eced9e7a167f405b7d08ab18f,b17c9b116f73af5e54e294b1362187bb666a1737,9,1.0
e2d0e29c3cc86bdfc843faaa1113bd59d6a815d2,womens_shorts_01M,Hanger_02,66c09717173c555eced9e7a167f405b7d08ab18f,2ef7b8f76464ac15cea9c2eaf23bfb992cfa8a20,6,0.6666666666666666
e2d0e29c3cc86bdfc843faaa1113bd59d6a815d2,womens_shorts_01M,MB27346,66c09717173c555eced9e7a167f405b7d08ab18f,f3b1fb66463bf84b593dad9fd1028aa8db6f3720,12,0.8333333333333334
e2d0e29c3cc86bdfc843faaa1113bd59d6a815d2,womens_shorts_01M,MB28699,66c09717173c555eced9e7a167f405b7d08ab18f,ee36e4d66958199793add93da479822f4d1164e6,10,1.0
e2d0e29c3cc86bdfc843faaa1113bd59d6a815d2,womens_shorts_01M,MB29874,66c09717173c555eced9e7a167f405b7d08ab18f,7cc042e01ac7e57de362ae777017d3e1b727c9f0,5,1.0
e2d0e29c3cc86bdfc843faaa1113bd59d6a815d2,womens_shorts_01M,MB30203,66c09717173c555eced9e7a167f405b7d08ab18f,e6e0c7209f8a7908c49f803651f7382e3a2e75c5,7,0.8571428571428571
e2d0e29c3cc86bdfc843faaa1113bd59d6a815d2,womens_shorts_01M,MB30758,66c09717173c555eced9e7a167f405b7d08ab18f,61c2291042151124f703bb567c32ab30fda22360,4,1.0
e2d0e29c3cc86bdfc843faaa1113bd59d6a815d2,womens_shorts_01M,antique_furniture_item_18,66c09717173c555eced9e7a167f405b7d08ab18f,bad9c53885fbc5be5a358b2ae742704b9f280dfa,6,0.8333333333333334
e2d0e29c3cc86bdfc843faaa1113bd59d6a815d2,womens_shorts_01M,build51,66c09717173c555eced9e7a167f405b7d08ab18f,c6a67bcc6433546d8ede05ca6b05e089509d27ed,4,1.0
e2d0e29c3cc86bdfc843faaa1113bd59d6a815d2,womens_shorts_01M,calc01,66c09717173c555eced9e7a167f405b7d08ab18f,1858def1a1ecf0e1de87fdbb649b8586cd9210fb,13,1.0
e2d0e29c3cc86bdfc843faaa1113bd59d6a815d2,womens_shorts_01M,dromedary,66c09717173c555eced9e7a167f405b7d08ab18f,d47c3fb53513386e01d13c19f771ca5eb0f7da90,5,1.0
e2d0e29c3cc86bdfc843faaa1113bd59d6a815d2,womens_shorts_01M,flarenut_spanner,66c09717173c555eced9e7a167f405b7d08ab18f,3b87ec5ffc07c08a35116928a8b6ffb64390e0a4,10,1.0
e2d0e29c3cc86bdfc843faaa1113bd59d6a815d2,womens_shorts_01M,interior_details_103_4,66c09717173c555eced9e7a167f405b7d08ab18f,6c726f0ba025cab6490df5c05a6c436be87205ad,13,1.0
e2d0e29c3cc86bdfc843faaa1113bd59d6a815d2,womens_shorts_01M,interior_details_130_2,66c09717173c555eced9e7a167f405b7d08ab18f,f730e2fab41495e73bf0e665266a51a692d1ca54,12,1.0
e2d0e29c3cc86bdfc843faaa1113bd59d6a815d2,womens_shorts_01M,kitchen_equipment_knife2,66c09717173c555eced9e7a167f405b7d08ab18f,4c406e5b2db8e63397199570ff59e65caeca5775,12,0.9166666666666666
e2d0e29c3cc86bdfc843faaa1113bd59d6a815d2,womens_shorts_01M,lo_poly_animal_BEAR_BLK,66c09717173c555eced9e7a167f405b7d08ab18f,3c6c194cc864f2a655446efa548eef153a393618,9,1.0
e2d0e29c3cc86bdfc843faaa1113bd59d6a815d2,womens_shorts_01M,lo_poly_animal_CHICKDEE,66c09717173c555eced9e7a167f405b7d08ab18f,b95b95002cc603d8b4aec4836d1edc6b1f129efb,12,0.9166666666666666
e2d0e29c3cc86bdfc843faaa1113bd59d6a815d2,womens_shorts_01M,lo_poly_animal_ELE_AS1,66c09717173c555eced9e7a167f405b7d08ab18f,41313a938cb781cbd60a6870530e116a9d98e48c,8,1.0
e2d0e29c3cc86bdfc843faaa1113bd59d6a815d2,womens_shorts_01M,weimaraner,66c09717173c555eced9e7a167f405b7d08ab18f,4f263a161cdd009ff7f9aa88ed9be2b852772142,12,1.0
e2d0e29c3cc86bdfc843faaa1113bd59d6a815d2,womens_shorts_01M,womens_stockings_01M,66c09717173c555eced9e7a167f405b7d08ab18f,7ed95b3ba88443ed63f25ffe0b5fb52d78dab676,12,1.0
e2d0e29c3cc86bdfc843faaa1113bd59d6a815d2,womens_shorts_01M,zebra,66c09717173c555eced9e7a167f405b7d08ab18f,21afbd503b5d4f9c399c4a66baef6bd6e894715f,14,1.0
e3d3db3e08724f0efbf436ab2f398e5b7420400a,womens_shorts_01M,22_acoustic_guitar,66c09717173c555eced9e7a167f405b7d08ab18f,b17c9b116f73af5e54e294b1362187bb666a1737,11,1.0
e3d3db3e08724f0efbf436ab2f398e5b7420400a,womens_shorts_01M,Hanger_02,66c09717173c555eced9e7a167f405b7d08ab18f,2ef7b8f76464ac15cea9c2eaf23bfb992cfa8a20,8,0.875
e3d3db3e08724f0efbf436ab2f398e5b7420400a,womens_shorts_01M,MB27346,66c09717173c555eced9e7a167f405b7d08ab18f,f3b1fb66463bf84b593dad9fd1028aa8db6f3720,12,1.0
e3d3db3e08724f0efbf436ab2f398e5b7420400a,womens_shorts_01M,MB28699,66c09717173c555eced9e7a167f405b7d08ab18f,ee36e4d66958199793add93da479822f4d1164e6,10,1.0
e3d3db3e08724f0efbf436ab2f398e5b7420400a,womens_shorts_01M,MB29874,66c09717173c555eced9e7a167f405b7d08ab18f,7cc042e01ac7e57de362ae777017d3e1b727c9f0,23,1.0
e3d3db3e08724f0efbf436ab2f398e5b7420400a,womens_shorts_01M,MB30203,66c09717173c555eced9e7a167f405b7d08ab18f,e6e0c7209f8a7908c49f803651f7382e3a2e75c5,21,0.9047619047619048
e3d3db3e08724f0efbf436ab2f398e5b7420400a,womens_shorts_01M,MB30758,66c09717173c555eced9e7a167f405b7d08ab18f,61c2291042151124f703bb567c32ab30fda22360,12,1.0
e3d3db3e08724f0efbf436ab2f398e5b7420400a,womens_shorts_01M,antique_furniture_item_18,66c09717173c555eced9e7a167f405b7d08ab18f,bad9c53885fbc5be5a358b2ae742704b9f280dfa,32,0.96875
e3d3db3e08724f0efbf436ab2f398e5b7420400a,womens_shorts_01M,build51,66c09717173c555eced9e7a167f405b7d08ab18f,c6a67bcc6433546d8ede05ca6b05e089509d27ed,13,0.9230769230769231
e3d3db3e08724f0efbf436ab2f398e5b7420400a,womens_shorts_01M,calc01,66c09717173c555eced9e7a167f405b7d08ab18f,1858def1a1ecf0e1de87fdbb649b8586cd9210fb,22,0.9545454545454546
e3d3db3e08724f0efbf436ab2f398e5b7420400a,womens_shorts_01M,dromedary,66c09717173c555eced9e7a167f405b7d08ab18f,d47c3fb53513386e01d13c19f771ca5eb0f7da90,10,1.0
e3d3db3e08724f0efbf436ab2f398e5b7420400a,womens_shorts_01M,flarenut_spanner,66c09717173c555eced9e7a167f405b7d08ab18f,3b87ec5ffc07c08a35116928a8b6ffb64390e0a4,17,1.0
e3d3db3e08724f0efbf436ab2f398e5b7420400a,womens_shorts_01M,interior_details_103_4,66c09717173c555eced9e7a167f405b7d08ab18f,6c726f0ba025cab6490df5c05a6c436be87205ad,8,1.0
e3d3db3e08724f0efbf436ab2f398e5b7420400a,womens_shorts_01M,interior_details_130_2,66c09717173c555eced9e7a167f405b7d08ab18f,f730e2fab41495e73bf0e665266a51a692d1ca54,13,0.9230769230769231
e3d3db3e08724f0efbf436ab2f398e5b7420400a,womens_shorts_01M,kitchen_equipment_knife2,66c09717173c555eced9e7a167f405b7d08ab18f,4c406e5b2db8e63397199570ff59e65caeca5775,12,1.0
e3d3db3e08724f0efbf436ab2f398e5b7420400a,womens_shorts_01M,lo_poly_animal_BEAR_BLK,66c09717173c555eced9e7a167f405b7d08ab18f,3c6c194cc864f2a655446efa548eef153a393618,19,0.8947368421052632
e3d3db3e08724f0efbf436ab2f398e5b7420400a,womens_shorts_01M,lo_poly_animal_CHICKDEE,66c09717173c555eced9e7a167f405b7d08ab18f,b95b95002cc603d8b4aec4836d1edc6b1f129efb,15,1.0
e3d3db3e08724f0efbf436ab2f398e5b7420400a,womens_shorts_01M,lo_poly_animal_ELE_AS1,66c09717173c555eced9e7a167f405b7d08ab18f,41313a938cb781cbd60a6870530e116a9d98e48c,11,1.0
e3d3db3e08724f0efbf436ab2f398e5b7420400a,womens_shorts_01M,lo_poly_animal_RHINO_2,66c09717173c555eced9e7a167f405b7d08ab18f,b87e834ba5e263774477edc6fc956070795ab1b6,25,1.0
e3d3db3e08724f0efbf436ab2f398e5b7420400a,womens_shorts_01M,lo_poly_animal_TRANTULA,66c09717173c555eced9e7a167f405b7d08ab18f,8f14ff8cf138e89d90211a7811968af08d4d7098,16,1.0
e3d3db3e08724f0efbf436ab2f398e5b7420400a,womens_shorts_01M,weimaraner,66c09717173c555eced9e7a167f405b7d08ab18f,4f263a161cdd009ff7f9aa88ed9be2b852772142,10,1.0
e3d3db3e08724f0efbf436ab2f398e5b7420400a,womens_shorts_01M,womens_stockings_01M,66c09717173c555eced9e7a167f405b7d08ab18f,7ed95b3ba88443ed63f25ffe0b5fb52d78dab676,17,0.9411764705882353
e3d3db3e08724f0efbf436ab2f398e5b7420400a,womens_shorts_01M,zebra,66c09717173c555eced9e7a167f405b7d08ab18f,21afbd503b5d4f9c399c4a66baef6bd6e894715f,10,1.0
e4aa1ab9b5548bf440d48b83dcfa69e324326279,MB29874,22_acoustic_guitar,7cc042e01ac7e57de362ae777017d3e1b727c9f0,b17c9b116f73af5e54e294b1362187bb666a1737,6,1.0
e4aa1ab9b5548bf440d48b83dcfa69e324326279,MB29874,Hanger_02,7cc042e01ac7e57de362ae777017d3e1b727c9f0,2ef7b8f76464ac15cea9c2eaf23bfb992cfa8a20,7,0.8571428571428571
e4aa1ab9b5548bf440d48b83dcfa69e324326279,MB29874,MB27346,7cc042e01ac7e57de362ae777017d3e1b727c9f0,f3b1fb66463bf84b593dad9fd1028aa8db6f3720,8,0.625
e4aa1ab9b5548bf440d48b83dcfa69e324326279,MB29874,MB28699,7cc042e01ac7e57de362ae777017d3e1b727c9f0,ee36e4d66958199793add93da479822f4d1164e6,9,0.8888888888888888
e4aa1ab9b5548bf440d48b83dcfa69e324326279,MB29874,MB30203,7cc042e01ac7e57de362ae777017d3e1b727c9f0,e6e0c7209f8a7908c49f803651f7382e3a2e75c5,8,1.0
e4aa1ab9b5548bf440d48b83dcfa69e324326279,MB29874,MB30758,7cc042e01ac7e57de362ae777017d3e1b727c9f0,61c2291042151124f703bb567c32ab30fda22360,7,0.8571428571428571
e4aa1ab9b5548bf440d48b83dcfa69e324326279,MB29874,antique_furniture_item_18,7cc042e01ac7e57de362ae777017d3e1b727c9f0,bad9c53885fbc5be5a358b2ae742704b9f280dfa,13,0.8461538461538461
e4aa1ab9b5548bf440d48b83dcfa69e324326279,MB29874,build51,7cc042e01ac7e57de362ae777017d3e1b727c9f0,c6a67bcc6433546d8ede05ca6b05e089509d27ed,6,0.8333333333333334
e4aa1ab9b5548bf440d48b83dcfa69e324326279,MB29874,calc01,7cc042e01ac7e57de362ae777017d3e1b727c9f0,1858def1a1ecf0e1de87fdbb649b8586cd9210fb,4,0.25
e4aa1ab9b5548bf440d48b83dcfa69e324326279,MB29874,dromedary,7cc042e01ac7e57de362ae777017d3e1b727c9f0,d47c3fb53513386e01d13c19f771ca5eb0f7da90,5,1.0
e4aa1ab9b5548bf440d48b83dcfa69e324326279,MB29874,flarenut_spanner,7cc042e01ac7e57de362ae777017d3e1b727c9f0,3b87ec5ffc07c08a35116928a8b6ffb64390e0a4,12,0.75
e4aa1ab9b5548bf440d48b83dcfa69e324326279,MB29874,interior_details_103_4,7cc042e01ac7e57de362ae777017d3e1b727c9f0,6c726f0ba025cab6490df5c05a6c436be87205ad,16,0.5625
e4aa1ab9b5548bf440d48b83dcfa69e324326279,MB29874,interior_details_130_2,7cc042e01ac7e57de362ae777017d3e1b727c9f0,f730e2fab41495e73bf0e665266a51a692d1ca54,6,0.8333333333333334
e4aa1ab9b5548bf440d48b83dcfa69e324326279,MB29874,kitchen_equipment_knife2,7cc042e01ac7e57de362ae777017d3e1b727c9f0,4c406e5b2db8e63397199570ff59e65caeca5775,11,1.0
e4aa1ab9b5548bf440d48b83dcfa69e324326279,MB29874,lo_poly_animal_BEAR_BLK,7cc042e01ac7e57de362ae777017d3e1b727c9f0,3c6c194cc864f2a655446efa548eef153a393618,10,0.9
e4aa1ab9b5548bf440d48b83dcfa69e324326279,MB29874,lo_poly_animal_CHICKDEE,7cc042e01ac7e57de362ae777017d3e1b727c9f0,b95b95002cc603d8b4aec4836d1edc6b1f129efb,5,0.8
e4aa1ab9b5548bf440d48b83dcfa69e324326279,MB29874,lo_poly_animal_ELE_AS1,7cc042e01ac7e57de362ae777017d3e1b727c9f0,41313a938cb781cbd60a6870530e116a9d98e48c,7,1.0
e4aa1ab9b5548bf440d48b83dcfa69e324326279,MB29874,lo_poly_animal_RHINO_2,7cc042e01ac7e57de362ae777017d3e1b727c9f0,b87e834ba5e263774477edc6fc956070795ab1b6,11,1.0
e4aa1ab9b5548bf440d48b83dcfa69e324326279,MB29874,lo_poly_animal_TRANTULA,7cc042e01ac7e57de362ae777017d3e1b727c9f0,8f14ff8cf138e89d90211a7811968af08d4d7098,8,0.875
e4aa1ab9b5548bf440d48b83dcfa69e324326279,MB29874,weimaraner,7cc042e01ac7e57de362ae777017d3e1b727c9f0,4f263a161cdd009ff7f9aa88ed9be2b852772142,6,0.8333333333333334
e4aa1ab9b5548bf440d48b83dcfa69e324326279,MB29874,womens_shorts_01M,7cc042e01ac7e57de362ae777017d3e1b727c9f0,66c09717173c555eced9e7a167f405b7d08ab18f,17,0.9411764705882353
e4aa1ab9b5548bf440d48b83dcfa69e324326279,MB29874,zebra,7cc042e01ac7e57de362ae777017d3e1b727c9f0,21afbd503b5d4f9c399c4a66baef6bd6e894715f,7,0.8571428571428571
e4bdba85e8e6455590a413bb9909f4c83cc62145,MB28699,22_acoustic_guitar,ee36e4d66958199793add93da479822f4d1164e6,b17c9b116f73af5e54e294b1362187bb666a1737,10,0.9
e4bdba85e8e6455590a413bb9909f4c83cc62145,MB28699,Hanger_02,ee36e4d66958199793add93da479822f4d1164e6,2ef7b8f76464ac15cea9c2eaf23bfb992cfa8a20,6,1.0
e4bdba85e8e6455590a413bb9909f4c83cc62145,MB28699,MB27346,ee36e4d66958199793add93da479822f4d1164e6,f3b1fb66463bf84b593dad9fd1028aa8db6f3720,5,0.8
e4bdba85e8e6455590a413bb9909f4c83cc62145,MB28699,MB29874,ee36e4d66958199793add93da479822f4d1164e6,7cc042e01ac7e57de362ae777017d3e1b727c9f0,19,0.9473684210526315
e4bdba85e8e6455590a413bb9909f4c83cc62145,MB28699,MB30203,ee36e4d66958199793add93da479822f4d1164e6,e6e0c7209f8a7908c49f803651f7382e3a2e75c5,7,1.0
e4bdba85e8e6455590a413bb9909f4c83cc62145,MB28699,antique_furniture_item_18,ee36e4d66958199793add93da479822f4d1164e6,bad9c53885fbc5be5a358b2ae742704b9f280dfa,13,0.8461538461538461
e4bdba85e8e6455590a413bb9909f4c83cc62145,MB28699,build51,ee36e4d66958199793add93da479822f4d1164e6,c6a67bcc6433546d8ede05ca6b05e089509d27ed,19,0.9473684210526315
e4bdba85e8e6455590a413bb9909f4c83cc62145,MB28699,calc01,ee36e4d66958199793add93da479822f4d1164e6,1858def1a1ecf0e1de87fdbb649b8586cd9210fb,23,0.9565217391304348
e4bdba85e8e6455590a413bb9909f4c83cc62145,MB28699,dromedary,ee36e4d66958199793add93da479822f4d1164e6,d47c3fb53513386e01d13c19f771ca5eb0f7da90,13,1.0
e4bdba85e8e6455590a413bb9909f4c83cc62145,MB28699,flarenut_spanner,ee36e4d66958199793add93da479822f4d1164e6,3b87ec5ffc07c08a35116928a8b6ffb64390e0a4,6,0.5
e4bdba85e8e6455590a413bb9909f4c83cc62145,MB28699,interior_details_103_4,ee36e4d66958199793add93da479822f4d1164e6,6c726f0ba025cab6490df5c05a6c436be87205ad,10,1.0
e4bdba85e8e6455590a413bb9909f4c83cc62145,MB28699,interior_details_130_2,ee36e4d66958199793add93da479822f4d1164e6,f730e2fab41495e73bf0e665266a51a692d1ca54,10,0.7
e4bdba85e8e6455590a413bb9909f4c83cc62145,MB28699,kitchen_equipment_knife2,ee36e4d66958199793add93da479822f4d1164e6,4c406e5b2db8e63397199570ff59e65caeca5775,12,0.75
e4bdba85e8e6455590a413bb9909f4c83cc62145,MB28699,lo_poly_animal_BEAR_BLK,ee36e4d66958199793add93da479822f4d1164e6,3c6c194cc864f2a655446efa548eef153a393618,7,0.8571428571428571
e4bdba85e8e6455590a413bb9909f4c83cc62145,MB28699,lo_poly_animal_CHICKDEE,ee36e4d66958199793add93da479822f4d1164e6,b95b95002cc603d8b4aec4836d1edc6b1f129efb,9,1.0
e4bdba85e8e6455590a413bb9909f4c83cc62145,MB28699,lo_poly_animal_ELE_AS1,ee36e4d66958199793add93da479822f4d1164e6,41313a938cb781cbd60a6870530e116a9d98e48c,5,1.0
e4bdba85e8e6455590a413bb9909f4c83cc62145,MB28699,lo_poly_animal_RHINO_2,ee36e4d66958199793add93da479822f4d1164e6,b87e834ba5e263774477edc6fc956070795ab1b6,5,1.0
e4bdba85e8e6455590a413bb9909f4c83cc62145,MB28699,lo_poly_animal_TRANTULA,ee36e4d66958199793add93da479822f4d1164e6,8f14ff8cf138e89d90211a7811968af08d4d7098,9,1.0
e4bdba85e8e6455590a413bb9909f4c83cc62145,MB28699,weimaraner,ee36e4d66958199793add93da479822f4d1164e6,4f263a161cdd009ff7f9aa88ed9be2b852772142,8,1.0
e4bdba85e8e6455590a413bb9909f4c83cc62145,MB28699,womens_shorts_01M,ee36e4d66958199793add93da479822f4d1164e6,66c09717173c555eced9e7a167f405b7d08ab18f,4,0.75
e4bdba85e8e6455590a413bb9909f4c83cc62145,MB28699,womens_stockings_01M,ee36e4d66958199793add93da479822f4d1164e6,7ed95b3ba88443ed63f25ffe0b5fb52d78dab676,11,0.7272727272727273
e4bdba85e8e6455590a413bb9909f4c83cc62145,MB28699,zebra,ee36e4d66958199793add93da479822f4d1164e6,21afbd503b5d4f9c399c4a66baef6bd6e894715f,17,1.0
e5f8b6d48140c7ac7df40d3f0a9bf0e337dd8477,interior_details_103_4,22_acoustic_guitar,6c726f0ba025cab6490df5c05a6c436be87205ad,b17c9b116f73af5e54e294b1362187bb666a1737,11,1.0
e5f8b6d48140c7ac7df40d3f0a9bf0e337dd8477,interior_details_103_4,Hanger_02,6c726f0ba025cab6490df5c05a6c436be87205ad,2ef7b8f76464ac15cea9c2eaf23bfb992cfa8a20,20,0.95
e5f8b6d48140c7ac7df40d3f0a9bf0e337dd8477,interior_details_103_4,MB27346,6c726f0ba025cab6490df5c05a6c436be87205ad,f3b1fb66463bf84b593dad9fd1028aa8db6f3720,4,1.0
e5f8b6d48140c7ac7df40d3f0a9bf0e337dd8477,interior_details_103_4,MB28699,6c726f0ba025cab6490df5c05a6c436be87205ad,ee36e4d66958199793add93da479822f4d1164e6,14,0.9285714285714286
e5f8b6d48140c7ac7df40d3f0a9bf0e337dd8477,interior_details_103_4,MB29874,6c726f0ba025cab6490df5c05a6c436be87205ad,7cc042e01ac7e57de362ae777017d3e1b727c9f0,6,0.6666666666666666
e5f8b6d48140c7ac7df40d3f0a9bf0e337dd8477,interior_details_103_4,MB30203,6c726f0ba025cab6490df5c05a6c436be87205ad,e6e0c7209f8a7908c49f803651f7382e3a2e75c5,16,1.0
e5f8b6d48140c7ac7df40d3f0a9bf0e337dd8477,interior_details_103_4,MB30758,6c726f0ba025cab6490df5c05a6c436be87205ad,61c2291042151124f703bb567c32ab30fda22360,5,1.0
e5f8b6d48140c7ac7df40d3f0a9bf0e337dd8477,interior_details_103_4,build51,6c726f0ba025cab6490df5c05a6c436be87205ad,c6a67bcc6433546d8ede05ca6b05e089509d27ed,7,1.0
e5f8b6d48140c7ac7df40d3f0a9bf0e337dd8477,interior_details_103_4,calc01,6c726f0ba025cab6490df5c05a6c436be87205ad,1858def1a1ecf0e1de87fdbb649b8586cd9210fb,9,0.8888888888888888
e5f8b6d48140c7ac7df40d3f0a9bf0e337dd8477,interior_details_103_4,flarenut_spanner,6c726f0ba025cab6490df5c05a6c436be87205ad,3b87ec5ffc07c08a35116928a8b6ffb64390e0a4,4,0.5
e5f8b6d48140c7ac7df40d3f0a9bf0e337dd8477,interior_details_103_4,interior_details_130_2,6c726f0ba025cab6490df5c05a6c436be87205ad,f730e2fab41495e73bf0e665266a51a692d1ca54,11,1.0
e5f8b6d48140c7ac7df40d3f0a9bf0e337dd8477,interior_details_103_4,lo_poly_animal_BEAR_BLK,6c726f0ba025cab6490df5c05a6c436be87205ad,3c6c194cc864f2a655446efa548eef153a393618,8,1.0
e5f8b6d48140c7ac7df40d3f0a9bf0e337dd8477,interior_details_103_4,lo_poly_animal_ELE_AS1,6c726f0ba025cab6490df5c05a6c436be87205ad,41313a938cb781cbd60a6870530e116a9d98e48c,5,1.0
e5f8b6d48140c7ac7df40d3f0a9bf0e337dd8477,interior_details_103_4,lo_poly_animal_RHINO_2,6c726f0ba025cab6490df5c05a6c436be87205ad,b87e834ba5e263774477edc6fc956070795ab1b6,8,1.0
e5f8b6d48140c7ac7df40d3f0a9bf0e337dd8477,interior_details_103_4,lo_poly_animal_TRANTULA,6c726f0ba025cab6490df5c05a6c436be87205ad,8f14ff8cf138e89d90211a7811968af08d4d7098,6,1.0
e5f8b6d48140c7ac7df40d3f0a9bf0e337dd8477,interior_details_103_4,weimaraner,6c726f0ba025cab6490df5c05a6c436be87205ad,4f263a161cdd009ff7f9aa88ed9be2b852772142,5,0.8
e5f8b6d48140c7ac7df40d3f0a9bf0e337dd8477,interior_details_103_4,womens_shorts_01M,6c726f0ba025cab6490df5c05a6c436be87205ad,66c09717173c555eced9e7a167f405b7d08ab18f,5,1.0
e5f8b6d48140c7ac7df40d3f0a9bf0e337dd8477,interior_details_103_4,womens_stockings_01M,6c726f0ba025cab6490df5c05a6c436be87205ad,7ed95b3ba88443ed63f25ffe0b5fb52d78dab676,4,1.0
e5f8b6d48140c7ac7df40d3f0a9bf0e337dd8477,interior_details_103_4,zebra,6c726f0ba025cab6490df5c05a6c436be87205ad,21afbd503b5d4f9c399c4a66baef6bd6e894715f,8,1.0
e8f232aba135d53e98bf65c6789621c6ebc6bd42,kitchen_equipment_knife2,22_acoustic_guitar,4c406e5b2db8e63397199570ff59e65caeca5775,b17c9b116f73af5e54e294b1362187bb666a1737,16,0.9375
e8f232aba135d53e98bf65c6789621c6ebc6bd42,kitchen_equipment_knife2,Hanger_02,4c406e5b2db8e63397199570ff59e65caeca5775,2ef7b8f76464ac15cea9c2eaf23bfb992cfa8a20,17,1.0
e8f232aba135d53e98bf65c6789621c6ebc6bd42,kitchen_equipment_knife2,MB27346,4c406e5b2db8e63397199570ff59e65caeca5775,f3b1fb66463bf84b593dad9fd1028aa8db6f3720,36,0.9722222222222222
e8f232aba135d53e98bf65c6789621c6ebc6bd42,kitchen_equipment_knife2,MB28699,4c406e5b2db8e63397199570ff59e65caeca5775,ee36e4d66958199793add93da479822f4d1164e6,15,1.0
e8f232aba135d53e98bf65c6789621c6ebc6bd42,kitchen_equipment_knife2,MB29874,4c406e5b2db8e63397199570ff59e65caeca5775,7cc042e01ac7e57de362ae777017d3e1b727c9f0,24,0.9583333333333334
e8f232aba135d53e98bf65c6789621c6ebc6bd42,kitchen_equipment_knife2,MB30203,4c406e5b2db8e63397199570ff59e65caeca5775,e6e0c7209f8a7908c49f803651f7382e3a2e75c5,9,1.0
e8f232aba135d53e98bf65c6789621c6ebc6bd42,kitchen_equipment_knife2,MB30758,4c406e5b2db8e63397199570ff59e65caeca5775,61c2291042151124f703bb567c32ab30fda22360,8,1.0
e8f232aba135d53e98bf65c6789621c6ebc6bd42,kitchen_equipment_knife2,antique_furniture_item_18,4c406e5b2db8e63397199570ff59e65caeca5775,bad9c53885fbc5be5a358b2ae742704b9f280dfa,20,0.95
e8f232aba135d53e98bf65c6789621c6ebc6bd42,kitchen_equipment_knife2,build51,4c406e5b2db8e63397199570ff59e65caeca5775,c6a67bcc6433546d8ede05ca6b05e089509d27ed,19,1.0
e8f232aba135d53e98bf65c6789621c6ebc6bd42,kitchen_equipment_knife2,calc01,4c406e5b2db8e63397199570ff59e65caeca5775,1858def1a1ecf0e1de87fdbb649b8586cd9210fb,19,1.0
e8f232aba135d53e98bf65c6789621c6ebc6bd42,kitchen_equipment_knife2,dromedary,4c406e5b2db8e63397199570ff59e65caeca5775,d47c3fb53513386e01d13c19f771ca5eb0f7da90,14,1.0
e8f232aba135d53e98bf65c6789621c6ebc6bd42,kitchen_equipment_knife2,flarenut_spanner,4c406e5b2db8e63397199570ff59e65caeca5775,3b87ec5ffc07c08a35116928a8b6ffb64390e0a4,31,0.967741935483871
e8f232aba135d53e98bf65c6789621c6ebc6bd42,kitchen_equipment_knife2,interior_details_103_4,4c406e5b2db8e63397199570ff59e65caeca5775,6c726f0ba025cab6490df5c05a6c436be87205ad,19,1.0
e8f232aba135d53e98bf65c6789621c6ebc6bd42,kitchen_equipment_knife2,interior_details_130_2,4c406e5b2db8e63397199570ff59e65caeca5775,f730e2fab41495e73bf0e665266a51a692d1ca54,18,1.0
e8f232aba135d53e98bf65c6789621c6ebc6bd42,kitchen_equipment_knife2,lo_poly_animal_BEAR_BLK,4c406e5b2db8e63397199570ff59e65caeca5775,3c6c194cc864f2a655446efa548eef153a393618,26,1.0
e8f232aba135d53e98bf65c6789621c6ebc6bd42,kitchen_equipment_knife2,lo_poly_animal_CHICKDEE,4c406e5b2db8e63397199570ff59e65caeca5775,b95b95002cc603d8b4aec4836d1edc6b1f129efb,13,1.0
e8f232aba135d53e98bf65c6789621c6ebc6bd42,kitchen_equipment_knife2,lo_poly_animal_ELE_AS1,4c406e5b2db8e63397199570ff59e65caeca5775,41313a938cb781cbd60a6870530e116a9d98e48c,9,1.0
e8f232aba135d53e98bf65c6789621c6ebc6bd42,kitchen_equipment_knife2,lo_poly_animal_RHINO_2,4c406e5b2db8e63397199570ff59e65caeca5775,b87e834ba5e263774477edc6fc956070795ab1b6,22,0.9545454545454546
e8f232aba135d53e98bf65c6789621c6ebc6bd42,kitchen_equipment_knife2,lo_poly_animal_TRANTULA,4c406e5b2db8e63397199570ff59e65caeca5775,8f14ff8cf138e89d90211a7811968af08d4d7098,14,1.0
e8f232aba135d53e98bf65c6789621c6ebc6bd42,kitchen_equipment_knife2,weimaraner,4c406e5b2db8e63397199570ff59e65caeca5775,4f263a161cdd009ff7f9aa88ed9be2b852772142,17,1.0
e8f232aba135d53e98bf65c6789621c6ebc6bd42,kitchen_equipment_knife2,womens_shorts_01M,4c406e5b2db8e63397199570ff59e65caeca5775,66c09717173c555eced9e7a167f405b7d08ab18f,5,1.0
e8f232aba135d53e98bf65c6789621c6ebc6bd42,kitchen_equipment_knife2,womens_stockings_01M,4c406e5b2db8e63397199570ff59e65caeca5775,7ed95b3ba88443ed63f25ffe0b5fb52d78dab676,15,1.0
e8f232aba135d53e98bf65c6789621c6ebc6bd42,kitchen_equipment_knife2,zebra,4c406e5b2db8e63397199570ff59e65caeca5775,21afbd503b5d4f9c399c4a66baef6bd6e894715f,27,1.0
ebb7cff8de87f643c69b5847cc6abadd282384be,weimaraner,22_acoustic_guitar,4f263a161cdd009ff7f9aa88ed9be2b852772142,b17c9b116f73af5e54e294b1362187bb666a1737,16,0.0
ebb7cff8de87f643c69b5847cc6abadd282384be,weimaraner,Hanger_02,4f263a161cdd009ff7f9aa88ed9be2b852772142,2ef7b8f76464ac15cea9c2eaf23bfb992cfa8a20,18,0.1111111111111111
ebb7cff8de87f643c69b5847cc6abadd282384be,weimaraner,MB27346,4f263a161cdd009ff7f9aa88ed9be2b852772142,f3b1fb66463bf84b593dad9fd1028aa8db6f3720,22,0.18181818181818182
ebb7cff8de87f643c69b5847cc6abadd282384be,weimaraner,MB28699,4f263a161cdd009ff7f9aa88ed9be2b852772142,ee36e4d66958199793add93da479822f4d1164e6,24,0.125
ebb7cff8de87f643c69b5847cc6abadd282384be,weimaraner,MB29874,4f263a161cdd009ff7f9aa88ed9be2b852772142,7cc042e01ac7e57de362ae777017d3e1b727c9f0,20,0.35
ebb7cff8de87f643c69b5847cc6abadd282384be,weimaraner,MB30203,4f263a161cdd009ff7f9aa88ed9be2b852772142,e6e0c7209f8a7908c49f803651f7382e3a2e75c5,21,0.14285714285714285
ebb7cff8de87f643c69b5847cc6abadd282384be,weimaraner,MB30758,4f263a161cdd009ff7f9aa88ed9be2b852772142,61c2291042151124f703bb567c32ab30fda22360,10,0.2
ebb7cff8de87f643c69b5847cc6abadd282384be,weimaraner,antique_furniture_item_18,4f263a161cdd009ff7f9aa88ed9be2b852772142,bad9c53885fbc5be5a358b2ae742704b9f280dfa,24,0.6666666666666666
ebb7cff8de87f643c69b5847cc6abadd282384be,weimaraner,build51,4f263a161cdd009ff7f9aa88ed9be2b852772142,c6a67bcc6433546d8ede05ca6b05e089509d27ed,20,0.3
ebb7cff8de87f643c69b5847cc6abadd282384be,weimaraner,calc01,4f263a161cdd009ff7f9aa88ed9be2b852772142,1858def1a1ecf0e1de87fdbb649b8586cd9210fb,19,0.7368421052631579
ebb7cff8de87f643c69b5847cc6abadd282384be,weimaraner,dromedary,4f263a161cdd009ff7f9aa88ed9be2b852772142,d47c3fb53513386e01d13c19f771ca5eb0f7da90,19,0.631578947368421
ebb7cff8de87f643c69b5847cc6abadd282384be,weimaraner,flarenut_spanner,4f263a161cdd009ff7f9aa88ed9be2b852772142,3b87ec5ffc07c08a35116928a8b6ffb64390e0a4,13,0.15384615384615385
ebb7cff8de87f643c69b5847cc6abadd282384be,weimaraner,interior_details_103_4,4f263a161cdd009ff7f9aa88ed9be2b852772142,6c726f0ba025cab6490df5c05a6c436be87205ad,25,0.08
ebb7cff8de87f643c69b5847cc6abadd282384be,weimaraner,interior_details_130_2,4f263a161cdd009ff7f9aa88ed9be2b852772142,f730e2fab41495e73bf0e665266a51a692d1ca54,17,0.11764705882352941
ebb7cff8de87f643c69b5847cc6abadd282384be,weimaraner,kitchen_equipment_knife2,4f263a161cdd009ff7f9aa88ed9be2b852772142,4c406e5b2db8e63397199570ff59e65caeca5775,20,0.25
ebb7cff8de87f643c69b5847cc6abadd282384be,weimaraner,lo_poly_animal_BEAR_BLK,4f263a161cdd009ff7f9aa88ed9be2b852772142,3c6c194cc864f2a655446efa548eef153a393618,13,0.6923076923076923
ebb7cff8de87f643c69b5847cc6abadd282384be,weimaraner,lo_poly_animal_CHICKDEE,4f263a161cdd009ff7f9aa88ed9be2b852772142,b95b95002cc603d8b4aec4836d1edc6b1f129efb,25,0.04
ebb7cff8de87f643c69b5847cc6abadd282384be,weimaraner,lo_poly_animal_ELE_AS1,4f263a161cdd009ff7f9aa88ed9be2b852772142,41313a938cb781cbd60a6870530e116a9d98e48c,15,0.6
ebb7cff8de87f643c69b5847cc6abadd282384be,weimaraner,lo_poly_animal_RHINO_2,4f263a161cdd009ff7f9aa88ed9be2b852772142,b87e834ba5e263774477edc6fc956070795ab1b6,15,0.6666666666666666
ebb7cff8de87f643c69b5847cc6abadd282384be,weimaraner,lo_poly_animal_TRANTULA,4f263a161cdd009ff7f9aa88ed9be2b852772142,8f14ff8cf138e89d90211a7811968af08d4d7098,15,0.6666666666666666
ebb7cff8de87f643c69b5847cc6abadd282384be,weimaraner,womens_shorts_01M,4f263a161cdd009ff7f9aa88ed9be2b852772142,66c09717173c555eced9e7a167f405b7d08ab18f,29,0.20689655172413793
ebb7cff8de87f643c69b5847cc6abadd282384be,weimaraner,womens_stockings_01M,4f263a161cdd009ff7f9aa88ed9be2b852772142,7ed95b3ba88443ed63f25ffe0b5fb52d78dab676,33,0.7272727272727273
ebb7cff8de87f643c69b5847cc6abadd282384be,weimaraner,zebra,4f263a161cdd009ff7f9aa88ed9be2b852772142,21afbd503b5d4f9c399c4a66baef6bd6e894715f,18,0.5555555555555556
ec5175405ad63a90a1ab7fe882b3c1dbbf898995,lo_poly_animal_BEAR_BLK,22_acoustic_guitar,3c6c194cc864f2a655446efa548eef153a393618,b17c9b116f73af5e54e294b1362187bb666a1737,4,1.0
ec5175405ad63a90a1ab7fe882b3c1dbbf898995,lo_poly_animal_BEAR_BLK,Hanger_02,3c6c194cc864f2a655446efa548eef153a393618,2ef7b8f76464ac15cea9c2eaf23bfb992cfa8a20,36,0.9722222222222222
ec5175405ad63a90a1ab7fe882b3c1dbbf898995,lo_poly_animal_BEAR_BLK,MB27346,3c6c194cc864f2a655446efa548eef153a393618,f3b1fb66463bf84b593dad9fd1028aa8db6f3720,17,1.0
ec5175405ad63a90a1ab7fe882b3c1dbbf898995,lo_poly_animal_BEAR_BLK,MB28699,3c6c194cc864f2a655446efa548eef153a393618,ee36e4d66958199793add93da479822f4d1164e6,32,1.0
ec5175405ad63a90a1ab7fe882b3c1dbbf898995,lo_poly_animal_BEAR_BLK,MB29874,3c6c194cc864f2a655446efa548eef153a393618,7cc042e01ac7e57de362ae777017d3e1b727c9f0,13,1.0
ec5175405ad63a90a1ab7fe882b3c1dbbf898995,lo_poly_animal_BEAR_BLK,MB30203,3c6c194cc864f2a655446efa548eef153a393618,e6e0c7209f8a7908c49f803651f7382e3a2e75c5,13,1.0
ec5175405ad63a90a1ab7fe882b3c1dbbf898995,lo_poly_animal_BEAR_BLK,MB30758,3c6c194cc864f2a655446efa548eef153a393618,61c2291042151124f703bb567c32ab30fda22360,24,1.0
ec5175405ad63a90a1ab7fe882b3c1dbbf898995,lo_poly_animal_BEAR_BLK,antique_furniture_item_18,3c6c194cc864f2a655446efa548eef153a393618,bad9c53885fbc5be5a358b2ae742704b9f280dfa,13,0.9230769230769231
ec5175405ad63a90a1ab7fe882b3c1dbbf898995,lo_poly_animal_BEAR_BLK,build51,3c6c194cc864f2a655446efa548eef153a393618,c6a67bcc6433546d8ede05ca6b05e089509d27ed,24,0.9583333333333334
ec5175405ad63a90a1ab7fe882b3c1dbbf898995,lo_poly_animal_BEAR_BLK,calc01,3c6c194cc864f2a655446efa548eef153a393618,1858def1a1ecf0e1de87fdbb649b8586cd9210fb,18,1.0
ec5175405ad63a90a1ab7fe882b3c1dbbf898995,lo_poly_animal_BEAR_BLK,dromedary,3c6c194cc864f2a655446efa548eef153a393618,d47c3fb53513386e01d13c19f771ca5eb0f7da90,10,1.0
ec5175405ad63a90a1ab7fe882b3c1dbbf898995,lo_poly_animal_BEAR_BLK,flarenut_spanner,3c6c194cc864f2a655446efa548eef153a393618,3b87ec5ffc07c08a35116928a8b6ffb64390e0a4,21,1.0
ec5175405ad63a90a1ab7fe882b3c1dbbf898995,lo_poly_animal_BEAR_BLK,interior_details_103_4,3c6c194cc864f2a655446efa548eef153a393618,6c726f0ba025cab6490df5c05a6c436be87205ad,30,1.0
ec5175405ad63a90a1ab7fe882b3c1dbbf898995,lo_poly_animal_BEAR_BLK,interior_details_130_2,3c6c194cc864f2a655446efa548eef153a393618,f730e2fab41495e73bf0e665266a51a692d1ca54,15,1.0
ec5175405ad63a90a1ab7fe882b3c1dbbf898995,lo_poly_animal_BEAR_BLK,kitchen_equipment_knife2,3c6c194cc864f2a655446efa548eef153a393618,4c406e5b2db8e63397199570ff59e65caeca5775,21,1.0
ec5175405ad63a90a1ab7fe882b3c1dbbf898995,lo_poly_animal_BEAR_BLK,lo_poly_animal_CHICKDEE,3c6c194cc864f2a655446efa548eef153a393618,b95b95002cc603d8b4aec4836d1edc6b1f129efb,6,1.0
ec5175405ad63a90a1ab7fe882b3c1dbbf898995,lo_poly_animal_BEAR_BLK,lo_poly_animal_ELE_AS1,3c6c194cc864f2a655446efa548eef153a393618,41313a938cb781cbd60a6870530e116a9d98e48c,17,1.0
ec5175405ad63a90a1ab7fe882b3c1dbbf898995,lo_poly_animal_BEAR_BLK,lo_poly_animal_RHINO_2,3c6c194cc864f2a655446efa548eef153a393618,b87e834ba5e263774477edc6fc956070795ab1b6,17,1.0
ec5175405ad63a90a1ab7fe882b3c1dbbf898995,lo_poly_animal_BEAR_BLK,lo_poly_animal_TRANTULA,3c6c194cc864f2a655446efa548eef153a393618,8f14ff8cf138e89d90211a7811968af08d4d7098,14,1.0
ec5175405ad63a90a1ab7fe882b3c1dbbf898995,lo_poly_animal_BEAR_BLK,weimaraner,3c6c194cc864f2a655446efa548eef153a393618,4f263a161cdd009ff7f9aa88ed9be2b852772142,11,1.0
ec5175405ad63a90a1ab7fe882b3c1dbbf898995,lo_poly_animal_BEAR_BLK,womens_shorts_01M,3c6c194cc864f2a655446efa548eef153a393618,66c09717173c555eced9e7a167f405b7d08ab18f,19,1.0
ec5175405ad63a90a1ab7fe882b3c1dbbf898995,lo_poly_animal_BEAR_BLK,womens_stockings_01M,3c6c194cc864f2a655446efa548eef153a393618,7ed95b3ba88443ed63f25ffe0b5fb52d78dab676,7,1.0
ec5175405ad63a90a1ab7fe882b3c1dbbf898995,lo_poly_animal_BEAR_BLK,zebra,3c6c194cc864f2a655446efa548eef153a393618,21afbd503b5d4f9c399c4a66baef6bd6e894715f,26,0.9230769230769231
ec7271c262ad2937ec2edd69d96b4183f47c52e8,MB27346,22_acoustic_guitar,f3b1fb66463bf84b593dad9fd1028aa8db6f3720,b17c9b116f73af5e54e294b1362187bb666a1737,14,0.9285714285714286
ec7271c262ad2937ec2edd69d96b4183f47c52e8,MB27346,Hanger_02,f3b1fb66463bf84b593dad9fd1028aa8db6f3720,2ef7b8f76464ac15cea9c2eaf23bfb992cfa8a20,20,1.0
ec7271c262ad2937ec2edd69d96b4183f47c52e8,MB27346,MB28699,f3b1fb66463bf84b593dad9fd1028aa8db6f3720,ee36e4d66958199793add93da479822f4d1164e6,24,1.0
ec7271c262ad2937ec2edd69d96b4183f47c52e8,MB27346,MB29874,f3b1fb66463bf84b593dad9fd1028aa8db6f3720,7cc042e01ac7e57de362ae777017d3e1b727c9f0,13,1.0
ec7271c262ad2937ec2edd69d96b4183f47c52e8,MB27346,MB30203,f3b1fb66463bf84b593dad9fd1028aa8db6f3720,e6e0c7209f8a7908c49f803651f7382e3a2e75c5,20,0.9
ec7271c262ad2937ec2edd69d96b4183f47c52e8,MB27346,MB30758,f3b1fb66463bf84b593dad9fd1028aa8db6f3720,61c2291042151124f703bb567c32ab30fda22360,14,1.0
ec7271c262ad2937ec2edd69d96b4183f47c52e8,MB27346,antique_furniture_item_18,f3b1fb66463bf84b593dad9fd1028aa8db6f3720,bad9c53885fbc5be5a358b2ae742704b9f280dfa,26,0.9615384615384616
ec7271c262ad2937ec2edd69d96b4183f47c52e8,MB27346,build51,f3b1fb66463bf84b593dad9fd1028aa8db6f3720,c6a67bcc6433546d8ede05ca6b05e089509d27ed,5,1.0
ec7271c262ad2937ec2edd69d96b4183f47c52e8,MB27346,calc01,f3b1fb66463bf84b593dad9fd1028aa8db6f3720,1858def1a1ecf0e1de87fdbb649b8586cd9210fb,7,1.0
ec7271c262ad2937ec2edd69d96b4183f47c52e8,MB27346,dromedary,f3b1fb66463bf84b593dad9fd1028aa8db6f3720,d47c3fb53513386e01d13c19f771ca5eb0f7da90,28,0.9642857142857143
ec7271c262ad2937ec2edd69d96b4183f47c52e8,MB27346,flarenut_spanner,f3b1fb66463bf84b593dad9fd1028aa8db6f3720,3b87ec5ffc07c08a35116928a8b6ffb64390e0a4,13,1.0
ec7271c262ad2937ec2edd69d96b4183f47c52e8,MB27346,interior_details_103_4,f3b1fb66463bf84b593dad9fd1028aa8db6f3720,6c726f0ba025cab6490df5c05a6c436be87205ad,15,1.0
ec7271c262ad2937ec2edd69d96b4183f47c52e8,MB27346,interior_details_130_2,f3b1fb66463bf84b593dad9fd1028aa8db6f3720,f730e2fab41495e73bf0e665266a51a692d1ca54,20,1.0
ec7271c262ad2937ec2edd69d96b4183f47c52e8,MB27346,kitchen_equipment_knife2,f3b1fb66463bf84b593dad9fd1028aa8db6f3720,4c406e5b2db8e63397199570ff59e65caeca5775,11,1.0
ec7271c262ad2937ec2edd69d96b4183f47c52e8,MB27346,lo_poly_animal_CHICKDEE,f3b1fb66463bf84b593dad9fd1028aa8db6f3720,b95b95002cc603d8b4aec4836d1edc6b1f129efb,19,0.9473684210526315
ec7271c262ad2937ec2edd69d96b4183f47c52e8,MB27346,lo_poly_animal_ELE_AS1,f3b1fb66463bf84b593dad9fd1028aa8db6f3720,41313a938cb781cbd60a6870530e116a9d98e48c,21,1.0
ec7271c262ad2937ec2edd69d96b4183f47c52e8,MB27346,lo_poly_animal_RHINO_2,f3b1fb66463bf84b593dad9fd1028aa8db6f3720,b87e834ba5e263774477edc6fc956070795ab1b6,23,0.9130434782608695
ec7271c262ad2937ec2edd69d96b4183f47c52e8,MB27346,lo_poly_animal_TRANTULA,f3b1fb66463bf84b593dad9fd1028aa8db6f3720,8f14ff8cf138e89d90211a7811968af08d4d7098,14,0.9285714285714286
ec7271c262ad2937ec2edd69d96b4183f47c52e8,MB27346,weimaraner,f3b1fb66463bf84b593dad9fd1028aa8db6f3720,4f263a161cdd009ff7f9aa88ed9be2b852772142,23,0.9565217391304348
ec7271c262ad2937ec2edd69d96b4183f47c52e8,MB27346,womens_shorts_01M,f3b1fb66463bf84b593dad9fd1028aa8db6f3720,66c09717173c555eced9e7a167f405b7d08ab18f,17,0.9411764705882353
ec7271c262ad2937ec2edd69d96b4183f47c52e8,MB27346,womens_stockings_01M,f3b1fb66463bf84b593dad9fd1028aa8db6f3720,7ed95b3ba88443ed63f25ffe0b5fb52d78dab676,21,1.0
ec7271c262ad2937ec2edd69d96b4183f47c52e8,MB27346,zebra,f3b1fb66463bf84b593dad9fd1028aa8db6f3720,21afbd503b5d4f9c399c4a66baef6bd6e894715f,11,1.0
ed2bc3361e70f6ebe33470c29db8b0417e1b08a8,MB29874,22_acoustic_guitar,7cc042e01ac7e57de362ae777017d3e1b727c9f0,b17c9b116f73af5e54e294b1362187bb666a1737,4,1.0
ed2bc3361e70f6ebe33470c29db8b0417e1b08a8,MB29874,Hanger_02,7cc042e01ac7e57de362ae777017d3e1b727c9f0,2ef7b8f76464ac15cea9c2eaf23bfb992cfa8a20,5,1.0
ed2bc3361e70f6ebe33470c29db8b0417e1b08a8,MB29874,MB27346,7cc042e01ac7e57de362ae777017d3e1b727c9f0,f3b1fb66463bf84b593dad9fd1028aa8db6f3720,6,1.0
ed2bc3361e70f6ebe33470c29db8b0417e1b08a8,MB29874,MB30203,7cc042e01ac7e57de362ae777017d3e1b727c9f0,e6e0c7209f8a7908c49f803651f7382e3a2e75c5,7,1.0
ed2bc3361e70f6ebe33470c29db8b0417e1b08a8,MB29874,build51,7cc042e01ac7e57de362ae777017d3e1b727c9f0,c6a67bcc6433546d8ede05ca6b05e089509d27ed,6,1.0
ed2bc3361e70f6ebe33470c29db8b0417e1b08a8,MB29874,dromedary,7cc042e01ac7e57de362ae777017d3e1b727c9f0,d47c3fb53513386e01d13c19f771ca5eb0f7da90,10,1.0
ed2bc3361e70f6ebe33470c29db8b0417e1b08a8,MB29874,flarenut_spanner,7cc042e01ac7e57de362ae777017d3e1b727c9f0,3b87ec5ffc07c08a35116928a8b6ffb64390e0a4,8,1.0
ed2bc3361e70f6ebe33470c29db8b0417e1b08a8,MB29874,interior_details_103_4,7cc042e01ac7e57de362ae777017d3e1b727c9f0,6c726f0ba025cab6490df5c05a6c436be87205ad,13,1.0
ed2bc3361e70f6ebe33470c29db8b0417e1b08a8,MB29874,interior_details_130_2,7cc042e01ac7e57de362ae777017d3e1b727c9f0,f730e2fab41495e73bf0e665266a51a692d1ca54,10,1.0
ed2bc3361e70f6ebe33470c29db8b0417e1b08a8,MB29874,lo_poly_animal_CHICKDEE,7cc042e01ac7e57de362ae777017d3e1b727c9f0,b95b95002cc603d8b4aec4836d1edc6b1f129efb,10,0.9
ed2bc3361e70f6ebe33470c29db8b0417e1b08a8,MB29874,lo_poly_animal_ELE_AS1,7cc042e01ac7e57de362ae777017d3e1b727c9f0,41313a938cb781cbd60a6870530e116a9d98e48c,8,1.0
ed2bc3361e70f6ebe33470c29db8b0417e1b08a8,MB29874,lo_poly_animal_RHINO_2,7cc042e01ac7e57de362ae777017d3e1b727c9f0,b87e834ba5e263774477edc6fc956070795ab1b6,6,1.0
ed2bc3361e70f6ebe33470c29db8b0417e1b08a8,MB29874,lo_poly_animal_TRANTULA,7cc042e01ac7e57de362ae777017d3e1b727c9f0,8f14ff8cf138e89d90211a7811968af08d4d7098,8,1.0
ed2bc3361e70f6ebe33470c29db8b0417e1b08a8,MB29874,weimaraner,7cc042e01ac7e57de362ae777017d3e1b727c9f0,4f263a161cdd009ff7f9aa88ed9be2b852772142,18,1.0
ed2bc3361e70f6ebe33470c29db8b0417e1b08a8,MB29874,womens_shorts_01M,7cc042e01ac7e57de362ae777017d3e1b727c9f0,66c09717173c555eced9e7a167f405b7d08ab18f,13,1.0
ed2bc3361e70f6ebe33470c29db8b0417e1b08a8,MB29874,womens_stockings_01M,7cc042e01ac7e57de362ae777017d3e1b727c9f0,7ed95b3ba88443ed63f25ffe0b5fb52d78dab676,10,1.0
ee66cac0d266cda5a6889add1d0898dd76e1d63b,calc01,Hanger_02,1858def1a1ecf0e1de87fdbb649b8586cd9210fb,2ef7b8f76464ac15cea9c2eaf23bfb992cfa8a20,4,1.0
ee66cac0d266cda5a6889add1d0898dd76e1d63b,calc01,MB27346,1858def1a1ecf0e1de87fdbb649b8586cd9210fb,f3b1fb66463bf84b593dad9fd1028aa8db6f3720,5,1.0
ee66cac0d266cda5a6889add1d0898dd76e1d63b,calc01,MB28699,1858def1a1ecf0e1de87fdbb649b8586cd9210fb,ee36e4d66958199793add93da479822f4d1164e6,17,0.9411764705882353
ee66cac0d266cda5a6889add1d0898dd76e1d63b,calc01,MB29874,1858def1a1ecf0e1de87fdbb649b8586cd9210fb,7cc042e01ac7e57de362ae777017d3e1b727c9f0,6,1.0
ee66cac0d266cda5a6889add1d0898dd76e1d63b,calc01,MB30203,1858def1a1ecf0e1de87fdbb649b8586cd9210fb,e6e0c7209f8a7908c49f803651f7382e3a2e75c5,14,1.0
ee66cac0d266cda5a6889add1d0898dd76e1d63b,calc01,MB30758,1858def1a1ecf0e1de87fdbb649b8586cd9210fb,61c2291042151124f703bb567c32ab30fda22360,9,1.0
ee66cac0d266cda5a6889add1d0898dd76e1d63b,calc01,antique_furniture_item_18,1858def1a1ecf0e1de87fdbb649b8586cd9210fb,bad9c53885fbc5be5a358b2ae742704b9f280dfa,9,0.8888888888888888
ee66cac0d266cda5a6889add1d0898dd76e1d63b,calc01,build51,1858def1a1ecf0e1de87fdbb649b8586cd9210fb,c6a67bcc6433546d8ede05ca6b05e089509d27ed,15,0.9333333333333333
ee66cac0d266cda5a6889add1d0898dd76e1d63b,calc01,dromedary,1858def1a1ecf0e1de87fdbb649b8586cd9210fb,d47c3fb53513386e01d13c19f771ca5eb0f7da90,6,1.0
ee66cac0d266cda5a6889add1d0898dd76e1d63b,calc01,flarenut_spanner,1858def1a1ecf0e1de87fdbb649b8586cd9210fb,3b87ec5ffc07c08a35116928a8b6ffb64390e0a4,6,1.0
ee66cac0d266cda5a6889add1d0898dd76e1d63b,calc01,interior_details_103_4,1858def1a1ecf0e1de87fdbb649b8586cd9210fb,6c726f0ba025cab6490df5c05a6c436be87205ad,13,1.0
ee66cac0d266cda5a6889add1d0898dd76e1d63b,calc01,kitchen_equipment_knife2,1858def1a1ecf0e1de87fdbb649b8586cd9210fb,4c406e5b2db8e63397199570ff59e65caeca5775,14,1.0
ee66cac0d266cda5a6889add1d0898dd76e1d63b,calc01,lo_poly_animal_CHICKDEE,1858def1a1ecf0e1de87fdbb649b8586cd9210fb,b95b95002cc603d8b4aec4836d1edc6b1f129efb,6,1.0
ee66cac0d266cda5a6889add1d0898dd76e1d63b,calc01,lo_poly_animal_ELE_AS1,1858def1a1ecf0e1de87fdbb649b8586cd9210fb,41313a938cb781cbd60a6870530e116a9d98e48c,5,1.0
ee66cac0d266cda5a6889add1d0898dd76e1d63b,calc01,lo_poly_animal_RHINO_2,1858def1a1ecf0e1de87fdbb649b8586cd9210fb,b87e834ba5e263774477edc6fc956070795ab1b6,7,1.0
ee66cac0d266cda5a6889add1d0898dd76e1d63b,calc01,weimaraner,1858def1a1ecf0e1de87fdbb649b8586cd9210fb,4f263a161cdd009ff7f9aa88ed9be2b852772142,15,1.0
ee66cac0d266cda5a6889add1d0898dd76e1d63b,calc01,womens_shorts_01M,1858def1a1ecf0e1de87fdbb649b8586cd9210fb,66c09717173c555eced9e7a167f405b7d08ab18f,7,1.0
ee66cac0d266cda5a6889add1d0898dd76e1d63b,calc01,womens_stockings_01M,1858def1a1ecf0e1de87fdbb649b8586cd9210fb,7ed95b3ba88443ed63f25ffe0b5fb52d78dab676,6,1.0
ee66cac0d266cda5a6889add1d0898dd76e1d63b,calc01,zebra,1858def1a1ecf0e1de87fdbb649b8586cd9210fb,21afbd503b5d4f9c399c4a66baef6bd6e894715f,9,1.0
eec90ccf772dca7c10ff73c560d19a75721464ca,lo_poly_animal_RHINO_2,Hanger_02,b87e834ba5e263774477edc6fc956070795ab1b6,2ef7b8f76464ac15cea9c2eaf23bfb992cfa8a20,16,1.0
eec90ccf772dca7c10ff73c560d19a75721464ca,lo_poly_animal_RHINO_2,MB27346,b87e834ba5e263774477edc6fc956070795ab1b6,f3b1fb66463bf84b593dad9fd1028aa8db6f3720,6,1.0
eec90ccf772dca7c10ff73c560d19a75721464ca,lo_poly_animal_RHINO_2,MB28699,b87e834ba5e263774477edc6fc956070795ab1b6,ee36e4d66958199793add93da479822f4d1164e6,5,1.0
eec90ccf772dca7c10ff73c560d19a75721464ca,lo_poly_animal_RHINO_2,MB29874,b87e834ba5e263774477edc6fc956070795ab1b6,7cc042e01ac7e57de362ae777017d3e1b727c9f0,18,0.9444444444444444
eec90ccf772dca7c10ff73c560d19a75721464ca,lo_poly_animal_RHINO_2,MB30758,b87e834ba5e263774477edc6fc956070795ab1b6,61c2291042151124f703bb567c32ab30fda22360,10,0.8
eec90ccf772dca7c10ff73c560d19a75721464ca,lo_poly_animal_RHINO_2,antique_furniture_item_18,b87e834ba5e263774477edc6fc956070795ab1b6,bad9c53885fbc5be5a358b2ae742704b9f280dfa,7,0.8571428571428571
eec90ccf772dca7c10ff73c560d19a75721464ca,lo_poly_animal_RHINO_2,build51,b87e834ba5e263774477edc6fc956070795ab1b6,c6a67bcc6433546d8ede05ca6b05e089509d27ed,9,0.8888888888888888
eec90ccf772dca7c10ff73c560d19a75721464ca,lo_poly_animal_RHINO_2,calc01,b87e834ba5e263774477edc6fc956070795ab1b6,1858def1a1ecf0e1de87fdbb649b8586cd9210fb,10,0.8
eec90ccf772dca7c10ff73c560d19a75721464ca,lo_poly_animal_RHINO_2,dromedary,b87e834ba5e263774477edc6fc956070795ab1b6,d47c3fb53513386e01d13c19f771ca5eb0f7da90,5,0.8
eec90ccf772dca7c10ff73c560d19a75721464ca,lo_poly_animal_RHINO_2,flarenut_spanner,b87e834ba5e263774477edc6fc956070795ab1b6,3b87ec5ffc07c08a35116928a8b6ffb64390e0a4,7,1.0
eec90ccf772dca7c10ff73c560d19a75721464ca,lo_poly_animal_RHINO_2,interior_details_103_4,b87e834ba5e263774477edc6fc956070795ab1b6,6c726f0ba025cab6490df5c05a6c436be87205ad,7,0.8571428571428571
eec90ccf772dca7c10ff73c560d19a75721464ca,lo_poly_animal_RHINO_2,lo_poly_animal_BEAR_BLK,b87e834ba5e263774477edc6fc956070795ab1b6,3c6c194cc864f2a655446efa548eef153a393618,22,0.9545454545454546
eec90ccf772dca7c10ff73c560d19a75721464ca,lo_poly_animal_RHINO_2,lo_poly_animal_CHICKDEE,b87e834ba5e263774477edc6fc956070795ab1b6,b95b95002cc603d8b4aec4836d1edc6b1f129efb,7,1.0
eec90ccf772dca7c10ff73c560d19a75721464ca,lo_poly_animal_RHINO_2,lo_poly_animal_ELE_AS1,b87e834ba5e263774477edc6fc956070795ab1b6,41313a938cb781cbd60a6870530e116a9d98e48c,13,0.9230769230769231
eec90ccf772dca7c10ff73c560d19a75721464ca,lo_poly_animal_RHINO_2,lo_poly_animal_TRANTULA,b87e834ba5e263774477edc6fc956070795ab1b6,8f14ff8cf138e89d90211a7811968af08d4d7098,10,0.9
eec90ccf772dca7c10ff73c560d19a75721464ca,lo_poly_animal_RHINO_2,weimaraner,b87e834ba5e263774477edc6fc956070795ab1b6,4f263a161cdd009ff7f9aa88ed9be2b852772142,5,0.8
eec90ccf772dca7c10ff73c560d19a75721464ca,lo_poly_animal_RHINO_2,womens_shorts_01M,b87e834ba5e263774477edc6fc956070795ab1b6,66c09717173c555eced9e7a167f405b7d08ab18f,17,0.9411764705882353
eec90ccf772dca7c10ff73c560d19a75721464ca,lo_poly_animal_RHINO_2,womens_stockings_01M,b87e834ba5e263774477edc6fc956070795ab1b6,7ed95b3ba88443ed63f25ffe0b5fb52d78dab676,10,1.0
eec90ccf772dca7c10ff73c560d19a75721464ca,lo_poly_animal_RHINO_2,zebra,b87e834ba5e263774477edc6fc956070795ab1b6,21afbd503b5d4f9c399c4a66baef6bd6e894715f,7,1.0
eef69960a12781d58d942985c0bb78a6a88971dc,build51,22_acoustic_guitar,c6a67bcc6433546d8ede05ca6b05e089509d27ed,b17c9b116f73af5e54e294b1362187bb666a1737,15,1.0
eef69960a12781d58d942985c0bb78a6a88971dc,build51,Hanger_02,c6a67bcc6433546d8ede05ca6b05e089509d27ed,2ef7b8f76464ac15cea9c2eaf23bfb992cfa8a20,37,0.972972972972973
eef69960a12781d58d942985c0bb78a6a88971dc,build51,MB27346,c6a67bcc6433546d8ede05ca6b05e089509d27ed,f3b1fb66463bf84b593dad9fd1028aa8db6f3720,18,0.9444444444444444
eef69960a12781d58d942985c0bb78a6a88971dc,build51,MB28699,c6a67bcc6433546d8ede05ca6b05e089509d27ed,ee36e4d66958199793add93da479822f4d1164e6,32,0.96875
eef69960a12781d58d942985c0bb78a6a88971dc,build51,MB29874,c6a67bcc6433546d8ede05ca6b05e089509d27ed,7cc042e01ac7e57de362ae777017d3e1b727c9f0,27,1.0
eef69960a12781d58d942985c0bb78a6a88971dc,build51,MB30203,c6a67bcc6433546d8ede05ca6b05e089509d27ed,e6e0c7209f8a7908c49f803651f7382e3a2e75c5,55,1.0
eef69960a12781d58d942985c0bb78a6a88971dc,build51,MB30758,c6a67bcc6433546d8ede05ca6b05e089509d27ed,61c2291042151124f703bb567c32ab30fda22360,33,0.9393939393939394
eef69960a12781d58d942985c0bb78a6a88971dc,build51,antique_furniture_item_18,c6a67bcc6433546d8ede05ca6b05e089509d27ed,bad9c53885fbc5be5a358b2ae742704b9f280dfa,43,0.9534883720930233
eef69960a12781d58d942985c0bb78a6a88971dc,build51,calc01,c6a67bcc6433546d8ede05ca6b05e089509d27ed,1858def1a1ecf0e1de87fdbb649b8586cd9210fb,26,0.9615384615384616
eef69960a12781d58d942985c0bb78a6a88971dc,build51,dromedary,c6a67bcc6433546d8ede05ca6b05e089509d27ed,d47c3fb53513386e01d13c19f771ca5eb0f7da90,32,1.0
eef69960a12781d58d942985c0bb78a6a88971dc,build51,flarenut_spanner,c6a67bcc6433546d8ede05ca6b05e089509d27ed,3b87ec5ffc07c08a35116928a8b6ffb64390e0a4,43,0.9767441860465116
eef69960a12781d58d942985c0bb78a6a88971dc,build51,interior_details_103_4,c6a67bcc6433546d8ede05ca6b05e089509d27ed,6c726f0ba025cab6490df5c05a6c436be87205ad,22,1.0
eef69960a12781d58d942985c0bb78a6a88971dc,build51,interior_details_130_2,c6a67bcc6433546d8ede05ca6b05e089509d27ed,f730e2fab41495e73bf0e665266a51a692d1ca54,43,1.0
eef69960a12781d58d942985c0bb78a6a88971dc,build51,kitchen_equipment_knife2,c6a67bcc6433546d8ede05ca6b05e089509d27ed,4c406e5b2db8e63397199570ff59e65caeca5775,17,0.9411764705882353
eef69960a12781d58d942985c0bb78a6a88971dc,build51,lo_poly_animal_BEAR_BLK,c6a67bcc6433546d8ede05ca6b05e089509d27ed,3c6c194cc864f2a655446efa548eef153a393618,46,1.0
eef69960a12781d58d942985c0bb78a6a88971dc,build51,lo_poly_animal_CHICKDEE,c6a67bcc6433546d8ede05ca6b05e089509d27ed,b95b95002cc603d8b4aec4836d1edc6b1f129efb,13,1.0
eef69960a12781d58d942985c0bb78a6a88971dc,build51,lo_poly_animal_ELE_AS1,c6a67bcc6433546d8ede05ca6b05e089509d27ed,41313a938cb781cbd60a6870530e116a9d98e48c,30,1.0
eef69960a12781d58d942985c0bb78a6a88971dc,build51,lo_poly_animal_RHINO_2,c6a67bcc6433546d8ede05ca6b05e089509d27ed,b87e834ba5e263774477edc6fc956070795ab1b6,18,1.0
eef69960a12781d58d942985c0bb78a6a88971dc,build51,lo_poly_animal_TRANTULA,c6a67bcc6433546d8ede05ca6b05e089509d27ed,8f14ff8cf138e89d90211a7811968af08d4d7098,43,0.9767441860465116
eef69960a12781d58d942985c0bb78a6a88971dc,build51,weimaraner,c6a67bcc6433546d8ede05ca6b05e089509d27ed,4f263a161cdd009ff7f9aa88ed9be2b852772142,46,0.9782608695652174
eef69960a12781d58d942985c0bb78a6a88971dc,build51,womens_shorts_01M,c6a67bcc6433546d8ede05ca6b05e089509d27ed,66c09717173c555eced9e7a167f405b7d08ab18f,35,1.0
eef69960a12781d58d942985c0bb78a6a88971dc,build51,womens_stockings_01M,c6a67bcc6433546d8ede05ca6b05e089509d27ed,7ed95b3ba88443ed63f25ffe0b5fb52d78dab676,17,1.0
eef69960a12781d58d942985c0bb78a6a88971dc,build51,zebra,c6a67bcc6433546d8ede05ca6b05e089509d27ed,21afbd503b5d4f9c399c4a66baef6bd6e894715f,32,1.0
f09983cd8a4165ffce9a019c4f67d5e7a3191a56,MB27346,22_acoustic_guitar,f3b1fb66463bf84b593dad9fd1028aa8db6f3720,b17c9b116f73af5e54e294b1362187bb666a1737,7,1.0
f09983cd8a4165ffce9a019c4f67d5e7a3191a56,MB27346,MB28699,f3b1fb66463bf84b593dad9fd1028aa8db6f3720,ee36e4d66958199793add93da479822f4d1164e6,6,1.0
f09983cd8a4165ffce9a019c4f67d5e7a3191a56,MB27346,MB29874,f3b1fb66463bf84b593dad9fd1028aa8db6f3720,7cc042e01ac7e57de362ae777017d3e1b727c9f0,8,1.0
f09983cd8a4165ffce9a019c4f67d5e7a3191a56,MB27346,MB30203,f3b1fb66463bf84b593dad9fd1028aa8db6f3720,e6e0c7209f8a7908c49f803651f7382e3a2e75c5,6,1.0
f09983cd8a4165ffce9a019c4f67d5e7a3191a56,MB27346,antique_furniture_item_18,f3b1fb66463bf84b593dad9fd1028aa8db6f3720,bad9c53885fbc5be5a358b2ae742704b9f280dfa,12,0.9166666666666666
f09983cd8a4165ffce9a019c4f67d5e7a3191a56,MB27346,build51,f3b1fb66463bf84b593dad9fd1028aa8db6f3720,c6a67bcc6433546d8ede05ca6b05e089509d27ed,8,1.0
f09983cd8a4165ffce9a019c4f67d5e7a3191a56,MB27346,calc01,f3b1fb66463bf84b593dad9fd1028aa8db6f3720,1858def1a1ecf0e1de87fdbb649b8586cd9210fb,12,1.0
f09983cd8a4165ffce9a019c4f67d5e7a3191a56,MB27346,dromedary,f3b1fb66463bf84b593dad9fd1028aa8db6f3720,d47c3fb53513386e01d13c19f771ca5eb0f7da90,12,1.0
f09983cd8a4165ffce9a019c4f67d5e7a3191a56,MB27346,flarenut_spanner,f3b1fb66463bf84b593dad9fd1028aa8db6f3720,3b87ec5ffc07c08a35116928a8b6ffb64390e0a4,8,1.0
f09983cd8a4165ffce9a019c4f67d5e7a3191a56,MB27346,interior_details_103_4,f3b1fb66463bf84b593dad9fd1028aa8db6f3720,6c726f0ba025cab6490df5c05a6c436be87205ad,7,1.0
f09983cd8a4165ffce9a019c4f67d5e7a3191a56,MB27346,kitchen_equipment_knife2,f3b1fb66463bf84b593dad9fd1028aa8db6f3720,4c406e5b2db8e63397199570ff59e65caeca5775,4,1.0
f09983cd8a4165ffce9a019c4f67d5e7a3191a56,MB27346,lo_poly_animal_BEAR_BLK,f3b1fb66463bf84b593dad9fd1028aa8db6f3720,3c6c194cc864f2a655446efa548eef153a393618,14,1.0
f09983cd8a4165ffce9a019c4f67d5e7a3191a56,MB27346,lo_poly_animal_CHICKDEE,f3b1fb66463bf84b593dad9fd1028aa8db6f3720,b95b95002cc603d8b4aec4836d1edc6b1f129efb,13,0.9230769230769231
f09983cd8a4165ffce9a019c4f67d5e7a3191a56,MB27346,lo_poly_animal_ELE_AS1,f3b1fb66463bf84b593dad9fd1028aa8db6f3720,41313a938cb781cbd60a6870530e116a9d98e48c,8,1.0
f09983cd8a4165ffce9a019c4f67d5e7a3191a56,MB27346,lo_poly_animal_RHINO_2,f3b1fb66463bf84b593dad9fd1028aa8db6f3720,b87e834ba5e263774477edc6fc956070795ab1b6,9,1.0
f09983cd8a4165ffce9a019c4f67d5e7a3191a56,MB27346,lo_poly_animal_TRANTULA,f3b1fb66463bf84b593dad9fd1028aa8db6f3720,8f14ff8cf138e89d90211a7811968af08d4d7098,19,0.9473684210526315
f09983cd8a4165ffce9a019c4f67d5e7a3191a56,MB27346,weimaraner,f3b1fb66463bf84b593dad9fd1028aa8db6f3720,4f263a161cdd009ff7f9aa88ed9be2b852772142,11,0.9090909090909091
f09983cd8a4165ffce9a019c4f67d5e7a3191a56,MB27346,womens_shorts_01M,f3b1fb66463bf84b593dad9fd1028aa8db6f3720,66c09717173c555eced9e7a167f405b7d08ab18f,9,1.0
f09983cd8a4165ffce9a019c4f67d5e7a3191a56,MB27346,womens_stockings_01M,f3b1fb66463bf84b593dad9fd1028aa8db6f3720,7ed95b3ba88443ed63f25ffe0b5fb52d78dab676,6,1.0
f2185adbcc8be283c4691513af15546c0347d1d3,22_acoustic_guitar,Hanger_02,b17c9b116f73af5e54e294b1362187bb666a1737,2ef7b8f76464ac15cea9c2eaf23bfb992cfa8a20,11,1.0
f2185adbcc8be283c4691513af15546c0347d1d3,22_acoustic_guitar,MB28699,b17c9b116f73af5e54e294b1362187bb666a1737,ee36e4d66958199793add93da479822f4d1164e6,9,0.7777777777777778
f2185adbcc8be283c4691513af15546c0347d1d3,22_acoustic_guitar,MB29874,b17c9b116f73af5e54e294b1362187bb666a1737,7cc042e01ac7e57de362ae777017d3e1b727c9f0,5,1.0
f2185adbcc8be283c4691513af15546c0347d1d3,22_acoustic_guitar,MB30203,b17c9b116f73af5e54e294b1362187bb666a1737,e6e0c7209f8a7908c49f803651f7382e3a2e75c5,7,1.0
f2185adbcc8be283c4691513af15546c0347d1d3,22_acoustic_guitar,MB30758,b17c9b116f73af5e54e294b1362187bb666a1737,61c2291042151124f703bb567c32ab30fda22360,15,0.9333333333333333
f2185adbcc8be283c4691513af15546c0347d1d3,22_acoustic_guitar,antique_furniture_item_18,b17c9b116f73af5e54e294b1362187bb666a1737,bad9c53885fbc5be5a358b2ae742704b9f280dfa,8,1.0
f2185adbcc8be283c4691513af15546c0347d1d3,22_acoustic_guitar,build51,b17c9b116f73af5e54e294b1362187bb666a1737,c6a67bcc6433546d8ede05ca6b05e089509d27ed,7,0.8571428571428571
f2185adbcc8be283c4691513af15546c0347d1d3,22_acoustic_guitar,calc01,b17c9b116f73af5e54e294b1362187bb666a1737,1858def1a1ecf0e1de87fdbb649b8586cd9210fb,7,1.0
f2185adbcc8be283c4691513af15546c0347d1d3,22_acoustic_guitar,dromedary,b17c9b116f73af5e54e294b1362187bb666a1737,d47c3fb53513386e01d13c19f771ca5eb0f7da90,4,1.0
f2185adbcc8be283c4691513af15546c0347d1d3,22_acoustic_guitar,flarenut_spanner,b17c9b116f73af5e54e294b1362187bb666a1737,3b87ec5ffc07c08a35116928a8b6ffb64390e0a4,8,1.0
f2185adbcc8be283c4691513af15546c0347d1d3,22_acoustic_guitar,interior_details_103_4,b17c9b116f73af5e54e294b1362187bb666a1737,6c726f0ba025cab6490df5c05a6c436be87205ad,8,0.875
f2185adbcc8be283c4691513af15546c0347d1d3,22_acoustic_guitar,interior_details_130_2,b17c9b116f73af5e54e294b1362187bb666a1737,f730e2fab41495e73bf0e665266a51a692d1ca54,11,0.7272727272727273
f2185adbcc8be283c4691513af15546c0347d1d3,22_acoustic_guitar,kitchen_equipment_knife2,b17c9b116f73af5e54e294b1362187bb666a1737,4c406e5b2db8e63397199570ff59e65caeca5775,4,1.0
f2185adbcc8be283c4691513af15546c0347d1d3,22_acoustic_guitar,lo_poly_animal_BEAR_BLK,b17c9b116f73af5e54e294b1362187bb666a1737,3c6c194cc864f2a655446efa548eef153a393618,15,1.0
f2185adbcc8be283c4691513af15546c0347d1d3,22_acoustic_guitar,lo_poly_animal_CHICKDEE,b17c9b116f73af5e54e294b1362187bb666a1737,b95b95002cc603d8b4aec4836d1edc6b1f129efb,14,0.8571428571428571
f2185adbcc8be283c4691513af15546c0347d1d3,22_acoustic_guitar,lo_poly_animal_ELE_AS1,b17c9b116f73af5e54e294b1362187bb666a1737,41313a938cb781cbd60a6870530e116a9d98e48c,9,0.8888888888888888
f2185adbcc8be283c4691513af15546c0347d1d3,22_acoustic_guitar,lo_poly_animal_TRANTULA,b17c9b116f73af5e54e294b1362187bb666a1737,8f14ff8cf138e89d90211a7811968af08d4d7098,6,1.0
f2185adbcc8be283c4691513af15546c0347d1d3,22_acoustic_guitar,weimaraner,b17c9b116f73af5e54e294b1362187bb666a1737,4f263a161cdd009ff7f9aa88ed9be2b852772142,12,1.0
f2185adbcc8be283c4691513af15546c0347d1d3,22_acoustic_guitar,womens_shorts_01M,b17c9b116f73af5e54e294b1362187bb666a1737,66c09717173c555eced9e7a167f405b7d08ab18f,9,1.0
f2185adbcc8be283c4691513af15546c0347d1d3,22_acoustic_guitar,womens_stockings_01M,b17c9b116f73af5e54e294b1362187bb666a1737,7ed95b3ba88443ed63f25ffe0b5fb52d78dab676,23,1.0
f2185adbcc8be283c4691513af15546c0347d1d3,22_acoustic_guitar,zebra,b17c9b116f73af5e54e294b1362187bb666a1737,21afbd503b5d4f9c399c4a66baef6bd6e894715f,15,0.9333333333333333
f43f31a85d05721fad65e96831e3efd85a297847,interior_details_103_4,22_acoustic_guitar,6c726f0ba025cab6490df5c05a6c436be87205ad,b17c9b116f73af5e54e294b1362187bb666a1737,25,0.96
f43f31a85d05721fad65e96831e3efd85a297847,interior_details_103_4,Hanger_02,6c726f0ba025cab6490df5c05a6c436be87205ad,2ef7b8f76464ac15cea9c2eaf23bfb992cfa8a20,14,0.8571428571428571
f43f31a85d05721fad65e96831e3efd85a297847,interior_details_103_4,MB27346,6c726f0ba025cab6490df5c05a6c436be87205ad,f3b1fb66463bf84b593dad9fd1028aa8db6f3720,8,1.0
f43f31a85d05721fad65e96831e3efd85a297847,interior_details_103_4,MB28699,6c726f0ba025cab6490df5c05a6c436be87205ad,ee36e4d66958199793add93da479822f4d1164e6,6,1.0
f43f31a85d05721fad65e96831e3efd85a297847,interior_details_103_4,MB30203,6c726f0ba025cab6490df5c05a6c436be87205ad,e6e0c7209f8a7908c49f803651f7382e3a2e75c5,8,1.0
f43f31a85d05721fad65e96831e3efd85a297847,interior_details_103_4,MB30758,6c726f0ba025cab6490df5c05a6c436be87205ad,61c2291042151124f703bb567c32ab30fda22360,5,1.0
f43f31a85d05721fad65e96831e3efd85a297847,interior_details_103_4,build51,6c726f0ba025cab6490df5c05a6c436be87205ad,c6a67bcc6433546d8ede05ca6b05e089509d27ed,8,0.875
f43f31a85d05721fad65e96831e3efd85a297847,interior_details_103_4,calc01,6c726f0ba025cab6490df5c05a6c436be87205ad,1858def1a1ecf0e1de87fdbb649b8586cd9210fb,15,1.0
f43f31a85d05721fad65e96831e3efd85a297847,interior_details_103_4,flarenut_spanner,6c726f0ba025cab6490df5c05a6c436be87205ad,3b87ec5ffc07c08a35116928a8b6ffb64390e0a4,13,0.7692307692307693
f43f31a85d05721fad65e96831e3efd85a297847,interior_details_103_4,interior_details_130_2,6c726f0ba025cab6490df5c05a6c436be87205ad,f730e2fab41495e73bf0e665266a51a692d1ca54,16,0.8125
f43f31a85d05721fad65e96831e3efd85a297847,interior_details_103_4,kitchen_equipment_knife2,6c726f0ba025cab6490df5c05a6c436be87205ad,4c406e5b2db8e63397199570ff59e65caeca5775,17,0.8823529411764706
f43f31a85d05721fad65e96831e3efd85a297847,interior_details_103_4,lo_poly_animal_BEAR_BLK,6c726f0ba025cab6490df5c05a6c436be87205ad,3c6c194cc864f2a655446efa548eef153a393618,8,1.0
f43f31a85d05721fad65e96831e3efd85a297847,interior_details_103_4,lo_poly_animal_CHICKDEE,6c726f0ba025cab6490df5c05a6c436be87205ad,b95b95002cc603d8b4aec4836d1edc6b1f129efb,10,1.0
f43f31a85d05721fad65e96831e3efd85a297847,interior_details_103_4,lo_poly_animal_ELE_AS1,6c726f0ba025cab6490df5c05a6c436be87205ad,41313a938cb781cbd60a6870530e116a9d98e48c,14,1.0
f43f31a85d05721fad65e96831e3efd85a297847,interior_details_103_4,lo_poly_animal_RHINO_2,6c726f0ba025cab6490df5c05a6c436be87205ad,b87e834ba5e263774477edc6fc956070795ab1b6,8,1.0
f43f31a85d05721fad65e96831e3efd85a297847,interior_details_103_4,lo_poly_animal_TRANTULA,6c726f0ba025cab6490df5c05a6c436be87205ad,8f14ff8cf138e89d90211a7811968af08d4d7098,10,0.9
f43f31a85d05721fad65e96831e3efd85a297847,interior_details_103_4,weimaraner,6c726f0ba025cab6490df5c05a6c436be87205ad,4f263a161cdd009ff7f9aa88ed9be2b852772142,15,1.0
f43f31a85d05721fad65e96831e3efd85a297847,interior_details_103_4,womens_shorts_01M,6c726f0ba025cab6490df5c05a6c436be87205ad,66c09717173c555eced9e7a167f405b7d08ab18f,6,1.0
f43f31a85d05721fad65e96831e3efd85a297847,interior_details_103_4,womens_stockings_01M,6c726f0ba025cab6490df5c05a6c436be87205ad,7ed95b3ba88443ed63f25ffe0b5fb52d78dab676,13,1.0
f43f31a85d05721fad65e96831e3efd85a297847,interior_details_103_4,zebra,6c726f0ba025cab6490df5c05a6c436be87205ad,21afbd503b5d4f9c399c4a66baef6bd6e894715f,13,1.0
f44f18e6103f6a682e0df7ab21394e9750ccec40,womens_shorts_01M,22_acoustic_guitar,66c09717173c555eced9e7a167f405b7d08ab18f,b17c9b116f73af5e54e294b1362187bb666a1737,9,1.0
f44f18e6103f6a682e0df7ab21394e9750ccec40,womens_shorts_01M,Hanger_02,66c09717173c555eced9e7a167f405b7d08ab18f,2ef7b8f76464ac15cea9c2eaf23bfb992cfa8a20,4,1.0
f44f18e6103f6a682e0df7ab21394e9750ccec40,womens_shorts_01M,MB27346,66c09717173c555eced9e7a167f405b7d08ab18f,f3b1fb66463bf84b593dad9fd1028aa8db6f3720,37,1.0
f44f18e6103f6a682e0df7ab21394e9750ccec40,womens_shorts_01M,MB29874,66c09717173c555eced9e7a167f405b7d08ab18f,7cc042e01ac7e57de362ae777017d3e1b727c9f0,12,1.0
f44f18e6103f6a682e0df7ab21394e9750ccec40,womens_shorts_01M,MB30203,66c09717173c555eced9e7a167f405b7d08ab18f,e6e0c7209f8a7908c49f803651f7382e3a2e75c5,5,1.0
f44f18e6103f6a682e0df7ab21394e9750ccec40,womens_shorts_01M,MB30758,66c09717173c555eced9e7a167f405b7d08ab18f,61c2291042151124f703bb567c32ab30fda22360,7,1.0
f44f18e6103f6a682e0df7ab21394e9750ccec40,womens_shorts_01M,antique_furniture_item_18,66c09717173c555eced9e7a167f405b7d08ab18f,bad9c53885fbc5be5a358b2ae742704b9f280dfa,8,1.0
f44f18e6103f6a682e0df7ab21394e9750ccec40,womens_shorts_01M,build51,66c09717173c555eced9e7a167f405b7d08ab18f,c6a67bcc6433546d8ede05ca6b05e089509d27ed,7,1.0
f44f18e6103f6a682e0df7ab21394e9750ccec40,womens_shorts_01M,calc01,66c09717173c555eced9e7a167f405b7d08ab18f,1858def1a1ecf0e1de87fdbb649b8586cd9210fb,7,1.0
f44f18e6103f6a682e0df7ab21394e9750ccec40,womens_shorts_01M,dromedary,66c09717173c555eced9e7a167f405b7d08ab18f,d47c3fb53513386e01d13c19f771ca5eb0f7da90,6,1.0
f44f18e6103f6a682e0df7ab21394e9750ccec40,womens_shorts_01M,flarenut_spanner,66c09717173c555eced9e7a167f405b7d08ab18f,3b87ec5ffc07c08a35116928a8b6ffb64390e0a4,15,1.0
f44f18e6103f6a682e0df7ab21394e9750ccec40,womens_shorts_01M,interior_details_103_4,66c09717173c555eced9e7a167f405b7d08ab18f,6c726f0ba025cab6490df5c05a6c436be87205ad,11,1.0
f44f18e6103f6a682e0df7ab21394e9750ccec40,womens_shorts_01M,interior_details_130_2,66c09717173c555eced9e7a167f405b7d08ab18f,f730e2fab41495e73bf0e665266a51a692d1ca54,6,1.0
f44f18e6103f6a682e0df7ab21394e9750ccec40,womens_shorts_01M,kitchen_equipment_knife2,66c09717173c555eced9e7a167f405b7d08ab18f,4c406e5b2db8e63397199570ff59e65caeca5775,15,1.0
f44f18e6103f6a682e0df7ab21394e9750ccec40,womens_shorts_01M,lo_poly_animal_BEAR_BLK,66c09717173c555eced9e7a167f405b7d08ab18f,3c6c194cc864f2a655446efa548eef153a393618,10,0.9
f44f18e6103f6a682e0df7ab21394e9750ccec40,womens_shorts_01M,lo_poly_animal_CHICKDEE,66c09717173c555eced9e7a167f405b7d08ab18f,b95b95002cc603d8b4aec4836d1edc6b1f129efb,11,0.9090909090909091
f44f18e6103f6a682e0df7ab21394e9750ccec40,womens_shorts_01M,lo_poly_animal_ELE_AS1,66c09717173c555eced9e7a167f405b7d08ab18f,41313a938cb781cbd60a6870530e116a9d98e48c,6,0.8333333333333334
f44f18e6103f6a682e0df7ab21394e9750ccec40,womens_shorts_01M,lo_poly_animal_RHINO_2,66c09717173c555eced9e7a167f405b7d08ab18f,b87e834ba5e263774477edc6fc956070795ab1b6,7,1.0
f44f18e6103f6a682e0df7ab21394e9750ccec40,womens_shorts_01M,lo_poly_animal_TRANTULA,66c09717173c555eced9e7a167f405b7d08ab18f,8f14ff8cf138e89d90211a7811968af08d4d7098,11,1.0
f44f18e6103f6a682e0df7ab21394e9750ccec40,womens_shorts_01M,weimaraner,66c09717173c555eced9e7a167f405b7d08ab18f,4f263a161cdd009ff7f9aa88ed9be2b852772142,13,1.0
f44f18e6103f6a682e0df7ab21394e9750ccec40,womens_shorts_01M,womens_stockings_01M,66c09717173c555eced9e7a167f405b7d08ab18f,7ed95b3ba88443ed63f25ffe0b5fb52d78dab676,11,1.0
f44f18e6103f6a682e0df7ab21394e9750ccec40,womens_shorts_01M,zebra,66c09717173c555eced9e7a167f405b7d08ab18f,21afbd503b5d4f9c399c4a66baef6bd6e894715f,5,1.0
f56c85263bbf6ce155c0b66d59859e5e44e159ad,MB30203,22_acoustic_guitar,e6e0c7209f8a7908c49f803651f7382e3a2e75c5,b17c9b116f73af5e54e294b1362187bb666a1737,8,1.0
f56c85263bbf6ce155c0b66d59859e5e44e159ad,MB30203,Hanger_02,e6e0c7209f8a7908c49f803651f7382e3a2e75c5,2ef7b8f76464ac15cea9c2eaf23bfb992cfa8a20,16,1.0
f56c85263bbf6ce155c0b66d59859e5e44e159ad,MB30203,MB27346,e6e0c7209f8a7908c49f803651f7382e3a2e75c5,f3b1fb66463bf84b593dad9fd1028aa8db6f3720,17,0.9411764705882353
f56c85263bbf6ce155c0b66d59859e5e44e159ad,MB30203,MB28699,e6e0c7209f8a7908c49f803651f7382e3a2e75c5,ee36e4d66958199793add93da479822f4d1164e6,15,0.9333333333333333
f56c85263bbf6ce155c0b66d59859e5e44e159ad,MB30203,MB29874,e6e0c7209f8a7908c49f803651f7382e3a2e75c5,7cc042e01ac7e57de362ae777017d3e1b727c9f0,6,1.0
f56c85263bbf6ce155c0b66d59859e5e44e159ad,MB30203,MB30758,e6e0c7209f8a7908c49f803651f7382e3a2e75c5,61c2291042151124f703bb567c32ab30fda22360,8,1.0
f56c85263bbf6ce155c0b66d59859e5e44e159ad,MB30203,antique_furniture_item_18,e6e0c7209f8a7908c49f803651f7382e3a2e75c5,bad9c53885fbc5be5a358b2ae742704b9f280dfa,4,0.75
f56c85263bbf6ce155c0b66d59859e5e44e159ad,MB30203,build51,e6e0c7209f8a7908c49f803651f7382e3a2e75c5,c6a67bcc6433546d8ede05ca6b05e089509d27ed,6,1.0
f56c85263bbf6ce155c0b66d59859e5e44e159ad,MB30203,calc01,e6e0c7209f8a7908c49f803651f7382e3a2e75c5,1858def1a1ecf0e1de87fdbb649b8586cd9210fb,8,1.0
f56c85263bbf6ce155c0b66d59859e5e44e159ad,MB30203,dromedary,e6e0c7209f8a7908c49f803651f7382e3a2e75c5,d47c3fb53513386e01d13c19f771ca5eb0f7da90,6,1.0
f56c85263bbf6ce155c0b66d59859e5e44e159ad,MB30203,flarenut_spanner,e6e0c7209f8a7908c49f803651f7382e3a2e75c5,3b87ec5ffc07c08a35116928a8b6ffb64390e0a4,11,1.0
f56c85263bbf6ce155c0b66d59859e5e44e159ad,MB30203,interior_details_103_4,e6e0c7209f8a7908c49f803651f7382e3a2e75c5,6c726f0ba025cab6490df5c05a6c436be87205ad,8,1.0
f56c85263bbf6ce155c0b66d59859e5e44e159ad,MB30203,interior_details_130_2,e6e0c7209f8a7908c49f803651f7382e3a2e75c5,f730e2fab41495e73bf0e665266a51a692d1ca54,10,1.0
f56c85263bbf6ce155c0b66d59859e5e44e159ad,MB30203,kitchen_equipment_knife2,e6e0c7209f8a7908c49f803651f7382e3a2e75c5,4c406e5b2db8e63397199570ff59e65caeca5775,9,1.0
f56c85263bbf6ce155c0b66d59859e5e44e159ad,MB30203,lo_poly_animal_BEAR_BLK,e6e0c7209f8a7908c49f803651f7382e3a2e75c5,3c6c194cc864f2a655446efa548eef153a393618,16,1.0
f56c85263bbf6ce155c0b66d59859e5e44e159ad,MB30203,lo_poly_animal_CHICKDEE,e6e0c7209f8a7908c49f803651f7382e3a2e75c5,b95b95002cc603d8b4aec4836d1edc6b1f129efb,5,1.0
f56c85263bbf6ce155c0b66d59859e5e44e159ad,MB30203,lo_poly_animal_RHINO_2,e6e0c7209f8a7908c49f803651f7382e3a2e75c5,b87e834ba5e263774477edc6fc956070795ab1b6,24,1.0
f56c85263bbf6ce155c0b66d59859e5e44e159ad,MB30203,lo_poly_animal_TRANTULA,e6e0c7209f8a7908c49f803651f7382e3a2e75c5,8f14ff8cf138e89d90211a7811968af08d4d7098,6,1.0
f56c85263bbf6ce155c0b66d59859e5e44e159ad,MB30203,weimaraner,e6e0c7209f8a7908c49f803651f7382e3a2e75c5,4f263a161cdd009ff7f9aa88ed9be2b852772142,11,0.9090909090909091
f5b628d95e3375b9ae00f3859e5355fff26060f6,MB30758,22_acoustic_guitar,61c2291042151124f703bb567c32ab30fda22360,b17c9b116f73af5e54e294b1362187bb666a1737,6,1.0
f5b628d95e3375b9ae00f3859e5355fff26060f6,MB30758,Hanger_02,61c2291042151124f703bb567c32ab30fda22360,2ef7b8f76464ac15cea9c2eaf23bfb992cfa8a20,40,1.0
f5b628d95e3375b9ae00f3859e5355fff26060f6,MB30758,MB27346,61c2291042151124f703bb567c32ab30fda22360,f3b1fb66463bf84b593dad9fd1028aa8db6f3720,8,1.0
f5b628d95e3375b9ae00f3859e5355fff26060f6,MB30758,MB28699,61c2291042151124f703bb567c32ab30fda22360,ee36e4d66958199793add93da479822f4d1164e6,9,1.0
f5b628d95e3375b9ae00f3859e5355fff26060f6,MB30758,MB29874,61c2291042151124f703bb567c32ab30fda22360,7cc042e01ac7e57de362ae777017d3e1b727c9f0,12,1.0
f5b628d95e3375b9ae00f3859e5355fff26060f6,MB30758,antique_furniture_item_18,61c2291042151124f703bb567c32ab30fda22360,bad9c53885fbc5be5a358b2ae742704b9f280dfa,6,1.0
f5b628d95e3375b9ae00f3859e5355fff26060f6,MB30758,build51,61c2291042151124f703bb567c32ab30fda22360,c6a67bcc6433546d8ede05ca6b05e089509d27ed,7,0.8571428571428571
f5b628d95e3375b9ae00f3859e5355fff26060f6,MB30758,calc01,61c2291042151124f703bb567c32ab30fda22360,1858def1a1ecf0e1de87fdbb649b8586cd9210fb,7,1.0
f5b628d95e3375b9ae00f3859e5355fff26060f6,MB30758,dromedary,61c2291042151124f703bb567c32ab30fda22360,d47c3fb53513386e01d13c19f771ca5eb0f7da90,9,1.0
f5b628d95e3375b9ae00f3859e5355fff26060f6,MB30758,flarenut_spanner,61c2291042151124f703bb567c32ab30fda22360,3b87ec5ffc07c08a35116928a8b6ffb64390e0a4,12,0.9166666666666666
f5b628d95e3375b9ae00f3859e5355fff26060f6,MB30758,interior_details_103_4,61c2291042151124f703bb567c32ab30fda22360,6c726f0ba025cab6490df5c05a6c436be87205ad,20,0.95
f5b628d95e3375b9ae00f3859e5355fff26060f6,MB30758,interior_details_130_2,61c2291042151124f703bb567c32ab30fda22360,f730e2fab41495e73bf0e665266a51a692d1ca54,4,1.0
f5b628d95e3375b9ae00f3859e5355fff26060f6,MB30758,kitchen_equipment_knife2,61c2291042151124f703bb567c32ab30fda22360,4c406e5b2db8e63397199570ff59e65caeca5775,8,1.0
f5b628d95e3375b9ae00f3859e5355fff26060f6,MB30758,lo_poly_animal_BEAR_BLK,61c2291042151124f703bb567c32ab30fda22360,3c6c194cc864f2a655446efa548eef153a393618,13,1.0
f5b628d95e3375b9ae00f3859e5355fff26060f6,MB30758,lo_poly_animal_CHICKDEE,61c2291042151124f703bb567c32ab30fda22360,b95b95002cc603d8b4aec4836d1edc6b1f129efb,9,0.8888888888888888
f5b628d95e3375b9ae00f3859e5355fff26060f6,MB30758,lo_poly_animal_ELE_AS1,61c2291042151124f703bb567c32ab30fda22360,41313a938cb781cbd60a6870530e116a9d98e48c,7,1.0
f5b628d95e3375b9ae00f3859e5355fff26060f6,MB30758,lo_poly_animal_RHINO_2,61c2291042151124f703bb567c32ab30fda22360,b87e834ba5e263774477edc6fc956070795ab1b6,6,1.0
f5b628d95e3375b9ae00f3859e5355fff26060f6,MB30758,lo_poly_animal_TRANTULA,61c2291042151124f703bb567c32ab30fda22360,8f14ff8cf138e89d90211a7811968af08d4d7098,21,1.0
f5b628d95e3375b9ae00f3859e5355fff26060f6,MB30758,weimaraner,61c2291042151124f703bb567c32ab30fda22360,4f263a161cdd009ff7f9aa88ed9be2b852772142,4,1.0
f5b628d95e3375b9ae00f3859e5355fff26060f6,MB30758,womens_shorts_01M,61c2291042151124f703bb567c32ab30fda22360,66c09717173c555eced9e7a167f405b7d08ab18f,8,1.0
f5b628d95e3375b9ae00f3859e5355fff26060f6,MB30758,zebra,61c2291042151124f703bb567c32ab30fda22360,21afbd503b5d4f9c399c4a66baef6bd6e894715f,6,0.8333333333333334
f6986d5b3938af625c909a29060c8a17e24475be,dromedary,22_acoustic_guitar,d47c3fb53513386e01d13c19f771ca5eb0f7da90,b17c9b116f73af5e54e294b1362187bb666a1737,5,0.8
f6986d5b3938af625c909a29060c8a17e24475be,dromedary,Hanger_02,d47c3fb53513386e01d13c19f771ca5eb0f7da90,2ef7b8f76464ac15cea9c2eaf23bfb992cfa8a20,7,1.0
f6986d5b3938af625c909a29060c8a17e24475be,dromedary,MB27346,d47c3fb53513386e01d13c19f771ca5eb0f7da90,f3b1fb66463bf84b593dad9fd1028aa8db6f3720,6,0.8333333333333334
f6986d5b3938af625c909a29060c8a17e24475be,dromedary,MB29874,d47c3fb53513386e01d13c19f771ca5eb0f7da90,7cc042e01ac7e57de362ae777017d3e1b727c9f0,9,0.6666666666666666
f6986d5b3938af625c909a29060c8a17e24475be,dromedary,MB30758,d47c3fb53513386e01d13c19f771ca5eb0f7da90,61c2291042151124f703bb567c32ab30fda22360,12,0.4166666666666667
f6986d5b3938af625c909a29060c8a17e24475be,dromedary,calc01,d47c3fb53513386e01d13c19f771ca5eb0f7da90,1858def1a1ecf0e1de87fdbb649b8586cd9210fb,4,0.75
f6986d5b3938af625c909a29060c8a17e24475be,dromedary,flarenut_spanner,d47c3fb53513386e01d13c19f771ca5eb0f7da90,3b87ec5ffc07c08a35116928a8b6ffb64390e0a4,14,0.7857142857142857
f6986d5b3938af625c909a29060c8a17e24475be,dromedary,interior_details_103_4,d47c3fb53513386e01d13c19f771ca5eb0f7da90,6c726f0ba025cab6490df5c05a6c436be87205ad,10,0.9
f6986d5b3938af625c909a29060c8a17e24475be,dromedary,interior_details_130_2,d47c3fb53513386e01d13c19f771ca5eb0f7da90,f730e2fab41495e73bf0e665266a51a692d1ca54,9,1.0
f6986d5b3938af625c909a29060c8a17e24475be,dromedary,kitchen_equipment_knife2,d47c3fb53513386e01d13c19f771ca5eb0f7da90,4c406e5b2db8e63397199570ff59e65caeca5775,9,0.7777777777777778
f6986d5b3938af625c909a29060c8a17e24475be,dromedary,lo_poly_animal_BEAR_BLK,d47c3fb53513386e01d13c19f771ca5eb0f7da90,3c6c194cc864f2a655446efa548eef153a393618,11,0.9090909090909091
f6986d5b3938af625c909a29060c8a17e24475be,dromedary,lo_poly_animal_CHICKDEE,d47c3fb53513386e01d13c19f771ca5eb0f7da90,b95b95002cc603d8b4aec4836d1edc6b1f129efb,8,0.875
f6986d5b3938af625c909a29060c8a17e24475be,dromedary,lo_poly_animal_ELE_AS1,d47c3fb53513386e01d13c19f771ca5eb0f7da90,41313a938cb781cbd60a6870530e116a9d98e48c,4,1.0
f6986d5b3938af625c909a29060c8a17e24475be,dromedary,lo_poly_animal_RHINO_2,d47c3fb53513386e01d13c19f771ca5eb0f7da90,b87e834ba5e263774477edc6fc956070795ab1b6,10,0.9
f6986d5b3938af625c909a29060c8a17e24475be,dromedary,lo_poly_animal_TRANTULA,d47c3fb53513386e01d13c19f771ca5eb0f7da90,8f14ff8cf138e89d90211a7811968af08d4d7098,4,0.75
f6986d5b3938af625c909a29060c8a17e24475be,dromedary,weimaraner,d47c3fb53513386e01d13c19f771ca5eb0f7da90,4f263a161cdd009ff7f9aa88ed9be2b852772142,7,0.2857142857142857
f6986d5b3938af625c909a29060c8a17e24475be,dromedary,womens_shorts_01M,d47c3fb53513386e01d13c19f771ca5eb0f7da90,66c09717173c555eced9e7a167f405b7d08ab18f,15,0.8
f6986d5b3938af625c909a29060c8a17e24475be,dromedary,womens_stockings_01M,d47c3fb53513386e01d13c19f771ca5eb0f7da90,7ed95b3ba88443ed63f25ffe0b5fb52d78dab676,7,0.8571428571428571
f6986d5b3938af625c909a29060c8a17e24475be,dromedary,zebra,d47c3fb53513386e01d13c19f771ca5eb0f7da90,21afbd503b5d4f9c399c4a66baef6bd6e894715f,15,0.6
f85b4eae68aa31e7a3e6cc3ebac68231aad6a587,dromedary,22_acoustic_guitar,d47c3fb53513386e01d13c19f771ca5eb0f7da90,b17c9b116f73af5e54e294b1362187bb666a1737,12,0.9166666666666666
f85b4eae68aa31e7a3e6cc3ebac68231aad6a587,dromedary,Hanger_02,d47c3fb53513386e01d13c19f771ca5eb0f7da90,2ef7b8f76464ac15cea9c2eaf23bfb992cfa8a20,7,1.0
f85b4eae68aa31e7a3e6cc3ebac68231aad6a587,dromedary,MB27346,d47c3fb53513386e01d13c19f771ca5eb0f7da90,f3b1fb66463bf84b593dad9fd1028aa8db6f3720,19,0.8947368421052632
f85b4eae68aa31e7a3e6cc3ebac68231aad6a587,dromedary,MB28699,d47c3fb53513386e01d13c19f771ca5eb0f7da90,ee36e4d66958199793add93da479822f4d1164e6,10,0.9
f85b4eae68aa31e7a3e6cc3ebac68231aad6a587,dromedary,MB29874,d47c3fb53513386e01d13c19f771ca5eb0f7da90,7cc042e01ac7e57de362ae777017d3e1b727c9f0,7,1.0
f85b4eae68aa31e7a3e6cc3ebac68231aad6a587,dromedary,MB30203,d47c3fb53513386e01d13c19f771ca5eb0f7da90,e6e0c7209f8a7908c49f803651f7382e3a2e75c5,14,1.0
f85b4eae68aa31e7a3e6cc3ebac68231aad6a587,dromedary,MB30758,d47c3fb53513386e01d13c19f771ca5eb0f7da90,61c2291042151124f703bb567c32ab30fda22360,11,1.0
f85b4eae68aa31e7a3e6cc3ebac68231aad6a587,dromedary,antique_furniture_item_18,d47c3fb53513386e01d13c19f771ca5eb0f7da90,bad9c53885fbc5be5a358b2ae742704b9f280dfa,15,1.0
f85b4eae68aa31e7a3e6cc3ebac68231aad6a587,dromedary,build51,d47c3fb53513386e01d13c19f771ca5eb0f7da90,c6a67bcc6433546d8ede05ca6b05e089509d27ed,13,1.0
f85b4eae68aa31e7a3e6cc3ebac68231aad6a587,dromedary,calc01,d47c3fb53513386e01d13c19f771ca5eb0f7da90,1858def1a1ecf0e1de87fdbb649b8586cd9210fb,7,1.0
f85b4eae68aa31e7a3e6cc3ebac68231aad6a587,dromedary,flarenut_spanner,d47c3fb53513386e01d13c19f771ca5eb0f7da90,3b87ec5ffc07c08a35116928a8b6ffb64390e0a4,12,0.9166666666666666
f85b4eae68aa31e7a3e6cc3ebac68231aad6a587,dromedary,interior_details_103_4,d47c3fb53513386e01d13c19f771ca5eb0f7da90,6c726f0ba025cab6490df5c05a6c436be87205ad,10,1.0
f85b4eae68aa31e7a3e6cc3ebac68231aad6a587,dromedary,interior_details_130_2,d47c3fb53513386e01d13c19f771ca5eb0f7da90,f730e2fab41495e73bf0e665266a51a692d1ca54,9,1.0
f85b4eae68aa31e7a3e6cc3ebac68231aad6a587,dromedary,kitchen_equipment_knife2,d47c3fb53513386e01d13c19f771ca5eb0f7da90,4c406e5b2db8e63397199570ff59e65caeca5775,6,1.0
f85b4eae68aa31e7a3e6cc3ebac68231aad6a587,dromedary,lo_poly_animal_BEAR_BLK,d47c3fb53513386e01d13c19f771ca5eb0f7da90,3c6c194cc864f2a655446efa548eef153a393618,11,0.9090909090909091
f85b4eae68aa31e7a3e6cc3ebac68231aad6a587,dromedary,lo_poly_animal_CHICKDEE,d47c3fb53513386e01d13c19f771ca5eb0f7da90,b95b95002cc603d8b4aec4836d1edc6b1f129efb,15,1.0
f85b4eae68aa31e7a3e6cc3ebac68231aad6a587,dromedary,lo_poly_animal_ELE_AS1,d47c3fb53513386e01d13c19f771ca5eb0f7da90,41313a938cb781cbd60a6870530e116a9d98e48c,14,0.9285714285714286
f85b4eae68aa31e7a3e6cc3ebac68231aad6a587,dromedary,lo_poly_animal_RHINO_2,d47c3fb53513386e01d13c19f771ca5eb0f7da90,b87e834ba5e263774477edc6fc956070795ab1b6,9,0.6666666666666666
f85b4eae68aa31e7a3e6cc3ebac68231aad6a587,dromedary,lo_poly_animal_TRANTULA,d47c3fb53513386e01d13c19f771ca5eb0f7da90,8f14ff8cf138e89d90211a7811968af08d4d7098,16,0.9375
f85b4eae68aa31e7a3e6cc3ebac68231aad6a587,dromedary,weimaraner,d47c3fb53513386e01d13c19f771ca5eb0f7da90,4f263a161cdd009ff7f9aa88ed9be2b852772142,10,0.5
f85b4eae68aa31e7a3e6cc3ebac68231aad6a587,dromedary,womens_shorts_01M,d47c3fb53513386e01d13c19f771ca5eb0f7da90,66c09717173c555eced9e7a167f405b7d08ab18f,8,0.875
f85b4eae68aa31e7a3e6cc3ebac68231aad6a587,dromedary,womens_stockings_01M,d47c3fb53513386e01d13c19f771ca5eb0f7da90,7ed95b3ba88443ed63f25ffe0b5fb52d78dab676,11,1.0
f85b4eae68aa31e7a3e6cc3ebac68231aad6a587,dromedary,zebra,d47c3fb53513386e01d13c19f771ca5eb0f7da90,21afbd503b5d4f9c399c4a66baef6bd6e894715f,12,0.9166666666666666
f8df2105dfa5b095366fec2a90d802d6be6d1e2c,build51,22_acoustic_guitar,c6a67bcc6433546d8ede05ca6b05e089509d27ed,b17c9b116f73af5e54e294b1362187bb666a1737,9,1.0
f8df2105dfa5b095366fec2a90d802d6be6d1e2c,build51,Hanger_02,c6a67bcc6433546d8ede05ca6b05e089509d27ed,2ef7b8f76464ac15cea9c2eaf23bfb992cfa8a20,15,1.0
f8df2105dfa5b095366fec2a90d802d6be6d1e2c,build51,MB28699,c6a67bcc6433546d8ede05ca6b05e089509d27ed,ee36e4d66958199793add93da479822f4d1164e6,10,1.0
f8df2105dfa5b095366fec2a90d802d6be6d1e2c,build51,MB29874,c6a67bcc6433546d8ede05ca6b05e089509d27ed,7cc042e01ac7e57de362ae777017d3e1b727c9f0,5,1.0
f8df2105dfa5b095366fec2a90d802d6be6d1e2c,build51,MB30758,c6a67bcc6433546d8ede05ca6b05e089509d27ed,61c2291042151124f703bb567c32ab30fda22360,14,1.0
f8df2105dfa5b095366fec2a90d802d6be6d1e2c,build51,antique_furniture_item_18,c6a67bcc6433546d8ede05ca6b05e089509d27ed,bad9c53885fbc5be5a358b2ae742704b9f280dfa,11,1.0
f8df2105dfa5b095366fec2a90d802d6be6d1e2c,build51,dromedary,c6a67bcc6433546d8ede05ca6b05e089509d27ed,d47c3fb53513386e01d13c19f771ca5eb0f7da90,9,1.0
f8df2105dfa5b095366fec2a90d802d6be6d1e2c,build51,flarenut_spanner,c6a67bcc6433546d8ede05ca6b05e089509d27ed,3b87ec5ffc07c08a35116928a8b6ffb64390e0a4,7,1.0
f8df2105dfa5b095366fec2a90d802d6be6d1e2c,build51,interior_details_103_4,c6a67bcc6433546d8ede05ca6b05e089509d27ed,6c726f0ba025cab6490df5c05a6c436be87205ad,17,1.0
f8df2105dfa5b095366fec2a90d802d6be6d1e2c,build51,interior_details_130_2,c6a67bcc6433546d8ede05ca6b05e089509d27ed,f730e2fab41495e73bf0e665266a51a692d1ca54,23,1.0
f8df2105dfa5b095366fec2a90d802d6be6d1e2c,build51,lo_poly_animal_BEAR_BLK,c6a67bcc6433546d8ede05ca6b05e089509d27ed,3c6c194cc864f2a655446efa548eef153a393618,11,1.0
f8df2105dfa5b095366fec2a90d802d6be6d1e2c,build51,lo_poly_animal_CHICKDEE,c6a67bcc6433546d8ede05ca6b05e089509d27ed,b95b95002cc603d8b4aec4836d1edc6b1f129efb,10,0.9
f8df2105dfa5b095366fec2a90d802d6be6d1e2c,build51,lo_poly_animal_ELE_AS1,c6a67bcc6433546d8ede05ca6b05e089509d27ed,41313a938cb781cbd60a6870530e116a9d98e48c,14,0.9285714285714286
f8df2105dfa5b095366fec2a90d802d6be6d1e2c,build51,lo_poly_animal_RHINO_2,c6a67bcc6433546d8ede05ca6b05e089509d27ed,b87e834ba5e263774477edc6fc956070795ab1b6,10,1.0
f8df2105dfa5b095366fec2a90d802d6be6d1e2c,build51,lo_poly_animal_TRANTULA,c6a67bcc6433546d8ede05ca6b05e089509d27ed,8f14ff8cf138e89d90211a7811968af08d4d7098,16,1.0
f8df2105dfa5b095366fec2a90d802d6be6d1e2c,build51,weimaraner,c6a67bcc6433546d8ede05ca6b05e089509d27ed,4f263a161cdd009ff7f9aa88ed9be2b852772142,7,1.0
f8df2105dfa5b095366fec2a90d802d6be6d1e2c,build51,womens_shorts_01M,c6a67bcc6433546d8ede05ca6b05e089509d27ed,66c09717173c555eced9e7a167f405b7d08ab18f,13,1.0
f8df2105dfa5b095366fec2a90d802d6be6d1e2c,build51,womens_stockings_01M,c6a67bcc6433546d8ede05ca6b05e089509d27ed,7ed95b3ba88443ed63f25ffe0b5fb52d78dab676,13,1.0
f8df2105dfa5b095366fec2a90d802d6be6d1e2c,build51,zebra,c6a67bcc6433546d8ede05ca6b05e089509d27ed,21afbd503b5d4f9c399c4a66baef6bd6e894715f,36,1.0
f9d520761dd02e3b867618279ab8131bef65b84f,MB30758,22_acoustic_guitar,61c2291042151124f703bb567c32ab30fda22360,b17c9b116f73af5e54e294b1362187bb666a1737,16,1.0
f9d520761dd02e3b867618279ab8131bef65b84f,MB30758,Hanger_02,61c2291042151124f703bb567c32ab30fda22360,2ef7b8f76464ac15cea9c2eaf23bfb992cfa8a20,7,1.0
f9d520761dd02e3b867618279ab8131bef65b84f,MB30758,MB28699,61c2291042151124f703bb567c32ab30fda22360,ee36e4d66958199793add93da479822f4d1164e6,14,0.9285714285714286
f9d520761dd02e3b867618279ab8131bef65b84f,MB30758,MB29874,61c2291042151124f703bb567c32ab30fda22360,7cc042e01ac7e57de362ae777017d3e1b727c9f0,12,0.9166666666666666
f9d520761dd02e3b867618279ab8131bef65b84f,MB30758,MB30203,61c2291042151124f703bb567c32ab30fda22360,e6e0c7209f8a7908c49f803651f7382e3a2e75c5,7,1.0
f9d520761dd02e3b867618279ab8131bef65b84f,MB30758,antique_furniture_item_18,61c2291042151124f703bb567c32ab30fda22360,bad9c53885fbc5be5a358b2ae742704b9f280dfa,12,0.9166666666666666
f9d520761dd02e3b867618279ab8131bef65b84f,MB30758,build51,61c2291042151124f703bb567c32ab30fda22360,c6a67bcc6433546d8ede05ca6b05e089509d27ed,15,0.6666666666666666
f9d520761dd02e3b867618279ab8131bef65b84f,MB30758,calc01,61c2291042151124f703bb567c32ab30fda22360,1858def1a1ecf0e1de87fdbb649b8586cd9210fb,15,0.9333333333333333
f9d520761dd02e3b867618279ab8131bef65b84f,MB30758,dromedary,61c2291042151124f703bb567c32ab30fda22360,d47c3fb53513386e01d13c19f771ca5eb0f7da90,9,1.0
f9d520761dd02e3b867618279ab8131bef65b84f,MB30758,flarenut_spanner,61c2291042151124f703bb567c32ab30fda22360,3b87ec5ffc07c08a35116928a8b6ffb64390e0a4,5,1.0
f9d520761dd02e3b867618279ab8131bef65b84f,MB30758,interior_details_130_2,61c2291042151124f703bb567c32ab30fda22360,f730e2fab41495e73bf0e665266a51a692d1ca54,8,1.0
f9d520761dd02e3b867618279ab8131bef65b84f,MB30758,lo_poly_animal_BEAR_BLK,61c2291042151124f703bb567c32ab30fda22360,3c6c194cc864f2a655446efa548eef153a393618,16,1.0
f9d520761dd02e3b867618279ab8131bef65b84f,MB30758,lo_poly_animal_CHICKDEE,61c2291042151124f703bb567c32ab30fda22360,b95b95002cc603d8b4aec4836d1edc6b1f129efb,9,0.8888888888888888
f9d520761dd02e3b867618279ab8131bef65b84f,MB30758,lo_poly_animal_ELE_AS1,61c2291042151124f703bb567c32ab30fda22360,41313a938cb781cbd60a6870530e116a9d98e48c,6,0.8333333333333334
f9d520761dd02e3b867618279ab8131bef65b84f,MB30758,lo_poly_animal_RHINO_2,61c2291042151124f703bb567c32ab30fda22360,b87e834ba5e263774477edc6fc956070795ab1b6,4,0.5
f9d520761dd02e3b867618279ab8131bef65b84f,MB30758,lo_poly_animal_TRANTULA,61c2291042151124f703bb567c32ab30fda22360,8f14ff8cf138e89d90211a7811968af08d4d7098,9,0.8888888888888888
f9d520761dd02e3b867618279ab8131bef65b84f,MB30758,weimaraner,61c2291042151124f703bb567c32ab30fda22360,4f263a161cdd009ff7f9aa88ed9be2b852772142,11,1.0
f9d520761dd02e3b867618279ab8131bef65b84f,MB30758,womens_shorts_01M,61c2291042151124f703bb567c32ab30fda22360,66c09717173c555eced9e7a167f405b7d08ab18f,13,0.8461538461538461
f9d520761dd02e3b867618279ab8131bef65b84f,MB30758,womens_stockings_01M,61c2291042151124f703bb567c32ab30fda22360,7ed95b3ba88443ed63f25ffe0b5fb52d78dab676,12,1.0
f9d520761dd02e3b867618279ab8131bef65b84f,MB30758,zebra,61c2291042151124f703bb567c32ab30fda22360,21afbd503b5d4f9c399c4a66baef6bd6e894715f,10,0.8
f9e11f7518bbd28fd0ac1ca62417fcd973d963e1,womens_stockings_01M,22_acoustic_guitar,7ed95b3ba88443ed63f25ffe0b5fb52d78dab676,b17c9b116f73af5e54e294b1362187bb666a1737,6,1.0
f9e11f7518bbd28fd0ac1ca62417fcd973d963e1,womens_stockings_01M,Hanger_02,7ed95b3ba88443ed63f25ffe0b5fb52d78dab676,2ef7b8f76464ac15cea9c2eaf23bfb992cfa8a20,8,0.875
f9e11f7518bbd28fd0ac1ca62417fcd973d963e1,womens_stockings_01M,MB27346,7ed95b3ba88443ed63f25ffe0b5fb52d78dab676,f3b1fb66463bf84b593dad9fd1028aa8db6f3720,18,0.8888888888888888
f9e11f7518bbd28fd0ac1ca62417fcd973d963e1,womens_stockings_01M,MB28699,7ed95b3ba88443ed63f25ffe0b5fb52d78dab676,ee36e4d66958199793add93da479822f4d1164e6,8,1.0
f9e11f7518bbd28fd0ac1ca62417fcd973d963e1,womens_stockings_01M,MB29874,7ed95b3ba88443ed63f25ffe0b5fb52d78dab676,7cc042e01ac7e57de362ae777017d3e1b727c9f0,14,0.8571428571428571
f9e11f7518bbd28fd0ac1ca62417fcd973d963e1,womens_stockings_01M,MB30203,7ed95b3ba88443ed63f25ffe0b5fb52d78dab676,e6e0c7209f8a7908c49f803651f7382e3a2e75c5,12,1.0
f9e11f7518bbd28fd0ac1ca62417fcd973d963e1,womens_stockings_01M,MB30758,7ed95b3ba88443ed63f25ffe0b5fb52d78dab676,61c2291042151124f703bb567c32ab30fda22360,14,1.0
f9e11f7518bbd28fd0ac1ca62417fcd973d963e1,womens_stockings_01M,antique_furniture_item_18,7ed95b3ba88443ed63f25ffe0b5fb52d78dab676,bad9c53885fbc5be5a358b2ae742704b9f280dfa,11,0.7272727272727273
f9e11f7518bbd28fd0ac1ca62417fcd973d963e1,womens_stockings_01M,build51,7ed95b3ba88443ed63f25ffe0b5fb52d78dab676,c6a67bcc6433546d8ede05ca6b05e089509d27ed,19,0.9473684210526315
f9e11f7518bbd28fd0ac1ca62417fcd973d963e1,womens_stockings_01M,calc01,7ed95b3ba88443ed63f25ffe0b5fb52d78dab676,1858def1a1ecf0e1de87fdbb649b8586cd9210fb,15,0.8666666666666667
f9e11f7518bbd28fd0ac1ca62417fcd973d963e1,womens_stockings_01M,dromedary,7ed95b3ba88443ed63f25ffe0b5fb52d78dab676,d47c3fb53513386e01d13c19f771ca5eb0f7da90,18,1.0
f9e11f7518bbd28fd0ac1ca62417fcd973d963e1,womens_stockings_01M,flarenut_spanner,7ed95b3ba88443ed63f25ffe0b5fb52d78dab676,3b87ec5ffc07c08a35116928a8b6ffb64390e0a4,10,1.0
f9e11f7518bbd28fd0ac1ca62417fcd973d963e1,womens_stockings_01M,interior_details_103_4,7ed95b3ba88443ed63f25ffe0b5fb52d78dab676,6c726f0ba025cab6490df5c05a6c436be87205ad,20,1.0
f9e11f7518bbd28fd0ac1ca62417fcd973d963e1,womens_stockings_01M,interior_details_130_2,7ed95b3ba88443ed63f25ffe0b5fb52d78dab676,f730e2fab41495e73bf0e665266a51a692d1ca54,9,0.8888888888888888
f9e11f7518bbd28fd0ac1ca62417fcd973d963e1,womens_stockings_01M,kitchen_equipment_knife2,7ed95b3ba88443ed63f25ffe0b5fb52d78dab676,4c406e5b2db8e63397199570ff59e65caeca5775,20,1.0
f9e11f7518bbd28fd0ac1ca62417fcd973d963e1,womens_stockings_01M,lo_poly_animal_BEAR_BLK,7ed95b3ba88443ed63f25ffe0b5fb52d78dab676,3c6c194cc864f2a655446efa548eef153a393618,11,0.6363636363636364
f9e11f7518bbd28fd0ac1ca62417fcd973d963e1,womens_stockings_01M,lo_poly_animal_CHICKDEE,7ed95b3ba88443ed63f25ffe0b5fb52d78dab676,b95b95002cc603d8b4aec4836d1edc6b1f129efb,6,1.0
f9e11f7518bbd28fd0ac1ca62417fcd973d963e1,womens_stockings_01M,lo_poly_animal_ELE_AS1,7ed95b3ba88443ed63f25ffe0b5fb52d78dab676,41313a938cb781cbd60a6870530e116a9d98e48c,10,0.9
f9e11f7518bbd28fd0ac1ca62417fcd973d963e1,womens_stockings_01M,lo_poly_animal_RHINO_2,7ed95b3ba88443ed63f25ffe0b5fb52d78dab676,b87e834ba5e263774477edc6fc956070795ab1b6,7,0.8571428571428571
f9e11f7518bbd28fd0ac1ca62417fcd973d963e1,womens_stockings_01M,lo_poly_animal_TRANTULA,7ed95b3ba88443ed63f25ffe0b5fb52d78dab676,8f14ff8cf138e89d90211a7811968af08d4d7098,12,1.0
f9e11f7518bbd28fd0ac1ca62417fcd973d963e1,womens_stockings_01M,weimaraner,7ed95b3ba88443ed63f25ffe0b5fb52d78dab676,4f263a161cdd009ff7f9aa88ed9be2b852772142,19,0.9473684210526315
f9e11f7518bbd28fd0ac1ca62417fcd973d963e1,womens_stockings_01M,womens_shorts_01M,7ed95b3ba88443ed63f25ffe0b5fb52d78dab676,66c09717173c555eced9e7a167f405b7d08ab18f,24,1.0
f9e11f7518bbd28fd0ac1ca62417fcd973d963e1,womens_stockings_01M,zebra,7ed95b3ba88443ed63f25ffe0b5fb52d78dab676,21afbd503b5d4f9c399c4a66baef6bd6e894715f,11,0.9090909090909091
fb3ac116ec58d6ee2928aa543d879d704c315be1,dromedary,22_acoustic_guitar,d47c3fb53513386e01d13c19f771ca5eb0f7da90,b17c9b116f73af5e54e294b1362187bb666a1737,7,1.0
fb3ac116ec58d6ee2928aa543d879d704c315be1,dromedary,Hanger_02,d47c3fb53513386e01d13c19f771ca5eb0f7da90,2ef7b8f76464ac15cea9c2eaf23bfb992cfa8a20,18,1.0
fb3ac116ec58d6ee2928aa543d879d704c315be1,dromedary,MB28699,d47c3fb53513386e01d13c19f771ca5eb0f7da90,ee36e4d66958199793add93da479822f4d1164e6,11,1.0
fb3ac116ec58d6ee2928aa543d879d704c315be1,dromedary,MB29874,d47c3fb53513386e01d13c19f771ca5eb0f7da90,7cc042e01ac7e57de362ae777017d3e1b727c9f0,5,0.8
fb3ac116ec58d6ee2928aa543d879d704c315be1,dromedary,MB30203,d47c3fb53513386e01d13c19f771ca5eb0f7da90,e6e0c7209f8a7908c49f803651f7382e3a2e75c5,10,1.0
fb3ac116ec58d6ee2928aa543d879d704c315be1,dromedary,MB30758,d47c3fb53513386e01d13c19f771ca5eb0f7da90,61c2291042151124f703bb567c32ab30fda22360,7,1.0
fb3ac116ec58d6ee2928aa543d879d704c315be1,dromedary,build51,d47c3fb53513386e01d13c19f771ca5eb0f7da90,c6a67bcc6433546d8ede05ca6b05e089509d27ed,15,1.0
fb3ac116ec58d6ee2928aa543d879d704c315be1,dromedary,calc01,d47c3fb53513386e01d13c19f771ca5eb0f7da90,1858def1a1ecf0e1de87fdbb649b8586cd9210fb,19,0.9473684210526315
fb3ac116ec58d6ee2928aa543d879d704c315be1,dromedary,flarenut_spanner,d47c3fb53513386e01d13c19f771ca5eb0f7da90,3b87ec5ffc07c08a35116928a8b6ffb64390e0a4,11,1.0
fb3ac116ec58d6ee2928aa543d879d704c315be1,dromedary,interior_details_103_4,d47c3fb53513386e01d13c19f771ca5eb0f7da90,6c726f0ba025cab6490df5c05a6c436be87205ad,14,1.0
fb3ac116ec58d6ee2928aa543d879d704c315be1,dromedary,interior_details_130_2,d47c3fb53513386e01d13c19f771ca5eb0f7da90,f730e2fab41495e73bf0e665266a51a692d1ca54,14,1.0
fb3ac116ec58d6ee2928aa543d879d704c315be1,dromedary,kitchen_equipment_knife2,d47c3fb53513386e01d13c19f771ca5eb0f7da90,4c406e5b2db8e63397199570ff59e65caeca5775,6,1.0
fb3ac116ec58d6ee2928aa543d879d704c315be1,dromedary,lo_poly_animal_CHICKDEE,d47c3fb53513386e01d13c19f771ca5eb0f7da90,b95b95002cc603d8b4aec4836d1edc6b1f129efb,4,1.0
fb3ac116ec58d6ee2928aa543d879d704c315be1,dromedary,lo_poly_animal_ELE_AS1,d47c3fb53513386e01d13c19f771ca5eb0f7da90,41313a938cb781cbd60a6870530e116a9d98e48c,7,0.8571428571428571
fb3ac116ec58d6ee2928aa543d879d704c315be1,dromedary,lo_poly_animal_RHINO_2,d47c3fb53513386e01d13c19f771ca5eb0f7da90,b87e834ba5e263774477edc6fc956070795ab1b6,6,0.6666666666666666
fb3ac116ec58d6ee2928aa543d879d704c315be1,dromedary,weimaraner,d47c3fb53513386e01d13c19f771ca5eb0f7da90,4f263a161cdd009ff7f9aa88ed9be2b852772142,12,0.9166666666666666
fb3ac116ec58d6ee2928aa543d879d704c315be1,dromedary,womens_shorts_01M,d47c3fb53513386e01d13c19f771ca5eb0f7da90,66c09717173c555eced9e7a167f405b7d08ab18f,9,1.0
fb3ac116ec58d6ee2928aa543d879d704c315be1,dromedary,womens_stockings_01M,d47c3fb53513386e01d13c19f771ca5eb0f7da90,7ed95b3ba88443ed63f25ffe0b5fb52d78dab676,9,1.0
